<measure>
  <schema_version>3.0</schema_version>
  <name>process_constructions_garage_roof</name>
  <uid>bd1dcb8e-0d18-4ef0-8a52-cbef02ae9f4a</uid>
  <version_id>24439367-e699-472b-931b-e5ddf4168828</version_id>
  <xml_checksum>1E963D9C</xml_checksum>
  <class_name>ProcessConstructionsGarageRoof</class_name>
  <display_name>Assign Residential Garage Roof Construction</display_name>
  <description>This measure assigns a construction to the garage roof.</description>
  <modeler_description>Calculates material layer properties of uninsulated, unfinished, stud and air constructions for the garage roof. Finds surfaces adjacent to the garage and sets applicable constructions.</modeler_description>
  <arguments>
    <argument>
      <name>userdefinedhasradiantbarrier</name>
      <display_name>Has Radiant Barrier</display_name>
      <description>Layers of reflective material used to reduce heat transfer between the attic roof and the ceiling insulation and ductwork (if present).</description>
      <type>Boolean</type>
      <required>false</required>
      <model_dependent>false</model_dependent>
      <default_value>false</default_value>
      <choices>
        <choice>
          <value>true</value>
          <display_name>true</display_name>
        </choice>
        <choice>
          <value>false</value>
          <display_name>false</display_name>
        </choice>
      </choices>
    </argument>
    <argument>
      <name>userdefinedroofmatthermalabs</name>
      <display_name>Roof Material: Emissivity</display_name>
      <description>Infrared emissivity of the outside surface of the roof.</description>
      <type>Double</type>
      <required>false</required>
      <model_dependent>false</model_dependent>
      <default_value>0.91</default_value>
    </argument>
    <argument>
      <name>userdefinedroofmatabs</name>
      <display_name>Roof Material: Absorptivity</display_name>
      <description>The solar radiation absorptance of the outside roof surface, specified as a value between 0 and 1.</description>
      <type>Double</type>
      <required>false</required>
      <model_dependent>false</model_dependent>
      <default_value>0.85</default_value>
    </argument>
    <argument>
      <name>garage_space_type</name>
      <display_name>Garage space type</display_name>
      <description>Select the garage space type</description>
      <type>Choice</type>
      <required>true</required>
      <model_dependent>false</model_dependent>
      <default_value>garage</default_value>
      <choices>
        <choice>
          <value>garage</value>
          <display_name>garage</display_name>
        </choice>
      </choices>
    </argument>
  </arguments>
  <provenances/>
  <tags>
    <tag>Envelope.Opaque</tag>
  </tags>
  <attributes>
    <attribute>
      <name>Measure Type</name>
      <value>ModelMeasure</value>
      <datatype>string</datatype>
    </attribute>
    <attribute>
      <name>Uses SketchUp API</name>
      <value>false</value>
      <datatype>boolean</datatype>
    </attribute>
  </attributes>
  <files>
    <file>
      <filename>ProcessConstructionsGarageRoof_Test.rb</filename>
      <filetype>rb</filetype>
      <usage_type>test</usage_type>
      <checksum>250FD039</checksum>
    </file>
    <file>
      <filename>psychrometrics.rb</filename>
      <filetype>rb</filetype>
      <usage_type>resource</usage_type>
      <checksum>8D4B8CEF</checksum>
    </file>
    <file>
      <filename>unit_conversions.rb</filename>
      <filetype>rb</filetype>
      <usage_type>resource</usage_type>
      <checksum>058A19F9</checksum>
    </file>
    <file>
      <filename>weather.rb</filename>
      <filetype>rb</filetype>
      <usage_type>resource</usage_type>
      <checksum>030F203D</checksum>
    </file>
    <file>
      <filename>sim.rb</filename>
      <filetype>rb</filetype>
      <usage_type>resource</usage_type>
      <checksum>27253A02</checksum>
    </file>
    <file>
      <filename>util.rb</filename>
      <filetype>rb</filetype>
      <usage_type>resource</usage_type>
      <checksum>913669E3</checksum>
    </file>
    <file>
      <version>
        <software_program>OpenStudio</software_program>
        <identifier>1.4.0</identifier>
        <min_compatible>1.4.0</min_compatible>
      </version>
      <filename>measure.rb</filename>
      <filetype>rb</filetype>
      <usage_type>script</usage_type>
      <checksum>F1CE3539</checksum>
    </file>
    <file>
      <filename>constants.rb</filename>
      <filetype>rb</filetype>
      <usage_type>resource</usage_type>
      <checksum>3E621BBD</checksum>
    </file>
  </files>
</measure>
