{
  "classname": "ProcessAirSourceHeatPump",
  "name": "process_air_source_heat_pump",
  "display_name": "Process Air Source Heat Pump",
  "measure_type": "RubyMeasure",
  "arguments": [
    {
      "local_variable": "selected_living",
      "variable_type": "Choice",
      "name": "selectedliving",
      "display_name": "Which is the living space zone",
      "units": null,
      "description": null,
      "choices": [

      ]
    },
    {
      "local_variable": "selected_fbsmt",
      "variable_type": "Choice",
      "name": "selectedfbsmt",
      "display_name": "Which is the finished basement zone",
      "units": null,
      "description": null,
      "choices": [

      ]
    },
    {
      "local_variable": "selected_hp",
      "variable_type": "Choice",
      "name": "selectedhp",
      "display_name": "Air source heat pump option",
      "units": null,
      "description": null,
      "default_value": "SEER 13, 7.7 HSPF",
      "choices": [
        "SEER 8, 6.0 HSPF",
        "SEER 10, 6.2 HSPF",
        "SEER 13, 7.7 HSPF",
        "SEER 14, 8.2 HSPF",
        "SEER 15, 8.5 HSPF",
        "SEER 16, 8.6 HSPF",
        "SEER 17, 8.7 HSPF",
        "SEER 18, 9.3 HSPF",
        "SEER 19, 9.5 HSPF",
        "SEER 22, 10 HSPF"
      ]
    },
    {
      "local_variable": "selected_hpcap",
      "variable_type": "Choice",
      "name": "selectedhpcap",
      "display_name": "Cooling/Heating Output Capacity",
      "units": null,
      "description": null,
      "default_value": "Autosize",
      "choices": [
        "Autosize",
        "#{tons} tons",
        "Autosize",
        "#{kbtu} kBtu/hr"
      ]
    },
    {
      "local_variable": "selected_supcap",
      "variable_type": "Choice",
      "name": "selectedsupcap",
      "display_name": "Supplemental Heating Output Capacity",
      "units": null,
      "description": null,
      "default_value": "Autosize",
      "choices": [
        "Autosize",
        "#{tons} tons",
        "Autosize",
        "#{kbtu} kBtu/hr"
      ]
    }
  ],
  "name_xml": "process_air_source_heat_pump",
  "uid": "9f709cf6-cf55-4bb3-8087-7a5c5a98aa7c",
  "version_id": "1a60c5d1-cbf2-4089-a07b-a672dd72029d",
  "modeler_description": "This measure parses the OSM for the HeatingSeasonSchedule and CoolingSeasonSchedule. Any supply components or baseboard convective electrics are removed from any existing air loops or zones. Any existing air loops are also removed. A heating DX coil, cooling DX coil, electric supplemental heating coil, and an on/off supply fan are added to a unitary air loop. The unitary air loop is added to the supply inlet node of the air loop. This air loop is added to a branch for the living zone. A single zone reheat setpoint manager is added to the supply outlet node, and a diffuser is added to the branch for the living zone as well as for the finished basement if it exists.",
  "description": "This measure removes any existing HVAC components from the building and adds an air source heat pump along with an on/off supply fan to a unitary air loop.",
  "tags": [
    "HVAC.Heating"
  ]
}