<measure>
  <schema_version>3.0</schema_version>
  <name>process_heatingand_cooling_setpoints</name>
  <uid>2b167665-f760-462d-8c9d-1d909da7b628</uid>
  <version_id>b9b34e28-6f7a-4369-aa5f-1fad940f75ed</version_id>
  <version_modified>20160520T154859Z</version_modified>
  <xml_checksum>2C877DEB</xml_checksum>
  <class_name>ProcessHeatingandCoolingSetpoints</class_name>
  <display_name>Set Residential Heating/Cooling Setpoints and Schedules</display_name>
  <description>This measure creates the heating season and cooling season schedules based on weather data, and the heating setpoint and cooling setpoint schedules.</description>
  <modeler_description>This measure creates HeatingSeasonSchedule and CoolingSeasonSchedule ruleset objects. Schedule values are populated based on information contained in the EPW file. This measure also creates HeatingSetPoint and CoolingSetPoint ruleset objects. Schedule values are populated based on information input by the user as well as contained in the HeatingSeasonSchedule and CoolingSeasonSchedule. The heating and cooling setpoint schedules are added to the living zone's thermostat.</modeler_description>
  <arguments>
    <argument>
      <name>htg_wkdy</name>
      <display_name>Weekday Heating Setpoint Schedule</display_name>
      <description>Specify the 24-hour weekday heating schedule.</description>
      <type>String</type>
      <units>degrees F</units>
      <required>true</required>
      <model_dependent>false</model_dependent>
      <default_value>65.0, 65.0, 65.0, 65.0, 65.0, 65.0, 71.0, 71.0, 71.0, 71.0, 71.0, 71.0, 71.0, 71.0, 71.0, 71.0, 71.0, 71.0, 71.0, 71.0, 71.0, 71.0, 71.0, 65.0,</default_value>
    </argument>
    <argument>
      <name>htg_wked</name>
      <display_name>Weekend Heating Setpoint Schedule</display_name>
      <description>Specify the 24-hour weekend heating schedule.</description>
      <type>String</type>
      <units>degrees F</units>
      <required>true</required>
      <model_dependent>false</model_dependent>
      <default_value>65.0, 65.0, 65.0, 65.0, 65.0, 65.0, 71.0, 71.0, 71.0, 71.0, 71.0, 71.0, 71.0, 71.0, 71.0, 71.0, 71.0, 71.0, 71.0, 71.0, 71.0, 71.0, 71.0, 65.0,</default_value>
    </argument>
    <argument>
      <name>clg_wkdy</name>
      <display_name>Weekday Cooling Setpoint Schedule</display_name>
      <description>Specify the 24-hour weekday cooling schedule.</description>
      <type>String</type>
      <units>degrees F</units>
      <required>true</required>
      <model_dependent>false</model_dependent>
      <default_value>76.0, 76.0, 76.0, 76.0, 76.0, 76.0, 76.0, 76.0, 76.0, 85.0, 85.0, 85.0, 85.0, 85.0, 85.0, 85.0, 85.0, 76.0, 76.0, 76.0, 76.0, 76.0, 76.0, 76.0</default_value>
    </argument>
    <argument>
      <name>clg_wked</name>
      <display_name>Weekend Cooling Setpoint Schedule</display_name>
      <description>Specify the 24-hour weekend cooling schedule.</description>
      <type>String</type>
      <units>degrees F</units>
      <required>true</required>
      <model_dependent>false</model_dependent>
      <default_value>76.0, 76.0, 76.0, 76.0, 76.0, 76.0, 76.0, 76.0, 76.0, 85.0, 85.0, 85.0, 85.0, 85.0, 85.0, 85.0, 85.0, 76.0, 76.0, 76.0, 76.0, 76.0, 76.0, 76.0</default_value>
    </argument>
    <argument>
      <name>selectedheating</name>
      <display_name>Has Heating Equipment</display_name>
      <description>Indicates whether the house has heating equipment.</description>
      <type>Boolean</type>
      <required>false</required>
      <model_dependent>false</model_dependent>
      <default_value>true</default_value>
      <choices>
        <choice>
          <value>true</value>
          <display_name>true</display_name>
        </choice>
        <choice>
          <value>false</value>
          <display_name>false</display_name>
        </choice>
      </choices>
    </argument>
    <argument>
      <name>selectedcooling</name>
      <display_name>Has Cooling Equipment</display_name>
      <description>Indicates whether the house has cooling equipment.</description>
      <type>Boolean</type>
      <required>false</required>
      <model_dependent>false</model_dependent>
      <default_value>true</default_value>
      <choices>
        <choice>
          <value>true</value>
          <display_name>true</display_name>
        </choice>
        <choice>
          <value>false</value>
          <display_name>false</display_name>
        </choice>
      </choices>
    </argument>
  </arguments>
  <provenances/>
  <tags>
    <tag>HVAC.HVAC Controls</tag>
  </tags>
  <attributes>
    <attribute>
      <name>Measure Type</name>
      <value>ModelMeasure</value>
      <datatype>string</datatype>
    </attribute>
    <attribute>
      <name>Uses SketchUp API</name>
      <value>false</value>
      <datatype>boolean</datatype>
    </attribute>
  </attributes>
  <files>
    <file>
      <filename>ProcessHeatingandCoolingSetpoints_Test.rb</filename>
      <filetype>rb</filetype>
      <usage_type>test</usage_type>
      <checksum>7C73784F</checksum>
    </file>
    <file>
      <filename>unit_conversions.rb</filename>
      <filetype>rb</filetype>
      <usage_type>resource</usage_type>
      <checksum>DCBEF242</checksum>
    </file>
    <file>
      <filename>psychrometrics.rb</filename>
      <filetype>rb</filetype>
      <usage_type>resource</usage_type>
      <checksum>640596F1</checksum>
    </file>
    <file>
      <filename>util.rb</filename>
      <filetype>rb</filetype>
      <usage_type>resource</usage_type>
      <checksum>D4E9327D</checksum>
    </file>
    <file>
      <filename>geometry.rb</filename>
      <filetype>rb</filetype>
      <usage_type>resource</usage_type>
      <checksum>0A49920B</checksum>
    </file>
    <file>
      <version>
        <software_program>OpenStudio</software_program>
        <identifier>1.4.0</identifier>
        <min_compatible>1.4.0</min_compatible>
      </version>
      <filename>measure.rb</filename>
      <filetype>rb</filetype>
      <usage_type>script</usage_type>
      <checksum>24577FE8</checksum>
    </file>
    <file>
      <filename>weather.rb</filename>
      <filetype>rb</filetype>
      <usage_type>resource</usage_type>
      <checksum>52EC8CAE</checksum>
    </file>
    <file>
      <filename>schedules.rb</filename>
      <filetype>rb</filetype>
      <usage_type>resource</usage_type>
      <checksum>056321B5</checksum>
    </file>
    <file>
      <filename>constants.rb</filename>
      <filetype>rb</filetype>
      <usage_type>resource</usage_type>
      <checksum>2D59FB8C</checksum>
    </file>
  </files>
</measure>
