<measure>
  <schema_version>3.0</schema_version>
  <name>urban_building_type</name>
  <uid>df81b2ab-8dca-484f-9016-8e6fe3e13cb6</uid>
  <version_id>ed97b4bb-77af-4bf5-b089-9e4ad0af1ed7</version_id>
  <xml_checksum>28AD5222</xml_checksum>
  <class_name>UrbanBuildingType</class_name>
  <display_name>Urban Building Type</display_name>
  <description>This measure addings space type, constructions, and schedules as well as HVAC systems based on building type.</description>
  <modeler_description></modeler_description>
  <arguments>
    <argument>
      <name>cooling_source</name>
      <display_name>Cooling source to model</display_name>
      <type>Choice</type>
      <required>true</required>
      <model_dependent>false</model_dependent>
      <default_value>Electric</default_value>
      <choices>
        <choice>
          <value>Electric</value>
          <display_name>Electric</display_name>
        </choice>
        <choice>
          <value>District Chilled Water</value>
          <display_name>District Chilled Water</display_name>
        </choice>
        <choice>
          <value>District Ambient Water</value>
          <display_name>District Ambient Water</display_name>
        </choice>
      </choices>
    </argument>
    <argument>
      <name>heating_source</name>
      <display_name>Heating source to model</display_name>
      <type>Choice</type>
      <required>true</required>
      <model_dependent>false</model_dependent>
      <default_value>Gas</default_value>
      <choices>
        <choice>
          <value>Gas</value>
          <display_name>Gas</display_name>
        </choice>
        <choice>
          <value>Electric</value>
          <display_name>Electric</display_name>
        </choice>
        <choice>
          <value>District Hot Water</value>
          <display_name>District Hot Water</display_name>
        </choice>
        <choice>
          <value>District Ambient Water</value>
          <display_name>District Ambient Water</display_name>
        </choice>
      </choices>
    </argument>
  </arguments>
  <provenances/>
  <tags>
    <tag>Whole Building.Space Types</tag>
  </tags>
  <attributes>
    <attribute>
      <name>Measure Type</name>
      <value>ModelMeasure</value>
      <datatype>string</datatype>
    </attribute>
    <attribute>
      <name>Intended Software Tool</name>
      <value>Apply Measure Now</value>
      <datatype>string</datatype>
    </attribute>
    <attribute>
      <name>Intended Software Tool</name>
      <value>OpenStudio Application</value>
      <datatype>string</datatype>
    </attribute>
    <attribute>
      <name>Intended Software Tool</name>
      <value>Parametric Analysis Tool</value>
      <datatype>string</datatype>
    </attribute>
    <attribute>
      <name>Intended Software Tool</name>
      <value>Analysis Spreadsheet</value>
      <datatype>string</datatype>
    </attribute>
    <attribute>
      <name>Intended Use Case</name>
      <value>Model Articulation</value>
      <datatype>string</datatype>
    </attribute>
  </attributes>
  <files>
    <file>
      <filename>urban_building_type_test.rb</filename>
      <filetype>rb</filetype>
      <usage_type>test</usage_type>
      <checksum>FEE2CA0D</checksum>
    </file>
    <file>
      <filename>test_one_output.osm</filename>
      <filetype>osm</filetype>
      <usage_type>test</usage_type>
      <checksum>B1E02AE9</checksum>
    </file>
    <file>
      <filename>MinimalTemplate.osm</filename>
      <filetype>osm</filetype>
      <usage_type>resource</usage_type>
      <checksum>C48B2E8F</checksum>
    </file>
    <file>
      <filename>apply_commercial.rb</filename>
      <filetype>rb</filetype>
      <usage_type>resource</usage_type>
      <checksum>99560C39</checksum>
    </file>
    <file>
      <filename>measures.zip</filename>
      <filetype>zip</filetype>
      <usage_type>resource</usage_type>
      <checksum>F0945BA2</checksum>
    </file>
    <file>
      <filename>util.rb</filename>
      <filetype>rb</filetype>
      <usage_type>resource</usage_type>
      <checksum>BD6A9FD1</checksum>
    </file>
    <file>
      <filename>apply_residential.rb</filename>
      <filetype>rb</filetype>
      <usage_type>resource</usage_type>
      <checksum>2382D7AA</checksum>
    </file>
    <file>
      <version>
        <software_program>OpenStudio</software_program>
        <identifier>1.9.0</identifier>
        <min_compatible>1.9.0</min_compatible>
      </version>
      <filename>measure.rb</filename>
      <filetype>rb</filetype>
      <usage_type>script</usage_type>
      <checksum>CEBCE735</checksum>
    </file>
    <file>
      <filename>Prototype.AirTerminalSingleDuctVAVReheat.rb</filename>
      <filetype>rb</filetype>
      <usage_type>resource</usage_type>
      <checksum>76FF23E2</checksum>
    </file>
    <file>
      <filename>Prototype.hvac_systems.rb</filename>
      <filetype>rb</filetype>
      <usage_type>resource</usage_type>
      <checksum>802B1E6C</checksum>
    </file>
  </files>
</measure>
