<measure>
  <schema_version>3.0</schema_version>
  <name>process_constructions_walls_exterior_icf</name>
  <uid>41d87ab7-8f06-4b12-b0b6-61ccbe8887e3</uid>
  <version_id>2056a7b6-1a8c-4a59-bcaa-dd0c2a9dcb8b</version_id>
  <version_modified>20160516T194353Z</version_modified>
  <xml_checksum>2609226D</xml_checksum>
  <class_name>ProcessConstructionsWallsExteriorICF</class_name>
  <display_name>Set Residential Walls - ICF Construction</display_name>
  <description>This measure assigns an ICF construction to above-grade exterior walls adjacent to finished space.</description>
  <modeler_description>Calculates and assigns material layer properties of ICF constructions for above-grade walls between finished space and outside. If the walls have an existing construction, the layers (other than exterior finish, wall sheathing, and wall mass) are replaced. This measure is intended to be used in conjunction with Exterior Finish, Wall Sheathing, and Exterior Wall Mass measures.</modeler_description>
  <arguments>
    <argument>
      <name>userdefinedicfinsr</name>
      <display_name>Nominal Insulation R-value</display_name>
      <description>R-value of each insulating layer of the form.</description>
      <type>Double</type>
      <units>hr-ft^2-R/Btu</units>
      <required>true</required>
      <model_dependent>false</model_dependent>
      <default_value>10</default_value>
    </argument>
    <argument>
      <name>userdefinedicfinsthickness</name>
      <display_name>Insulation Thickness</display_name>
      <description>Thickness of each insulating layer of the form.</description>
      <type>Double</type>
      <units>in</units>
      <required>true</required>
      <model_dependent>false</model_dependent>
      <default_value>2</default_value>
    </argument>
    <argument>
      <name>userdefinedicfconcth</name>
      <display_name>Concrete Thickness</display_name>
      <description>The thickness of the concrete core of the ICF.</description>
      <type>Double</type>
      <units>in</units>
      <required>true</required>
      <model_dependent>false</model_dependent>
      <default_value>4</default_value>
    </argument>
    <argument>
      <name>userdefinedframingfrac</name>
      <display_name>Framing Factor</display_name>
      <description>Total fraction of the wall that is framing for windows or doors.</description>
      <type>Double</type>
      <units>frac</units>
      <required>true</required>
      <model_dependent>false</model_dependent>
      <default_value>0.076</default_value>
    </argument>
  </arguments>
  <provenances/>
  <tags>
    <tag>Envelope.Opaque</tag>
  </tags>
  <attributes>
    <attribute>
      <name>Measure Type</name>
      <value>ModelMeasure</value>
      <datatype>string</datatype>
    </attribute>
    <attribute>
      <name>Intended Software Tool</name>
      <value>Apply Measure Now</value>
      <datatype>string</datatype>
    </attribute>
    <attribute>
      <name>Intended Software Tool</name>
      <value>OpenStudio Application</value>
      <datatype>string</datatype>
    </attribute>
    <attribute>
      <name>Intended Software Tool</name>
      <value>Parametric Analysis Tool</value>
      <datatype>string</datatype>
    </attribute>
  </attributes>
  <files>
    <file>
      <filename>example_model.osm</filename>
      <filetype>osm</filetype>
      <usage_type>test</usage_type>
      <checksum>C4F35230</checksum>
    </file>
    <file>
      <filename>process_constructions_exterior_insulated_walls_icf_test.rb</filename>
      <filetype>rb</filetype>
      <usage_type>test</usage_type>
      <checksum>2A3D58AB</checksum>
    </file>
    <file>
      <version>
        <software_program>OpenStudio</software_program>
        <identifier>1.9.0</identifier>
        <min_compatible>1.9.0</min_compatible>
      </version>
      <filename>measure.rb</filename>
      <filetype>rb</filetype>
      <usage_type>script</usage_type>
      <checksum>F84738BD</checksum>
    </file>
    <file>
      <filename>util.rb</filename>
      <filetype>rb</filetype>
      <usage_type>resource</usage_type>
      <checksum>D4E9327D</checksum>
    </file>
    <file>
      <filename>constants.rb</filename>
      <filetype>rb</filetype>
      <usage_type>resource</usage_type>
      <checksum>A31A08D6</checksum>
    </file>
    <file>
      <filename>geometry.rb</filename>
      <filetype>rb</filetype>
      <usage_type>resource</usage_type>
      <checksum>0A49920B</checksum>
    </file>
  </files>
</measure>
