<measure>
  <schema_version>3.0</schema_version>
  <name>process_room_air_conditioner</name>
  <uid>eae61440-6574-4568-88d7-c735f9c3ea9f</uid>
  <version_id>1f0a4d32-fcd3-4000-bdfe-a8792cd3dd91</version_id>
  <version_modified>20160806T150905Z</version_modified>
  <xml_checksum>D48F381B</xml_checksum>
  <class_name>ProcessRoomAirConditioner</class_name>
  <display_name>Set Residential Room Air Conditioner</display_name>
  <description>This measure removes any existing HVAC cooling components from the building and adds a room air conditioner.</description>
  <modeler_description>Any cooling components are removed from any existing air loops or zones. Any existing air loops are also removed. An HVAC packaged terminal air conditioner is added to the living zone.</modeler_description>
  <arguments>
    <argument>
      <name>roomaceer</name>
      <display_name>EER</display_name>
      <description>This is a measure of the instantaneous energy efficiency of the cooling equipment.</description>
      <type>Double</type>
      <units>Btu/W-h</units>
      <required>true</required>
      <model_dependent>false</model_dependent>
      <default_value>8.5</default_value>
    </argument>
    <argument>
      <name>roomacshr</name>
      <display_name>Rated SHR</display_name>
      <description>The sensible heat ratio (ratio of the sensible portion of the load to the total load) at the nominal rated capacity.</description>
      <type>Double</type>
      <required>true</required>
      <model_dependent>false</model_dependent>
      <default_value>0.65</default_value>
    </argument>
    <argument>
      <name>roomacairflow</name>
      <display_name>Airflow</display_name>
      <type>Double</type>
      <units>cfm/ton</units>
      <required>true</required>
      <model_dependent>false</model_dependent>
      <default_value>350</default_value>
    </argument>
    <argument>
      <name>selectedaccap</name>
      <display_name>Cooling Output Capacity</display_name>
      <type>Choice</type>
      <required>true</required>
      <model_dependent>false</model_dependent>
      <default_value>autosize</default_value>
      <choices>
        <choice>
          <value>autosize</value>
          <display_name>autosize</display_name>
        </choice>
        <choice>
          <value>0.5 tons</value>
          <display_name>0.5 tons</display_name>
        </choice>
        <choice>
          <value>1.0 tons</value>
          <display_name>1.0 tons</display_name>
        </choice>
        <choice>
          <value>1.5 tons</value>
          <display_name>1.5 tons</display_name>
        </choice>
        <choice>
          <value>2.0 tons</value>
          <display_name>2.0 tons</display_name>
        </choice>
        <choice>
          <value>2.5 tons</value>
          <display_name>2.5 tons</display_name>
        </choice>
        <choice>
          <value>3.0 tons</value>
          <display_name>3.0 tons</display_name>
        </choice>
        <choice>
          <value>3.5 tons</value>
          <display_name>3.5 tons</display_name>
        </choice>
        <choice>
          <value>4.0 tons</value>
          <display_name>4.0 tons</display_name>
        </choice>
        <choice>
          <value>4.5 tons</value>
          <display_name>4.5 tons</display_name>
        </choice>
        <choice>
          <value>5.0 tons</value>
          <display_name>5.0 tons</display_name>
        </choice>
        <choice>
          <value>5.5 tons</value>
          <display_name>5.5 tons</display_name>
        </choice>
        <choice>
          <value>6.0 tons</value>
          <display_name>6.0 tons</display_name>
        </choice>
        <choice>
          <value>6.5 tons</value>
          <display_name>6.5 tons</display_name>
        </choice>
        <choice>
          <value>7.0 tons</value>
          <display_name>7.0 tons</display_name>
        </choice>
        <choice>
          <value>7.5 tons</value>
          <display_name>7.5 tons</display_name>
        </choice>
        <choice>
          <value>8.0 tons</value>
          <display_name>8.0 tons</display_name>
        </choice>
        <choice>
          <value>8.5 tons</value>
          <display_name>8.5 tons</display_name>
        </choice>
        <choice>
          <value>9.0 tons</value>
          <display_name>9.0 tons</display_name>
        </choice>
        <choice>
          <value>9.5 tons</value>
          <display_name>9.5 tons</display_name>
        </choice>
        <choice>
          <value>10.0 tons</value>
          <display_name>10.0 tons</display_name>
        </choice>
      </choices>
    </argument>
  </arguments>
  <provenances/>
  <tags>
    <tag>HVAC.Cooling</tag>
  </tags>
  <attributes>
    <attribute>
      <name>Measure Type</name>
      <value>ModelMeasure</value>
      <datatype>string</datatype>
    </attribute>
    <attribute>
      <name>Intended Software Tool</name>
      <value>Apply Measure Now</value>
      <datatype>string</datatype>
    </attribute>
    <attribute>
      <name>Intended Software Tool</name>
      <value>OpenStudio Application</value>
      <datatype>string</datatype>
    </attribute>
    <attribute>
      <name>Intended Software Tool</name>
      <value>Parametric Analysis Tool</value>
      <datatype>string</datatype>
    </attribute>
  </attributes>
  <files>
    <file>
      <filename>geometry.rb</filename>
      <filetype>rb</filetype>
      <usage_type>resource</usage_type>
      <checksum>2285CA0B</checksum>
    </file>
    <file>
      <filename>default_geometry_location.osm</filename>
      <filetype>osm</filetype>
      <usage_type>test</usage_type>
      <checksum>F80B0C46</checksum>
    </file>
    <file>
      <filename>USA_CO_Denver_Intl_AP_725650_TMY3.ddy</filename>
      <filetype>ddy</filetype>
      <usage_type>test</usage_type>
      <checksum>FB253570</checksum>
    </file>
    <file>
      <filename>USA_CO_Denver_Intl_AP_725650_TMY3.epw</filename>
      <filetype>epw</filetype>
      <usage_type>test</usage_type>
      <checksum>E23378AA</checksum>
    </file>
    <file>
      <filename>default_geometry_location_ashp.osm</filename>
      <filetype>osm</filetype>
      <usage_type>test</usage_type>
      <checksum>D0C604FF</checksum>
    </file>
    <file>
      <filename>default_geometry_location_boiler_central_air_conditioner.osm</filename>
      <filetype>osm</filetype>
      <usage_type>test</usage_type>
      <checksum>E4A9CF35</checksum>
    </file>
    <file>
      <filename>default_geometry_location_boiler_room_air_conditioner.osm</filename>
      <filetype>osm</filetype>
      <usage_type>test</usage_type>
      <checksum>81BEFC08</checksum>
    </file>
    <file>
      <filename>default_geometry_location_central_air_conditioner.osm</filename>
      <filetype>osm</filetype>
      <usage_type>test</usage_type>
      <checksum>C0A4D94B</checksum>
    </file>
    <file>
      <filename>default_geometry_location_electric_baseboard_central_air_conditioner.osm</filename>
      <filetype>osm</filetype>
      <usage_type>test</usage_type>
      <checksum>D65526A2</checksum>
    </file>
    <file>
      <filename>default_geometry_location_electric_baseboard_room_air_conditioner.osm</filename>
      <filetype>osm</filetype>
      <usage_type>test</usage_type>
      <checksum>E9A8077E</checksum>
    </file>
    <file>
      <filename>default_geometry_location_furnace_central_air_conditioner.osm</filename>
      <filetype>osm</filetype>
      <usage_type>test</usage_type>
      <checksum>F20181E3</checksum>
    </file>
    <file>
      <filename>default_geometry_location_furnace_room_air_conditioner.osm</filename>
      <filetype>osm</filetype>
      <usage_type>test</usage_type>
      <checksum>6DBE40A3</checksum>
    </file>
    <file>
      <filename>default_geometry_location_mshp.osm</filename>
      <filetype>osm</filetype>
      <usage_type>test</usage_type>
      <checksum>E6DC2842</checksum>
    </file>
    <file>
      <filename>default_geometry_location_room_air_conditioner.osm</filename>
      <filetype>osm</filetype>
      <usage_type>test</usage_type>
      <checksum>8929A3ED</checksum>
    </file>
    <file>
      <filename>process_room_air_conditioner_test.rb</filename>
      <filetype>rb</filetype>
      <usage_type>test</usage_type>
      <checksum>E503CC36</checksum>
    </file>
    <file>
      <filename>default_geometry_location_boiler.osm</filename>
      <filetype>osm</filetype>
      <usage_type>test</usage_type>
      <checksum>02654FDB</checksum>
    </file>
    <file>
      <filename>default_geometry_location_electric_baseboard.osm</filename>
      <filetype>osm</filetype>
      <usage_type>test</usage_type>
      <checksum>545514EB</checksum>
    </file>
    <file>
      <filename>default_geometry_location_furnace.osm</filename>
      <filetype>osm</filetype>
      <usage_type>test</usage_type>
      <checksum>E934FD35</checksum>
    </file>
    <file>
      <filename>util.rb</filename>
      <filetype>rb</filetype>
      <usage_type>resource</usage_type>
      <checksum>2792E40D</checksum>
    </file>
    <file>
      <version>
        <software_program>OpenStudio</software_program>
        <identifier>1.9.0</identifier>
        <min_compatible>1.9.0</min_compatible>
      </version>
      <filename>measure.rb</filename>
      <filetype>rb</filetype>
      <usage_type>script</usage_type>
      <checksum>EE30A3F4</checksum>
    </file>
    <file>
      <filename>constants.rb</filename>
      <filetype>rb</filetype>
      <usage_type>resource</usage_type>
      <checksum>1AB9292D</checksum>
    </file>
  </files>
</measure>
