<measure>
  <schema_version>3.0</schema_version>
  <name>process_cooling_setpoints</name>
  <uid>2daa9d28-8891-4074-a1d1-bce3cb3d7ac6</uid>
  <version_id>abe3d630-ccd8-434f-b005-2e92a472e68b</version_id>
  <version_modified>20160808T170538Z</version_modified>
  <xml_checksum>356BE47F</xml_checksum>
  <class_name>ProcessCoolingSetpoints</class_name>
  <display_name>Set Residential Cooling Setpoints and Schedules</display_name>
  <description>This measure creates the cooling season schedules based on weather data, and the cooling setpoint schedules.</description>
  <modeler_description>This measure creates residential cooling season ruleset objects. Schedule values are populated based on information contained in the EPW file. This measure also creates residential cooling setpoint ruleset objects. Schedule values are populated based on information input by the user as well as contained in the residential cooling season. The cooling setpoint schedules are added to the living zone's thermostat.</modeler_description>
  <arguments>
    <argument>
      <name>clg_wkdy</name>
      <display_name>Weekday Setpoint</display_name>
      <description>Specify a single cooling setpoint or a 24-hour cooling schedule for the weekdays.</description>
      <type>String</type>
      <units>degrees F</units>
      <required>false</required>
      <model_dependent>false</model_dependent>
      <default_value>76</default_value>
    </argument>
    <argument>
      <name>clg_wked</name>
      <display_name>Weekend Setpoint</display_name>
      <description>Specify a single cooling setpoint or a 24-hour cooling schedule for the weekend.</description>
      <type>String</type>
      <units>degrees F</units>
      <required>false</required>
      <model_dependent>false</model_dependent>
      <default_value>76</default_value>
    </argument>
  </arguments>
  <provenances/>
  <tags>
    <tag>HVAC.HVAC Controls</tag>
  </tags>
  <attributes>
    <attribute>
      <name>Measure Type</name>
      <value>ModelMeasure</value>
      <datatype>string</datatype>
    </attribute>
    <attribute>
      <name>Intended Software Tool</name>
      <value>Apply Measure Now</value>
      <datatype>string</datatype>
    </attribute>
    <attribute>
      <name>Intended Software Tool</name>
      <value>OpenStudio Application</value>
      <datatype>string</datatype>
    </attribute>
    <attribute>
      <name>Intended Software Tool</name>
      <value>Parametric Analysis Tool</value>
      <datatype>string</datatype>
    </attribute>
  </attributes>
  <files>
    <file>
      <filename>geometry.rb</filename>
      <filetype>rb</filetype>
      <usage_type>resource</usage_type>
      <checksum>2285CA0B</checksum>
    </file>
    <file>
      <filename>psychrometrics.rb</filename>
      <filetype>rb</filetype>
      <usage_type>resource</usage_type>
      <checksum>640596F1</checksum>
    </file>
    <file>
      <filename>unit_conversions.rb</filename>
      <filetype>rb</filetype>
      <usage_type>resource</usage_type>
      <checksum>DCBEF242</checksum>
    </file>
    <file>
      <filename>default_geometry.osm</filename>
      <filetype>osm</filetype>
      <usage_type>test</usage_type>
      <checksum>1C7BECC6</checksum>
    </file>
    <file>
      <filename>USA_CO_Denver_Intl_AP_725650_TMY3.ddy</filename>
      <filetype>ddy</filetype>
      <usage_type>test</usage_type>
      <checksum>FB253570</checksum>
    </file>
    <file>
      <filename>USA_CO_Denver_Intl_AP_725650_TMY3.epw</filename>
      <filetype>epw</filetype>
      <usage_type>test</usage_type>
      <checksum>E23378AA</checksum>
    </file>
    <file>
      <version>
        <software_program>OpenStudio</software_program>
        <identifier>1.11.5</identifier>
        <min_compatible>1.11.5</min_compatible>
      </version>
      <filename>measure.rb</filename>
      <filetype>rb</filetype>
      <usage_type>script</usage_type>
      <checksum>A1C02AC6</checksum>
    </file>
    <file>
      <filename>default_geometry_location.osm</filename>
      <filetype>osm</filetype>
      <usage_type>test</usage_type>
      <checksum>F80B0C46</checksum>
    </file>
    <file>
      <filename>default_geometry_location_ashp.osm</filename>
      <filetype>osm</filetype>
      <usage_type>test</usage_type>
      <checksum>00151330</checksum>
    </file>
    <file>
      <filename>default_geometry_location_central_air_conditioner.osm</filename>
      <filetype>osm</filetype>
      <usage_type>test</usage_type>
      <checksum>3193DF80</checksum>
    </file>
    <file>
      <filename>default_geometry_location_furnace_and_central_air_conditioner_with_heating_setpoints.osm</filename>
      <filetype>osm</filetype>
      <usage_type>test</usage_type>
      <checksum>EFD8F26E</checksum>
    </file>
    <file>
      <filename>default_geometry_location_room_air_conditioner.osm</filename>
      <filetype>osm</filetype>
      <usage_type>test</usage_type>
      <checksum>B41CE23D</checksum>
    </file>
    <file>
      <filename>weather.rb</filename>
      <filetype>rb</filetype>
      <usage_type>resource</usage_type>
      <checksum>129640D9</checksum>
    </file>
    <file>
      <filename>process_cooling_setpoints_test.rb</filename>
      <filetype>rb</filetype>
      <usage_type>test</usage_type>
      <checksum>7E4FB05C</checksum>
    </file>
    <file>
      <filename>util.rb</filename>
      <filetype>rb</filetype>
      <usage_type>resource</usage_type>
      <checksum>2792E40D</checksum>
    </file>
    <file>
      <filename>default_geometry_location_mshp.osm</filename>
      <filetype>osm</filetype>
      <usage_type>test</usage_type>
      <checksum>1F6845CC</checksum>
    </file>
    <file>
      <filename>constants.rb</filename>
      <filetype>rb</filetype>
      <usage_type>resource</usage_type>
      <checksum>1AB9292D</checksum>
    </file>
    <file>
      <filename>schedules.rb</filename>
      <filetype>rb</filetype>
      <usage_type>resource</usage_type>
      <checksum>1C95CF61</checksum>
    </file>
  </files>
</measure>
