<measure>
  <schema_version>3.0</schema_version>
  <name>residential_clothes_dryer_gas</name>
  <uid>b31f5cef-63ff-4d0e-986c-2a2344ac6bab</uid>
  <version_id>66a9c468-81c7-41a5-974f-883006b53f77</version_id>
  <xml_checksum>25A40D75</xml_checksum>
  <class_name>ResidentialClothesDryerGas</class_name>
  <display_name>Add/Replace Residential Gas Clothes Dryer</display_name>
  <description>This measure adds a residential clothes washer and dryer. The user can specify how the energy consumption is calculated (using benchmark assumptions or a detailed calculation methond). Users must also specify which space the washer and dryer are installed in (the are assumed to be colocated).</description>
  <modeler_description>Adds or replaces equipment objects. The dryer can be either gas or electric, and will add the appropriate "GasEquipment" and/or "ElectricEquipment" objects. The washer is always electric. The schedules used are based on the BA HSP.</modeler_description>
  <arguments>
    <argument>
      <name>cd_ef</name>
      <display_name>Energy Factor</display_name>
      <description>The Energy Factor, for electric or gas systems.</description>
      <type>Double</type>
      <units>lb/kWh</units>
      <required>true</required>
      <model_dependent>false</model_dependent>
      <default_value>2.75</default_value>
    </argument>
    <argument>
      <name>cd_gas_split</name>
      <display_name>Assumed Gas Electric Split</display_name>
      <description>For gas dryers, the Assumed Energy Use Ratio is (Electric Energy / (Gas Energy + Electric Energy)).</description>
      <type>Double</type>
      <units>frac</units>
      <required>true</required>
      <model_dependent>false</model_dependent>
      <default_value>0.07</default_value>
    </argument>
    <argument>
      <name>cd_mult</name>
      <display_name>Occupancy Energy Multiplier</display_name>
      <description>Appliance energy use is multiplied by this factor to account for occupancy usage that differs from the national average.</description>
      <type>Double</type>
      <required>true</required>
      <model_dependent>false</model_dependent>
      <default_value>1</default_value>
    </argument>
    <argument>
      <name>cd_weekday_sch</name>
      <display_name>Weekday schedule</display_name>
      <description>Specify the 24-hour weekday schedule.</description>
      <type>String</type>
      <required>true</required>
      <model_dependent>false</model_dependent>
      <default_value>0.010, 0.006, 0.004, 0.002, 0.004, 0.006, 0.016, 0.032, 0.048, 0.068, 0.078, 0.081, 0.074, 0.067, 0.057, 0.061, 0.055, 0.054, 0.051, 0.051, 0.052, 0.054, 0.044, 0.024</default_value>
    </argument>
    <argument>
      <name>cd_weekend_sch</name>
      <display_name>Weekend schedule</display_name>
      <description>Specify the 24-hour weekend schedule.</description>
      <type>String</type>
      <required>true</required>
      <model_dependent>false</model_dependent>
      <default_value>0.010, 0.006, 0.004, 0.002, 0.004, 0.006, 0.016, 0.032, 0.048, 0.068, 0.078, 0.081, 0.074, 0.067, 0.057, 0.061, 0.055, 0.054, 0.051, 0.051, 0.052, 0.054, 0.044, 0.024</default_value>
    </argument>
    <argument>
      <name>cd_monthly_sch</name>
      <display_name>Month schedule</display_name>
      <description>Specify the 12-month schedule.</description>
      <type>String</type>
      <required>true</required>
      <model_dependent>false</model_dependent>
      <default_value>1.0, 1.0, 1.0, 1.0, 1.0, 1.0, 1.0, 1.0, 1.0, 1.0, 1.0, 1.0</default_value>
    </argument>
    <argument>
      <name>cw_mef</name>
      <display_name>Clothes Washer Energy Factor</display_name>
      <description>The Modified Energy Factor (MEF) is the quotient of the capacity of the clothes container, C, divided by the total clothes washer energy consumption per cycle, with such energy consumption expressed as the sum of the machine electrical energy consumption, M, the hot water energy consumption, E, and the energy required for removal of the remaining moisture in the wash load, D. The higher the value, the more efficient the clothes washer is. Procedures to test MEF are defined by the Department of Energy (DOE) in 10 Code of Federal Regulations Part 430, Appendix J to Subpart B.</description>
      <type>Double</type>
      <units>ft^3/kWh-cycle</units>
      <required>true</required>
      <model_dependent>false</model_dependent>
      <default_value>1.41</default_value>
    </argument>
    <argument>
      <name>cw_rated_annual_energy</name>
      <display_name>Clothes Washer Rated Annual Consumption</display_name>
      <description>The annual energy consumed by the clothes washer, as rated, obtained from the EnergyGuide label. This includes both the appliance electricity consumption and the energy required for water heating.</description>
      <type>Double</type>
      <units>kWh</units>
      <required>true</required>
      <model_dependent>false</model_dependent>
      <default_value>387</default_value>
    </argument>
    <argument>
      <name>cw_drum_volume</name>
      <display_name>Clothes Washer Drum Volume</display_name>
      <description>Volume of the washer drum.  Obtained from the EnergyStar website or the manufacturer's literature.</description>
      <type>Double</type>
      <units>ft^3</units>
      <required>true</required>
      <model_dependent>false</model_dependent>
      <default_value>3.5</default_value>
    </argument>
    <argument>
      <name>space_type</name>
      <display_name>Location</display_name>
      <description>Select the space type where the clothes washer and dryer are located</description>
      <type>Choice</type>
      <required>true</required>
      <model_dependent>false</model_dependent>
    </argument>
  </arguments>
  <provenances/>
  <tags>
    <tag>Equipment.Gas Equipment</tag>
  </tags>
  <attributes>
    <attribute>
      <name>Measure Type</name>
      <value>ModelMeasure</value>
      <datatype>string</datatype>
    </attribute>
    <attribute>
      <name>Uses SketchUp API</name>
      <value>false</value>
      <datatype>boolean</datatype>
    </attribute>
  </attributes>
  <files>
    <file>
      <filename>ResidentialClothesWasherandDryer_Test.rb</filename>
      <filetype>rb</filetype>
      <usage_type>test</usage_type>
      <checksum>C0A8F5D4</checksum>
    </file>
    <file>
      <filename>schedules.rb</filename>
      <filetype>rb</filetype>
      <usage_type>resource</usage_type>
      <checksum>FB078477</checksum>
    </file>
    <file>
      <filename>constants.rb</filename>
      <filetype>rb</filetype>
      <usage_type>resource</usage_type>
      <checksum>0354029E</checksum>
    </file>
    <file>
      <version>
        <software_program>OpenStudio</software_program>
        <identifier>1.4.0</identifier>
        <min_compatible>1.4.0</min_compatible>
      </version>
      <filename>measure.rb</filename>
      <filetype>rb</filetype>
      <usage_type>script</usage_type>
      <checksum>08FD1E8E</checksum>
    </file>
  </files>
</measure>
