<measure>
  <schema_version>3.0</schema_version>
  <name>process_furnace</name>
  <uid>18ba60d7-82a7-45c7-a0ed-bafb828ca0e2</uid>
  <version_id>eff8302f-19f3-4a24-994e-5c3b10a0dca5</version_id>
  <version_modified>20160504T190603Z</version_modified>
  <xml_checksum>0DA5C9E6</xml_checksum>
  <class_name>ProcessFurnace</class_name>
  <display_name>Set Residential Furnace</display_name>
  <description>This measure removes any existing HVAC heating components from the building and adds a furnace along with an on/off supply fan to a unitary air loop.</description>
  <modeler_description>This measure parses the OSM for the HeatingSeasonSchedule. Any heating components or baseboard convective electrics/waters are removed from any existing air/plant loops or zones. Any existing air/plant loops are also removed. An electric or gas heating coil and an on/off supply fan are added to a unitary air loop. The unitary air loop is added to the supply inlet node of the air loop. This air loop is added to a branch for the living zone. A single zone reheat setpoint manager is added to the supply outlet node, and a diffuser is added to the branch for the living zone as well as for the finished basement if it exists.</modeler_description>
  <arguments>
    <argument>
      <name>selectedfurnacefuel</name>
      <display_name>Fuel Type</display_name>
      <description>Type of fuel used for heating.</description>
      <type>Choice</type>
      <required>true</required>
      <model_dependent>false</model_dependent>
      <default_value>gas</default_value>
      <choices>
        <choice>
          <value>gas</value>
          <display_name>gas</display_name>
        </choice>
        <choice>
          <value>electric</value>
          <display_name>electric</display_name>
        </choice>
      </choices>
    </argument>
    <argument>
      <name>userdefinedafue</name>
      <display_name>Installed AFUE</display_name>
      <description>The installed Annual Fuel Utilization Efficiency (AFUE) of the furnace, which can be used to account for performance derating or degradation relative to the rated value.</description>
      <type>Double</type>
      <units>Btu/Btu</units>
      <required>true</required>
      <model_dependent>false</model_dependent>
      <default_value>0.78</default_value>
    </argument>
    <argument>
      <name>selectedfurnacecap</name>
      <display_name>Heating Output Capacity</display_name>
      <type>Choice</type>
      <required>true</required>
      <model_dependent>false</model_dependent>
      <default_value>Autosize</default_value>
      <choices>
        <choice>
          <value>Autosize</value>
          <display_name>Autosize</display_name>
        </choice>
        <choice>
          <value>5 kBtu/hr</value>
          <display_name>5 kBtu/hr</display_name>
        </choice>
        <choice>
          <value>10 kBtu/hr</value>
          <display_name>10 kBtu/hr</display_name>
        </choice>
        <choice>
          <value>15 kBtu/hr</value>
          <display_name>15 kBtu/hr</display_name>
        </choice>
        <choice>
          <value>20 kBtu/hr</value>
          <display_name>20 kBtu/hr</display_name>
        </choice>
        <choice>
          <value>25 kBtu/hr</value>
          <display_name>25 kBtu/hr</display_name>
        </choice>
        <choice>
          <value>30 kBtu/hr</value>
          <display_name>30 kBtu/hr</display_name>
        </choice>
        <choice>
          <value>35 kBtu/hr</value>
          <display_name>35 kBtu/hr</display_name>
        </choice>
        <choice>
          <value>40 kBtu/hr</value>
          <display_name>40 kBtu/hr</display_name>
        </choice>
        <choice>
          <value>45 kBtu/hr</value>
          <display_name>45 kBtu/hr</display_name>
        </choice>
        <choice>
          <value>50 kBtu/hr</value>
          <display_name>50 kBtu/hr</display_name>
        </choice>
        <choice>
          <value>55 kBtu/hr</value>
          <display_name>55 kBtu/hr</display_name>
        </choice>
        <choice>
          <value>60 kBtu/hr</value>
          <display_name>60 kBtu/hr</display_name>
        </choice>
        <choice>
          <value>65 kBtu/hr</value>
          <display_name>65 kBtu/hr</display_name>
        </choice>
        <choice>
          <value>70 kBtu/hr</value>
          <display_name>70 kBtu/hr</display_name>
        </choice>
        <choice>
          <value>75 kBtu/hr</value>
          <display_name>75 kBtu/hr</display_name>
        </choice>
        <choice>
          <value>80 kBtu/hr</value>
          <display_name>80 kBtu/hr</display_name>
        </choice>
        <choice>
          <value>85 kBtu/hr</value>
          <display_name>85 kBtu/hr</display_name>
        </choice>
        <choice>
          <value>90 kBtu/hr</value>
          <display_name>90 kBtu/hr</display_name>
        </choice>
        <choice>
          <value>95 kBtu/hr</value>
          <display_name>95 kBtu/hr</display_name>
        </choice>
        <choice>
          <value>100 kBtu/hr</value>
          <display_name>100 kBtu/hr</display_name>
        </choice>
        <choice>
          <value>105 kBtu/hr</value>
          <display_name>105 kBtu/hr</display_name>
        </choice>
        <choice>
          <value>110 kBtu/hr</value>
          <display_name>110 kBtu/hr</display_name>
        </choice>
        <choice>
          <value>115 kBtu/hr</value>
          <display_name>115 kBtu/hr</display_name>
        </choice>
        <choice>
          <value>120 kBtu/hr</value>
          <display_name>120 kBtu/hr</display_name>
        </choice>
        <choice>
          <value>125 kBtu/hr</value>
          <display_name>125 kBtu/hr</display_name>
        </choice>
        <choice>
          <value>130 kBtu/hr</value>
          <display_name>130 kBtu/hr</display_name>
        </choice>
        <choice>
          <value>135 kBtu/hr</value>
          <display_name>135 kBtu/hr</display_name>
        </choice>
        <choice>
          <value>140 kBtu/hr</value>
          <display_name>140 kBtu/hr</display_name>
        </choice>
        <choice>
          <value>145 kBtu/hr</value>
          <display_name>145 kBtu/hr</display_name>
        </choice>
        <choice>
          <value>150 kBtu/hr</value>
          <display_name>150 kBtu/hr</display_name>
        </choice>
      </choices>
    </argument>
    <argument>
      <name>userdefinedmaxtemp</name>
      <display_name>Max Supply Temp</display_name>
      <description>Maximum supply air temperature.</description>
      <type>Double</type>
      <units>F</units>
      <required>true</required>
      <model_dependent>false</model_dependent>
      <default_value>120</default_value>
    </argument>
    <argument>
      <name>userdefinedfanpower</name>
      <display_name>Installed Supply Fan Power</display_name>
      <description>Fan power (in W) per delivered airflow rate (in cfm) of the indoor fan for the maximum fan speed under actual operating conditions.</description>
      <type>Double</type>
      <units>W/cfm</units>
      <required>true</required>
      <model_dependent>false</model_dependent>
      <default_value>0.5</default_value>
    </argument>
  </arguments>
  <provenances/>
  <tags>
    <tag>HVAC.Heating</tag>
  </tags>
  <attributes>
    <attribute>
      <name>Measure Type</name>
      <value>ModelMeasure</value>
      <datatype>string</datatype>
    </attribute>
    <attribute>
      <name>Uses SketchUp API</name>
      <value>false</value>
      <datatype>boolean</datatype>
    </attribute>
  </attributes>
  <files>
    <file>
      <filename>ProcessFurnace_Test.rb</filename>
      <filetype>rb</filetype>
      <usage_type>test</usage_type>
      <checksum>E0F0A29D</checksum>
    </file>
    <file>
      <filename>unit_conversions.rb</filename>
      <filetype>rb</filetype>
      <usage_type>resource</usage_type>
      <checksum>DCBEF242</checksum>
    </file>
    <file>
      <filename>geometry.rb</filename>
      <filetype>rb</filetype>
      <usage_type>resource</usage_type>
      <checksum>1B4BF46B</checksum>
    </file>
    <file>
      <version>
        <software_program>OpenStudio</software_program>
        <identifier>1.4.0</identifier>
        <min_compatible>1.4.0</min_compatible>
      </version>
      <filename>measure.rb</filename>
      <filetype>rb</filetype>
      <usage_type>script</usage_type>
      <checksum>60D57DB6</checksum>
    </file>
    <file>
      <filename>util.rb</filename>
      <filetype>rb</filetype>
      <usage_type>resource</usage_type>
      <checksum>FFB87057</checksum>
    </file>
    <file>
      <filename>constants.rb</filename>
      <filetype>rb</filetype>
      <usage_type>resource</usage_type>
      <checksum>CDA42DE8</checksum>
    </file>
  </files>
</measure>
