{
  "classname": "ProcessFurnace",
  "name": "process_furnace",
  "display_name": "Process Furnace",
  "measure_type": "RubyMeasure",
  "arguments": [
    {
      "local_variable": "selected_living",
      "variable_type": "Choice",
      "name": "selectedliving",
      "display_name": "Which is the living space zone",
      "units": null,
      "description": null,
      "choices": [

      ]
    },
    {
      "local_variable": "selected_fbsmt",
      "variable_type": "Choice",
      "name": "selectedfbsmt",
      "display_name": "Which is the finished basement zone",
      "units": null,
      "description": null,
      "choices": [

      ]
    },
    {
      "local_variable": "userdefined_afue",
      "variable_type": "Double",
      "name": "userdefinedafue",
      "display_name": "The installed Annual Fuel Utilization Efficiency  of the furnace, which can be used to account for performance derating or degradation relative to the rated value",
      "units": "AFUE",
      "description": null,
      "default_value": 0.78
    },
    {
      "local_variable": "selected_furnacecap",
      "variable_type": "Choice",
      "name": "selectedfurnacecap",
      "display_name": "Heating Output Capacity",
      "units": null,
      "description": null,
      "default_value": "Autosize",
      "choices": [
        "Autosize",
        "#{kbtu} kBtu/hr"
      ]
    },
    {
      "local_variable": "userdefined_maxtemp",
      "variable_type": "Double",
      "name": "userdefinedmaxtemp",
      "display_name": "Maximum supply air temperature",
      "units": null,
      "description": null,
      "default_value": 120.0
    },
    {
      "local_variable": "selected_furnacefuel",
      "variable_type": "Choice",
      "name": "selectedfurnacefuel",
      "display_name": "Type of fuel used for heating",
      "units": null,
      "description": null,
      "default_value": "gas",
      "choices": [
        "gas",
        "electric"
      ]
    }
  ],
  "name_xml": "process_furnace",
  "uid": "18ba60d7-82a7-45c7-a0ed-bafb828ca0e2",
  "version_id": "d9c10ff7-78fc-46be-be41-00c3358c8302",
  "modeler_description": "This measure parses the OSM for the HeatingSeasonSchedule. Any supply components or baseboard convective electrics, except for cooling DX coils, are removed from any existing air loops or zones. Any existing air loops are also removed. An electric or gas heating coil and an on/off supply fan are added to a unitary air loop. The unitary air loop is added to the supply inlet node of the air loop. This air loop is added to a branch for the living zone. A single zone reheat setpoint manager is added to the supply outlet node, and a diffuser is added to the branch for the living zone as well as for the finished basement if it exists.",
  "description": "This measure removes any existing HVAC heating components from the building and adds a furnace along with an on/off supply fan to a unitary air loop.",
  "tags": [
    "HVAC.Heating"
  ]
}