<measure>
  <schema_version>3.0</schema_version>
  <name>create_residential_eaves</name>
  <uid>13c930a5-6afa-4f3a-869a-48514ec7a224</uid>
  <version_id>79d09b39-a350-45b2-a3e0-a9a063c94796</version_id>
  <version_modified>20170105T204932Z</version_modified>
  <xml_checksum>2AF3A68E</xml_checksum>
  <class_name>CreateResidentialEaves</class_name>
  <display_name>Set Residential Eaves</display_name>
  <description>Sets the eaves for the building.</description>
  <modeler_description>Performs a series of affine transformations on the roof decks into shading surfaces.</modeler_description>
  <arguments>
    <argument>
      <name>roof_structure</name>
      <display_name>Roof Structure</display_name>
      <description>The roof structure of the building.</description>
      <type>Choice</type>
      <required>true</required>
      <model_dependent>false</model_dependent>
      <default_value>truss, cantilever</default_value>
      <choices>
        <choice>
          <value>truss, cantilever</value>
          <display_name>truss, cantilever</display_name>
        </choice>
        <choice>
          <value>rafter</value>
          <display_name>rafter</display_name>
        </choice>
      </choices>
    </argument>
    <argument>
      <name>eaves_depth</name>
      <display_name>Eaves Depth</display_name>
      <description>The eaves depth of the roof.</description>
      <type>Double</type>
      <units>ft</units>
      <required>true</required>
      <model_dependent>false</model_dependent>
      <default_value>2</default_value>
    </argument>
  </arguments>
  <provenances/>
  <tags>
    <tag>Envelope.Form</tag>
  </tags>
  <attributes>
    <attribute>
      <name>Measure Type</name>
      <value>ModelMeasure</value>
      <datatype>string</datatype>
    </attribute>
    <attribute>
      <name>Intended Software Tool</name>
      <value>Apply Measure Now</value>
      <datatype>string</datatype>
    </attribute>
    <attribute>
      <name>Intended Software Tool</name>
      <value>OpenStudio Application</value>
      <datatype>string</datatype>
    </attribute>
    <attribute>
      <name>Intended Software Tool</name>
      <value>Parametric Analysis Tool</value>
      <datatype>string</datatype>
    </attribute>
  </attributes>
  <files>
    <file>
      <filename>USA_CO_Denver_Intl_AP_725650_TMY3.ddy</filename>
      <filetype>ddy</filetype>
      <usage_type>test</usage_type>
      <checksum>FB253570</checksum>
    </file>
    <file>
      <filename>USA_CO_Denver_Intl_AP_725650_TMY3.epw</filename>
      <filetype>epw</filetype>
      <usage_type>test</usage_type>
      <checksum>E23378AA</checksum>
    </file>
    <file>
      <filename>geometry_flat_roof_aspect_ratio_two_default_location.osm</filename>
      <filetype>osm</filetype>
      <usage_type>test</usage_type>
      <checksum>7F908E78</checksum>
    </file>
    <file>
      <filename>geometry_gable_roof_aspect_ratio_half_default_location.osm</filename>
      <filetype>osm</filetype>
      <usage_type>test</usage_type>
      <checksum>EBD1187C</checksum>
    </file>
    <file>
      <filename>geometry_hip_roof_aspect_ratio_half_default_location.osm</filename>
      <filetype>osm</filetype>
      <usage_type>test</usage_type>
      <checksum>C414C8BD</checksum>
    </file>
    <file>
      <filename>geometry_hip_roof_aspect_ratio_two_default_location.osm</filename>
      <filetype>osm</filetype>
      <usage_type>test</usage_type>
      <checksum>DC399263</checksum>
    </file>
    <file>
      <filename>geometry_flat_roof_aspect_ratio_half_default_location.osm</filename>
      <filetype>osm</filetype>
      <usage_type>test</usage_type>
      <checksum>895168BA</checksum>
    </file>
    <file>
      <filename>geometry_gable_roof_aspect_ratio_two_default_location.osm</filename>
      <filetype>osm</filetype>
      <usage_type>test</usage_type>
      <checksum>74673C04</checksum>
    </file>
    <file>
      <version>
        <software_program>OpenStudio</software_program>
        <identifier>1.9.0</identifier>
        <min_compatible>1.13.1</min_compatible>
      </version>
      <filename>measure.rb</filename>
      <filetype>rb</filetype>
      <usage_type>script</usage_type>
      <checksum>21EB7918</checksum>
    </file>
    <file>
      <filename>create_residential_eaves_test.rb</filename>
      <filetype>rb</filetype>
      <usage_type>test</usage_type>
      <checksum>30AA6F8B</checksum>
    </file>
    <file>
      <filename>constants.rb</filename>
      <filetype>rb</filetype>
      <usage_type>resource</usage_type>
      <checksum>866A1677</checksum>
    </file>
    <file>
      <filename>geometry.rb</filename>
      <filetype>rb</filetype>
      <usage_type>resource</usage_type>
      <checksum>87110438</checksum>
    </file>
  </files>
</measure>
