<measure>
  <schema_version>3.0</schema_version>
  <name>add_os_water_heater_mixed_storage_electric</name>
  <uid>cfbe1e78-78db-4902-aba3-95d23310802e</uid>
  <version_id>9106fa2c-972d-4d5b-827f-19859a771f3f</version_id>
  <xml_checksum>9882CBDB</xml_checksum>
  <class_name>AddOSWaterHeaterMixedStorageElectric</class_name>
  <display_name>AddOSWaterHeaterMixedStorageElectric</display_name>
  <description>This measure adds an OS:WaterHeater:Mixed object representing an Electric Storage Water Heater. Users will be asked to provide &#xd;&#xd;&#xd;&#xd;&#xd;&#xd;&#xd;&#xd;&#xd;&#xd;
1) Plant Loop Assignment&#xd;&#xd;&#xd;&#xd;&#xd;&#xd;&#xd;&#xd;&#xd;&#xd;
2) Tank Volume&#xd;&#xd;&#xd;&#xd;&#xd;&#xd;&#xd;&#xd;&#xd;&#xd;
3) Energy Factor&#xd;&#xd;&#xd;&#xd;&#xd;&#xd;&#xd;&#xd;&#xd;&#xd;
4) Tank Location&#xd;&#xd;&#xd;&#xd;&#xd;&#xd;&#xd;&#xd;&#xd;&#xd;
5) SHW Setpoint&#xd;&#xd;&#xd;&#xd;&#xd;&#xd;&#xd;&#xd;&#xd;&#xd;
6) Deadband Temperature</description>
  <modeler_description>The measure will create a new instance of the OS:WaterHeater:Mixed object. The object will either create a new plant loop, or be assigned to an existing plant loop. The object will be configured be to use the user arguments. The EIO file reports the industry standard ratings of Recovery Efficiency and Energy Factor for water heater objects.</modeler_description>
  <arguments>
    <argument>
      <name>object_to_be_created</name>
      <display_name>How will this measure be used?</display_name>
      <type>Choice</type>
      <required>true</required>
      <model_dependent>false</model_dependent>
      <choices>
        <choice>
          <value>Create a water heater representing B10 Benchmark standard</value>
          <display_name>Create a water heater representing B10 Benchmark standard</display_name>
        </choice>
        <choice>
          <value>Create a water heater representing NCTH standard</value>
          <display_name>Create a water heater representing NCTH standard</display_name>
        </choice>
        <choice>
          <value>Create a water heater representing BA Pre-Retrofit Case standard</value>
          <display_name>Create a water heater representing BA Pre-Retrofit Case standard</display_name>
        </choice>
        <choice>
          <value>General</value>
          <display_name>General</display_name>
        </choice>
      </choices>
    </argument>
    <argument>
      <name>number_of_bedrooms</name>
      <display_name>Number of Bedrooms in the Proposed Home</display_name>
      <type>Integer</type>
      <required>true</required>
      <model_dependent>false</model_dependent>
    </argument>
    <argument>
      <name>number_of_bathrooms</name>
      <display_name>Number of Bathrooms in the Proposed Home</display_name>
      <type>Choice</type>
      <required>true</required>
      <model_dependent>false</model_dependent>
      <choices>
        <choice>
          <value>1</value>
          <display_name>1</display_name>
        </choice>
        <choice>
          <value>1.5</value>
          <display_name>1.5</display_name>
        </choice>
        <choice>
          <value>2</value>
          <display_name>2</display_name>
        </choice>
        <choice>
          <value>2.5</value>
          <display_name>2.5</display_name>
        </choice>
        <choice>
          <value>3</value>
          <display_name>3</display_name>
        </choice>
        <choice>
          <value>3.5 or more</value>
          <display_name>3.5 or more</display_name>
        </choice>
      </choices>
    </argument>
    <argument>
      <name>existing_plant_loop_name</name>
      <display_name>Plant Loop to assign Water heater as a Supply Equipment</display_name>
      <type>Choice</type>
      <required>true</required>
      <model_dependent>false</model_dependent>
      <choices>
        <choice>
          <value>New Plant Loop</value>
          <display_name>New Plant Loop</display_name>
        </choice>
      </choices>
    </argument>
    <argument>
      <name>storage_tank_volume</name>
      <display_name>Volume of the Storage Tank (gallons) of the Electric Hot Water Heater. Set to 0 to have Storage tank volume autosized. This field is ignored for NCTH and B10 protocols.</display_name>
      <type>Double</type>
      <required>true</required>
      <model_dependent>false</model_dependent>
    </argument>
    <argument>
      <name>rated_energy_factor</name>
      <display_name>Rated Energy Factor of Electric Storage Tank Water Heater. This field is ignored for NCTH and B10 protocols.</display_name>
      <type>Double</type>
      <required>true</required>
      <model_dependent>false</model_dependent>
    </argument>
    <argument>
      <name>shw_setpoint_temperature</name>
      <display_name>Hot Water Temperature Setpoint</display_name>
      <type>Double</type>
      <required>true</required>
      <model_dependent>false</model_dependent>
    </argument>
    <argument>
      <name>water_heater_location</name>
      <display_name>Thermal Zone where the Electric Storage Water Heater is located</display_name>
      <type>Choice</type>
      <required>true</required>
      <model_dependent>false</model_dependent>
    </argument>
    <argument>
      <name>water_heater_capacity</name>
      <display_name>The nominal capacity [W] of the electric storage water heater. Set to 0 to have this field autosized. This field is ignored for NCTH or B10 protocols.</display_name>
      <type>Double</type>
      <required>true</required>
      <model_dependent>false</model_dependent>
    </argument>
  </arguments>
  <provenances/>
  <tags>
    <tag>Service Water Heating.Water Heating</tag>
  </tags>
  <attributes>
    <attribute>
      <name>Measure Type</name>
      <value>ModelMeasure</value>
      <datatype>string</datatype>
    </attribute>
    <attribute>
      <name>Uses SketchUp API</name>
      <value>false</value>
      <datatype>boolean</datatype>
    </attribute>
  </attributes>
  <files>
    <file>
      <filename>AddOSWaterHeaterMixedStorageElectric_Test.rb</filename>
      <filetype>rb</filetype>
      <usage_type>test</usage_type>
      <checksum>1FD33CE2</checksum>
    </file>
    <file>
      <filename>ba_protocol_table_8_page_13.rb</filename>
      <filetype>rb</filetype>
      <usage_type>resource</usage_type>
      <checksum>61747C72</checksum>
    </file>
    <file>
      <version>
        <software_program>OpenStudio</software_program>
        <identifier>1.4.1</identifier>
        <min_compatible>1.4.1</min_compatible>
      </version>
      <filename>measure.rb</filename>
      <filetype>rb</filetype>
      <usage_type>script</usage_type>
      <checksum>F71A8AC3</checksum>
    </file>
    <file>
      <filename>constants.rb</filename>
      <filetype>rb</filetype>
      <usage_type>resource</usage_type>
      <checksum>3E621BBD</checksum>
    </file>
  </files>
</measure>
