<measure>
  <schema_version>3.0</schema_version>
  <name>process_constructions_uninsulated_floor</name>
  <uid>477cfef1-0c37-4b16-9cfd-82d617472e43</uid>
  <version_id>4e918d5b-947c-4719-8739-bc40f83becf1</version_id>
  <version_modified>20160420T163013Z</version_modified>
  <xml_checksum>1E963D9C</xml_checksum>
  <class_name>ProcessConstructionsUninsulatedFloor</class_name>
  <display_name>Set Residential Uninsulated Floor Construction</display_name>
  <description>This measure assigns a construction to floors between two unfinished spaces or two finished spaces.</description>
  <modeler_description>Calculates and assigns material layer properties of uninsulated constructions for the floors 1) between two unfinished spaces, 2) between two finished spaces, or 3) with adiabatic outside boundary condition. If the floors have an existing construction, the layers (other than floor covering, floor mass, and ceiling mass) are replaced. This measure is intended to be used in conjunction with Floor Covering, Floor Mass, and Ceiling Mass measures.</modeler_description>
  <arguments/>
  <provenances/>
  <tags>
    <tag>Envelope.Opaque</tag>
  </tags>
  <attributes>
    <attribute>
      <name>Measure Type</name>
      <value>ModelMeasure</value>
      <datatype>string</datatype>
    </attribute>
    <attribute>
      <name>Uses SketchUp API</name>
      <value>false</value>
      <datatype>boolean</datatype>
    </attribute>
  </attributes>
  <files>
    <file>
      <filename>ProcessConstructionsInteriorUninsulatedFloors_Test.rb</filename>
      <filetype>rb</filetype>
      <usage_type>test</usage_type>
      <checksum>5ECBB63B</checksum>
    </file>
    <file>
      <version>
        <software_program>OpenStudio</software_program>
        <identifier>1.4.0</identifier>
        <min_compatible>1.4.0</min_compatible>
      </version>
      <filename>measure.rb</filename>
      <filetype>rb</filetype>
      <usage_type>script</usage_type>
      <checksum>CB310887</checksum>
    </file>
    <file>
      <filename>constants.rb</filename>
      <filetype>rb</filetype>
      <usage_type>resource</usage_type>
      <checksum>D28DC6BC</checksum>
    </file>
    <file>
      <filename>util.rb</filename>
      <filetype>rb</filetype>
      <usage_type>resource</usage_type>
      <checksum>5D8C22C7</checksum>
    </file>
    <file>
      <filename>geometry.rb</filename>
      <filetype>rb</filetype>
      <usage_type>resource</usage_type>
      <checksum>151F115E</checksum>
    </file>
  </files>
</measure>
