<measure>
  <schema_version>3.0</schema_version>
  <name>process_constructions_uninsulated_surfaces</name>
  <uid>ffe06b80-3296-436e-98b2-fe79b4c936de</uid>
  <version_id>e717ab20-2bcd-4e64-8464-104e2cc3a62e</version_id>
  <version_modified>20170105T204931Z</version_modified>
  <xml_checksum>1E963D9C</xml_checksum>
  <class_name>ProcessConstructionsUninsulatedSurfaces</class_name>
  <display_name>Set Residential Uninsulated Surfaces</display_name>
  <description>This measure assigns an uninsulated constructions to 1) exterior surfaces adjacent to unfinished space, 2) surfaces between two unfinished (or two finished) spaces, or 3) adiabatic surfaces.</description>
  <modeler_description>Calculates and assigns material layer properties of uninsulated constructions for surfaces that are not typically insulated.</modeler_description>
  <arguments/>
  <provenances/>
  <tags>
    <tag>Envelope.Opaque</tag>
  </tags>
  <attributes>
    <attribute>
      <name>Measure Type</name>
      <value>ModelMeasure</value>
      <datatype>string</datatype>
    </attribute>
    <attribute>
      <name>Uses SketchUp API</name>
      <value>false</value>
      <datatype>boolean</datatype>
    </attribute>
  </attributes>
  <files>
    <file>
      <version>
        <software_program>OpenStudio</software_program>
        <identifier>1.3.0</identifier>
        <min_compatible>1.13.1</min_compatible>
      </version>
      <filename>measure.rb</filename>
      <filetype>rb</filetype>
      <usage_type>script</usage_type>
      <checksum>AB1FEBAC</checksum>
    </file>
    <file>
      <filename>util.rb</filename>
      <filetype>rb</filetype>
      <usage_type>resource</usage_type>
      <checksum>108E0E50</checksum>
    </file>
    <file>
      <filename>constants.rb</filename>
      <filetype>rb</filetype>
      <usage_type>resource</usage_type>
      <checksum>866A1677</checksum>
    </file>
    <file>
      <filename>geometry.rb</filename>
      <filetype>rb</filetype>
      <usage_type>resource</usage_type>
      <checksum>87110438</checksum>
    </file>
  </files>
</measure>
