{
  "classname": "ProcessConstructionsInteriorInsulatedWalls",
  "name": "process_constructions_interior_insulated_walls",
  "display_name": "Process Constructions Interior Insulated Walls",
  "measure_type": "RubyMeasure",
  "arguments": [
    {
      "local_variable": "selected_living",
      "variable_type": "Choice",
      "name": "selectedliving",
      "display_name": "Of what space type is the living space",
      "units": null,
      "description": null,
      "choices": [

      ]
    },
    {
      "local_variable": "selected_garage",
      "variable_type": "Choice",
      "name": "selectedgarage",
      "display_name": "Of what space type is the garage",
      "units": null,
      "description": null,
      "choices": [

      ]
    },
    {
      "local_variable": "# selected_partitionwallmass",
      "variable_type": "Choice",
      "name": "selectedpartitionwallmass",
      "display_name": "Partition wall massFor manually entering partition wall mass properties, leave blank",
      "units": null,
      "description": null,
      "choices": [

      ]
    },
    {
      "local_variable": "userdefined_partitionwallmassth",
      "variable_type": "Double",
      "name": "userdefinedpartitionwallmassth",
      "display_name": "Partition wall mass thickness",
      "units": null,
      "description": null,
      "default_value": 0.5
    },
    {
      "local_variable": "userdefined_partitionwallmasscond",
      "variable_type": "Double",
      "name": "userdefinedpartitionwallmasscond",
      "display_name": "Partition wall mass conductivity",
      "units": null,
      "description": null,
      "default_value": 1.1112
    },
    {
      "local_variable": "userdefined_partitionwallmassdens",
      "variable_type": "Double",
      "name": "userdefinedpartitionwallmassdens",
      "display_name": "Partition wall mass density",
      "units": null,
      "description": null,
      "default_value": 50.0
    },
    {
      "local_variable": "userdefined_partitionwallmasssh",
      "variable_type": "Double",
      "name": "userdefinedpartitionwallmasssh",
      "display_name": "Partition wall mass specific heat",
      "units": null,
      "description": null,
      "default_value": 0.2
    },
    {
      "local_variable": "selected_studsize",
      "variable_type": "Choice",
      "name": "selectedstudsize",
      "display_name": "Wood stud size of wall cavity",
      "units": null,
      "description": null,
      "choices": [
        "2x4",
        "2x6",
        "2x8",
        "2x10",
        "2x12",
        "2x14"
      ]
    },
    {
      "local_variable": "selected_spacing",
      "variable_type": "Choice",
      "name": "selectedspacing",
      "display_name": "Wood stud spacing of wall cavity",
      "units": null,
      "description": null,
      "choices": [
        "16 in o.c.",
        "24 in o.c."
      ]
    },
    {
      "local_variable": "userdefined_instcavr",
      "variable_type": "Double",
      "name": "userdefinedinstcavr",
      "display_name": "Installed R-value of cavity insulation",
      "units": null,
      "description": null
    },
    {
      "local_variable": "selected_installgrade",
      "variable_type": "Choice",
      "name": "selectedinstallgrade",
      "display_name": "Insulation installation grade of wood stud wall cavity",
      "units": null,
      "description": null,
      "choices": [
        "I",
        "II",
        "III"
      ]
    },
    {
      "local_variable": "selected_insfills",
      "variable_type": "Bool",
      "name": "selectedinsfills",
      "display_name": "Cavity insulation fills the cavity",
      "units": null,
      "description": null
    },
    {
      "local_variable": "# selected_rigidins",
      "variable_type": "Choice",
      "name": "selectedrigidins",
      "display_name": "Rigid insulation of wall cavityFor manually entering rigid insulation properties of wall cavity, leave blank",
      "units": null,
      "description": null,
      "choices": [

      ]
    },
    {
      "local_variable": "userdefined_rigidinsthickness",
      "variable_type": "Double",
      "name": "userdefinedrigidinsthickness",
      "display_name": "Rigid insulation thickness of wall cavity",
      "units": null,
      "description": null,
      "default_value": 0.0
    },
    {
      "local_variable": "userdefined_rigidinsr",
      "variable_type": "Double",
      "name": "userdefinedrigidinsr",
      "display_name": "Rigid insulation R-value of wall cavity",
      "units": null,
      "description": null,
      "default_value": 0.0
    }
  ],
  "name_xml": "process_constructions_interior_insulated_walls",
  "uid": "944105aa-3789-447c-bf4b-ace7eadee2db",
  "version_id": "d1208eac-be9b-4cf4-8cf8-4089f69e5bfa",
  "modeler_description": "Calculates material layer properties of insulated constructions for the interzonal walls between the living space and the garage. Finds surfaces adjacent to the living space and garage and sets applicable constructions.",
  "description": "This measure creates insulated constructions for the interzonal walls between the living space and the garage.",
  "tags": [
    "Envelope.Opaque"
  ]
}