<measure>
  <schema_version>3.0</schema_version>
  <name>process_constructions_interior_uninsulated_floors</name>
  <uid>477cfef1-0c37-4b16-9cfd-82d617472e43</uid>
  <version_id>4b371504-f0b0-44ec-9a78-8700a9854df2</version_id>
  <xml_checksum>1E963D9C</xml_checksum>
  <class_name>ProcessConstructionsInteriorUninsulatedFloors</class_name>
  <display_name>Assign Residential Uninsulated Floor Construction</display_name>
  <description>This measure assigns a construction to the floors between living spaces and the floors between the living space and finished basement.</description>
  <modeler_description>Calculates material layer properties of uninsulated constructions for the floors between living spaces and the floors between the living space and finished basement. Finds surfaces adjacent to the living space and finished basement and sets applicable constructions.</modeler_description>
  <arguments>
    <argument>
      <name>userdefinedgypthickness</name>
      <display_name>Ceiling Mass: Thickness</display_name>
      <description>Gypsum layer thickness.</description>
      <type>Double</type>
      <units>in</units>
      <required>false</required>
      <model_dependent>false</model_dependent>
      <default_value>0.5</default_value>
    </argument>
    <argument>
      <name>userdefinedgyplayers</name>
      <display_name>Ceiling Mass: Num Layers</display_name>
      <description>Integer number of layers of gypsum.</description>
      <type>Double</type>
      <units>#</units>
      <required>false</required>
      <model_dependent>false</model_dependent>
      <default_value>1</default_value>
    </argument>
    <argument>
      <name>userdefinedfloormassth</name>
      <display_name>Floor Mass: Thickness</display_name>
      <description>Thickness of the floor mass.</description>
      <type>Double</type>
      <units>in</units>
      <required>false</required>
      <model_dependent>false</model_dependent>
      <default_value>0.625</default_value>
    </argument>
    <argument>
      <name>userdefinedfloormasscond</name>
      <display_name>Floor Mass: Conductivity</display_name>
      <description>Conductivity of the floor mass.</description>
      <type>Double</type>
      <units>Btu-in/h-ft^2-R</units>
      <required>false</required>
      <model_dependent>false</model_dependent>
      <default_value>0.8004</default_value>
    </argument>
    <argument>
      <name>userdefinedfloormassdens</name>
      <display_name>Floor Mass: Density</display_name>
      <description>Density of the floor mass.</description>
      <type>Double</type>
      <units>lb/ft^3</units>
      <required>false</required>
      <model_dependent>false</model_dependent>
      <default_value>34</default_value>
    </argument>
    <argument>
      <name>userdefinedfloormasssh</name>
      <display_name>Floor Mass: Specific Heat</display_name>
      <description>Specific heat of the floor mass.</description>
      <type>Double</type>
      <units>Btu/lb-R</units>
      <required>false</required>
      <model_dependent>false</model_dependent>
      <default_value>0.29</default_value>
    </argument>
    <argument>
      <name>userdefinedcarpetr</name>
      <display_name>Carpet: Carpet Pad R-value</display_name>
      <description>The combined R-value of the carpet and the pad.</description>
      <type>Double</type>
      <units>hr-ft^2-R/Btu</units>
      <required>false</required>
      <model_dependent>false</model_dependent>
      <default_value>2.08</default_value>
    </argument>
    <argument>
      <name>userdefinedcarpetfrac</name>
      <display_name>Carpet: Floor Carpet Fraction</display_name>
      <description>Defines the fraction of a floor which is covered by carpet.</description>
      <type>Double</type>
      <units>frac</units>
      <required>false</required>
      <model_dependent>false</model_dependent>
      <default_value>0.8</default_value>
    </argument>
    <argument>
      <name>living_space_type</name>
      <display_name>Living space type</display_name>
      <description>Select the living space type</description>
      <type>Choice</type>
      <required>true</required>
      <model_dependent>false</model_dependent>
      <default_value>living</default_value>
      <choices>
        <choice>
          <value>living</value>
          <display_name>living</display_name>
        </choice>
      </choices>
    </argument>
    <argument>
      <name>fbasement_space_type</name>
      <display_name>Finished Basement space type</display_name>
      <description>Select the finished basement space type</description>
      <type>Choice</type>
      <required>true</required>
      <model_dependent>false</model_dependent>
      <default_value>finished basement</default_value>
      <choices>
        <choice>
          <value>finished basement</value>
          <display_name>finished basement</display_name>
        </choice>
      </choices>
    </argument>
    <argument>
      <name>garage_space_type</name>
      <display_name>Garage space type</display_name>
      <description>Select the garage space type</description>
      <type>Choice</type>
      <required>true</required>
      <model_dependent>false</model_dependent>
      <default_value>garage</default_value>
      <choices>
        <choice>
          <value>garage</value>
          <display_name>garage</display_name>
        </choice>
      </choices>
    </argument>
    <argument>
      <name>unfin_attic_space_type</name>
      <display_name>Unfinished Attic space type</display_name>
      <description>Select the unfinished attic space type</description>
      <type>Choice</type>
      <required>true</required>
      <model_dependent>false</model_dependent>
      <default_value>unfinished attic</default_value>
      <choices>
        <choice>
          <value>unfinished attic</value>
          <display_name>unfinished attic</display_name>
        </choice>
      </choices>
    </argument>
  </arguments>
  <provenances/>
  <tags>
    <tag>Envelope.Opaque</tag>
  </tags>
  <attributes>
    <attribute>
      <name>Measure Type</name>
      <value>ModelMeasure</value>
      <datatype>string</datatype>
    </attribute>
    <attribute>
      <name>Uses SketchUp API</name>
      <value>false</value>
      <datatype>boolean</datatype>
    </attribute>
  </attributes>
  <files>
    <file>
      <filename>ProcessConstructionsInteriorUninsulatedFloors_Test.rb</filename>
      <filetype>rb</filetype>
      <usage_type>test</usage_type>
      <checksum>99EA63E5</checksum>
    </file>
    <file>
      <filename>unit_conversions.rb</filename>
      <filetype>rb</filetype>
      <usage_type>resource</usage_type>
      <checksum>058A19F9</checksum>
    </file>
    <file>
      <version>
        <software_program>OpenStudio</software_program>
        <identifier>1.4.0</identifier>
        <min_compatible>1.4.0</min_compatible>
      </version>
      <filename>measure.rb</filename>
      <filetype>rb</filetype>
      <usage_type>script</usage_type>
      <checksum>1DC326C0</checksum>
    </file>
    <file>
      <filename>psychrometrics.rb</filename>
      <filetype>rb</filetype>
      <usage_type>resource</usage_type>
      <checksum>B9149D09</checksum>
    </file>
    <file>
      <filename>weather.rb</filename>
      <filetype>rb</filetype>
      <usage_type>resource</usage_type>
      <checksum>4D7F6365</checksum>
    </file>
    <file>
      <filename>constants.rb</filename>
      <filetype>rb</filetype>
      <usage_type>resource</usage_type>
      <checksum>7FE94C0A</checksum>
    </file>
    <file>
      <filename>util.rb</filename>
      <filetype>rb</filetype>
      <usage_type>resource</usage_type>
      <checksum>7465C670</checksum>
    </file>
  </files>
</measure>
