<measure>
  <schema_version>3.0</schema_version>
  <name>process_constructions_ceilings_roofs_sheathing</name>
  <uid>f9125155-4fe6-4dae-b5a6-e1249eb2da3c</uid>
  <version_id>85fffb08-6a7d-4e02-9252-7de2134f565a</version_id>
  <version_modified>20160524T202858Z</version_modified>
  <xml_checksum>A465C8A5</xml_checksum>
  <class_name>ProcessConstructionsCeilingsRoofsSheathing</class_name>
  <display_name>Set Residential Ceilings/Roofs - Roof Sheathing</display_name>
  <description>This measure assigns roof sheathing to all attic roofs.</description>
  <modeler_description>Assigns material layer properties for all attic roofs.</modeler_description>
  <arguments>
    <argument>
      <name>osb_thick_in</name>
      <display_name>OSB/Plywood Thickness</display_name>
      <description>Specifies the thickness of the roof OSB/plywood sheathing. Enter 0 for no sheathing.</description>
      <type>Double</type>
      <units>in</units>
      <required>true</required>
      <model_dependent>false</model_dependent>
      <default_value>0.75</default_value>
    </argument>
    <argument>
      <name>rigid_rvalue</name>
      <display_name>Continuous Insulation Nominal R-value</display_name>
      <description>The R-value of the continuous insulation.</description>
      <type>Double</type>
      <units>h-ft^2-R/Btu</units>
      <required>true</required>
      <model_dependent>false</model_dependent>
      <default_value>0</default_value>
    </argument>
    <argument>
      <name>rigid_thick_in</name>
      <display_name>Continuous Insulation Thickness</display_name>
      <description>The thickness of the continuous insulation.</description>
      <type>Double</type>
      <units>in</units>
      <required>true</required>
      <model_dependent>false</model_dependent>
      <default_value>0</default_value>
    </argument>
  </arguments>
  <provenances/>
  <tags>
    <tag>Envelope.Opaque</tag>
  </tags>
  <attributes>
    <attribute>
      <name>Intended Software Tool</name>
      <value>Apply Measure Now</value>
      <datatype>string</datatype>
    </attribute>
    <attribute>
      <name>Intended Software Tool</name>
      <value>OpenStudio Application</value>
      <datatype>string</datatype>
    </attribute>
    <attribute>
      <name>Intended Software Tool</name>
      <value>Parametric Analysis Tool</value>
      <datatype>string</datatype>
    </attribute>
    <attribute>
      <name>Measure Type</name>
      <value>ModelMeasure</value>
      <datatype>string</datatype>
    </attribute>
    <attribute>
      <name>Intended Software Tool</name>
      <value>Apply Measure Now</value>
      <datatype>string</datatype>
    </attribute>
    <attribute>
      <name>Intended Software Tool</name>
      <value>OpenStudio Application</value>
      <datatype>string</datatype>
    </attribute>
    <attribute>
      <name>Intended Software Tool</name>
      <value>Parametric Analysis Tool</value>
      <datatype>string</datatype>
    </attribute>
  </attributes>
  <files>
    <file>
      <filename>example_model.osm</filename>
      <filetype>osm</filetype>
      <usage_type>test</usage_type>
      <checksum>C4F35230</checksum>
    </file>
    <file>
      <filename>set_residential_roofl_sheathing_test.rb</filename>
      <filetype>rb</filetype>
      <usage_type>test</usage_type>
      <checksum>FD3858BB</checksum>
    </file>
    <file>
      <version>
        <software_program>OpenStudio</software_program>
        <identifier>1.10.0</identifier>
        <min_compatible>1.10.0</min_compatible>
      </version>
      <filename>measure.rb</filename>
      <filetype>rb</filetype>
      <usage_type>script</usage_type>
      <checksum>EC6AA9CE</checksum>
    </file>
    <file>
      <filename>geometry.rb</filename>
      <filetype>rb</filetype>
      <usage_type>resource</usage_type>
      <checksum>75AC76FD</checksum>
    </file>
    <file>
      <filename>constants.rb</filename>
      <filetype>rb</filetype>
      <usage_type>resource</usage_type>
      <checksum>47EA779B</checksum>
    </file>
    <file>
      <filename>util.rb</filename>
      <filetype>rb</filetype>
      <usage_type>resource</usage_type>
      <checksum>E4784B5E</checksum>
    </file>
  </files>
</measure>
