{
  "classname": "ProcessElectricBaseboard",
  "name": "process_electric_baseboard",
  "display_name": "Process Electric Baseboard",
  "measure_type": "RubyMeasure",
  "arguments": [
    {
      "local_variable": "selected_living",
      "variable_type": "Choice",
      "name": "selectedliving",
      "display_name": "Which is the living space zone",
      "units": null,
      "description": null,
      "choices": [

      ]
    },
    {
      "local_variable": "selected_fbsmt",
      "variable_type": "Choice",
      "name": "selectedfbsmt",
      "display_name": "Which is the finished basement zone",
      "units": null,
      "description": null,
      "choices": [

      ]
    },
    {
      "local_variable": "userdefined_eff",
      "variable_type": "Double",
      "name": "userdefinedeff",
      "display_name": "The efficiency of the electric baseboard",
      "units": null,
      "description": null,
      "default_value": 1.0
    },
    {
      "local_variable": "selected_baseboardcap",
      "variable_type": "Choice",
      "name": "selectedbaseboardcap",
      "display_name": "Heating Output Capacity",
      "units": null,
      "description": null,
      "default_value": "Autosize",
      "choices": [
        "Autosize",
        "#{kbtu} kBtu/hr"
      ]
    }
  ],
  "name_xml": "process_electric_baseboard",
  "uid": "3ed9f2f9-5d0a-4115-ac5b-b11db9a5b02d",
  "version_id": "98f63f45-9d5d-4d57-b8e3-3938c1bb589f",
  "modeler_description": "This measure parses the OSM for the HeatingSeasonSchedule. Any existing baseboard convective electrics are removed from any existing zones. An HVAC baseboard convective electric is added to the living zone, as well as to the finished basement if it exists.",
  "description": "This measure removes any existing electric baseboards from the building and adds electric baseboards.",
  "tags": [
    "HVAC.Heating"
  ]
}