<measure>
  <schema_version>3.0</schema_version>
  <name>add_residential_occupants</name>
  <uid>f2397929-23f4-46a9-8e46-23aad913d09f</uid>
  <version_id>c245f609-f9f5-4ff9-9978-3b0fc471fcb7</version_id>
  <version_modified>20170105T204932Z</version_modified>
  <xml_checksum>57232789</xml_checksum>
  <class_name>AddResidentialOccupants</class_name>
  <display_name>Set Residential Number of Occupants</display_name>
  <description>Sets the number of occupants in the building. For multifamily buildings, the people can be set for all units of the building.</description>
  <modeler_description>Sets (or replaces) the People object for each finished space in the model.</modeler_description>
  <arguments>
    <argument>
      <name>num_occ</name>
      <display_name>Number of Occupants</display_name>
      <description>Specify the number of occupants. For a multifamily building, specify one value for all units or a comma-separated set of values (in the correct order) for each unit. A value of 'auto' will calculate the average number of occupants from the number of bedrooms. Used to specify the internal gains from people only.</description>
      <type>String</type>
      <required>false</required>
      <model_dependent>false</model_dependent>
      <default_value>auto</default_value>
    </argument>
    <argument>
      <name>weekday_sch</name>
      <display_name>Weekday schedule</display_name>
      <description>Specify the 24-hour weekday schedule.</description>
      <type>String</type>
      <required>true</required>
      <model_dependent>false</model_dependent>
      <default_value>1.00000, 1.00000, 1.00000, 1.00000, 1.00000, 1.00000, 1.00000, 0.88310, 0.40861, 0.24189, 0.24189, 0.24189, 0.24189, 0.24189, 0.24189, 0.24189, 0.29498, 0.55310, 0.89693, 0.89693, 0.89693, 1.00000, 1.00000, 1.00000</default_value>
    </argument>
    <argument>
      <name>weekend_sch</name>
      <display_name>Weekend schedule</display_name>
      <description>Specify the 24-hour weekend schedule.</description>
      <type>String</type>
      <required>true</required>
      <model_dependent>false</model_dependent>
      <default_value>1.00000, 1.00000, 1.00000, 1.00000, 1.00000, 1.00000, 1.00000, 0.88310, 0.40861, 0.24189, 0.24189, 0.24189, 0.24189, 0.24189, 0.24189, 0.24189, 0.29498, 0.55310, 0.89693, 0.89693, 0.89693, 1.00000, 1.00000, 1.00000</default_value>
    </argument>
    <argument>
      <name>monthly_sch</name>
      <display_name>Month schedule</display_name>
      <description>Specify the 12-month schedule.</description>
      <type>String</type>
      <required>true</required>
      <model_dependent>false</model_dependent>
      <default_value>1.0, 1.0, 1.0, 1.0, 1.0, 1.0, 1.0, 1.0, 1.0, 1.0, 1.0, 1.0</default_value>
    </argument>
  </arguments>
  <provenances/>
  <tags>
    <tag>People.Characteristics</tag>
  </tags>
  <attributes>
    <attribute>
      <name>Measure Type</name>
      <value>ModelMeasure</value>
      <datatype>string</datatype>
    </attribute>
    <attribute>
      <name>Intended Software Tool</name>
      <value>Apply Measure Now</value>
      <datatype>string</datatype>
    </attribute>
    <attribute>
      <name>Intended Software Tool</name>
      <value>OpenStudio Application</value>
      <datatype>string</datatype>
    </attribute>
    <attribute>
      <name>Intended Software Tool</name>
      <value>Parametric Analysis Tool</value>
      <datatype>string</datatype>
    </attribute>
  </attributes>
  <files>
    <file>
      <filename>2000sqft_2story_FB_GRG_UA.osm</filename>
      <filetype>osm</filetype>
      <usage_type>test</usage_type>
      <checksum>850FE64F</checksum>
    </file>
    <file>
      <filename>2000sqft_2story_FB_GRG_UA_3Beds_2Baths.osm</filename>
      <filetype>osm</filetype>
      <usage_type>test</usage_type>
      <checksum>AFD25860</checksum>
    </file>
    <file>
      <filename>multifamily_3_units_Beds_Baths.osm</filename>
      <filetype>osm</filetype>
      <usage_type>test</usage_type>
      <checksum>FB1F52FA</checksum>
    </file>
    <file>
      <version>
        <software_program>OpenStudio</software_program>
        <identifier>1.9.0</identifier>
        <min_compatible>1.13.1</min_compatible>
      </version>
      <filename>measure.rb</filename>
      <filetype>rb</filetype>
      <usage_type>script</usage_type>
      <checksum>C00C0E60</checksum>
    </file>
    <file>
      <filename>ResidentialOccupants_Test.rb</filename>
      <filetype>rb</filetype>
      <usage_type>test</usage_type>
      <checksum>0518B3E9</checksum>
    </file>
    <file>
      <filename>schedules.rb</filename>
      <filetype>rb</filetype>
      <usage_type>resource</usage_type>
      <checksum>C3399417</checksum>
    </file>
    <file>
      <filename>util.rb</filename>
      <filetype>rb</filetype>
      <usage_type>resource</usage_type>
      <checksum>108E0E50</checksum>
    </file>
    <file>
      <filename>constants.rb</filename>
      <filetype>rb</filetype>
      <usage_type>resource</usage_type>
      <checksum>866A1677</checksum>
    </file>
    <file>
      <filename>geometry.rb</filename>
      <filetype>rb</filetype>
      <usage_type>resource</usage_type>
      <checksum>87110438</checksum>
    </file>
  </files>
</measure>
