<measure>
  <schema_version>3.0</schema_version>
  <name>process_constructions_ceilings_roofs_roofing_material</name>
  <uid>3239e82d-5efc-4a17-9223-c7c1cd8c9cf7</uid>
  <version_id>baf43776-1af8-49c2-8f7c-a6edb6e09c47</version_id>
  <version_modified>20160418T160636Z</version_modified>
  <xml_checksum>A465C8A5</xml_checksum>
  <class_name>ProcessConstructionsCeilingsRoofsRoofingMaterial</class_name>
  <display_name>Set Residential Ceilings/Roofs - Roofing Material</display_name>
  <description>This measure assigns the roofing material to all roof surfaces.</description>
  <modeler_description>Assigns material layer properties for all roofceiling surfaces adjacent to outside.</modeler_description>
  <arguments>
    <argument>
      <name>solar_abs</name>
      <display_name>Solar Absorptivity</display_name>
      <description>Fraction of the incident radiation that is absorbed.</description>
      <type>Double</type>
      <required>true</required>
      <model_dependent>false</model_dependent>
      <default_value>0.85</default_value>
    </argument>
    <argument>
      <name>emiss</name>
      <display_name>Emissivity</display_name>
      <description>Measure of the exterior finish's ability to emit infrared energy.</description>
      <type>Double</type>
      <required>true</required>
      <model_dependent>false</model_dependent>
      <default_value>0.91</default_value>
    </argument>
  </arguments>
  <provenances/>
  <tags>
    <tag>Envelope.Opaque</tag>
  </tags>
  <attributes>
    <attribute>
      <name>Intended Software Tool</name>
      <value>Apply Measure Now</value>
      <datatype>string</datatype>
    </attribute>
    <attribute>
      <name>Intended Software Tool</name>
      <value>OpenStudio Application</value>
      <datatype>string</datatype>
    </attribute>
    <attribute>
      <name>Intended Software Tool</name>
      <value>Parametric Analysis Tool</value>
      <datatype>string</datatype>
    </attribute>
    <attribute>
      <name>Measure Type</name>
      <value>ModelMeasure</value>
      <datatype>string</datatype>
    </attribute>
    <attribute>
      <name>Intended Software Tool</name>
      <value>Apply Measure Now</value>
      <datatype>string</datatype>
    </attribute>
    <attribute>
      <name>Intended Software Tool</name>
      <value>OpenStudio Application</value>
      <datatype>string</datatype>
    </attribute>
    <attribute>
      <name>Intended Software Tool</name>
      <value>Parametric Analysis Tool</value>
      <datatype>string</datatype>
    </attribute>
  </attributes>
  <files>
    <file>
      <filename>example_model.osm</filename>
      <filetype>osm</filetype>
      <usage_type>test</usage_type>
      <checksum>C4F35230</checksum>
    </file>
    <file>
      <filename>set_residential_roofing_material_test.rb</filename>
      <filetype>rb</filetype>
      <usage_type>test</usage_type>
      <checksum>D821160D</checksum>
    </file>
    <file>
      <version>
        <software_program>OpenStudio</software_program>
        <identifier>1.10.0</identifier>
        <min_compatible>1.10.0</min_compatible>
      </version>
      <filename>measure.rb</filename>
      <filetype>rb</filetype>
      <usage_type>script</usage_type>
      <checksum>11275F9E</checksum>
    </file>
    <file>
      <filename>constants.rb</filename>
      <filetype>rb</filetype>
      <usage_type>resource</usage_type>
      <checksum>D28DC6BC</checksum>
    </file>
    <file>
      <filename>util.rb</filename>
      <filetype>rb</filetype>
      <usage_type>resource</usage_type>
      <checksum>5D8C22C7</checksum>
    </file>
    <file>
      <filename>geometry.rb</filename>
      <filetype>rb</filetype>
      <usage_type>resource</usage_type>
      <checksum>A05275C3</checksum>
    </file>
  </files>
</measure>
