<measure>
  <schema_version>3.0</schema_version>
  <name>residential_dishwasher</name>
  <uid>09ea4570-4666-4a55-812f-5e90091f5325</uid>
  <version_id>4edcec07-3847-4f0c-8701-9a5dfe11305b</version_id>
  <version_modified>20161221T215453Z</version_modified>
  <xml_checksum>126F1C43</xml_checksum>
  <class_name>ResidentialDishwasher</class_name>
  <display_name>Set Residential Dishwasher</display_name>
  <description>Adds (or replaces) a residential dishwasher with the specified efficiency, operation, and schedule. For multifamily buildings, the dishwasher can be set for all units of the building.</description>
  <modeler_description>Since there is no Dishwasher object in OpenStudio/EnergyPlus, we look for an ElectricEquipment object with the name that denotes it is a residential dishwasher. If one is found, it is replaced with the specified properties. Otherwise, a new such object is added to the model. Note: This measure requires the number of bedrooms/bathrooms to have already been assigned.</modeler_description>
  <arguments>
    <argument>
      <name>num_settings</name>
      <display_name>Number of Place Settings</display_name>
      <description>The number of place settings for the unit. Data obtained from manufacturer's literature.</description>
      <type>Integer</type>
      <units>#</units>
      <required>true</required>
      <model_dependent>false</model_dependent>
      <default_value>12</default_value>
    </argument>
    <argument>
      <name>dw_E</name>
      <display_name>Rated Annual Consumption</display_name>
      <description>The annual energy consumed by the dishwasher, as rated, obtained from the EnergyGuide label. This includes both the appliance electricity consumption and the energy required for water heating.</description>
      <type>Double</type>
      <units>kWh</units>
      <required>true</required>
      <model_dependent>false</model_dependent>
      <default_value>290</default_value>
    </argument>
    <argument>
      <name>int_htr</name>
      <display_name>Internal Heater Adjustment</display_name>
      <description>Does the system use an internal electric heater to adjust water temperature? Input obtained from manufacturer's literature.</description>
      <type>Boolean</type>
      <required>true</required>
      <model_dependent>false</model_dependent>
      <default_value>true</default_value>
      <choices>
        <choice>
          <value>true</value>
          <display_name>true</display_name>
        </choice>
        <choice>
          <value>false</value>
          <display_name>false</display_name>
        </choice>
      </choices>
    </argument>
    <argument>
      <name>cold_inlet</name>
      <display_name>Cold Water Inlet Only</display_name>
      <description>Does the dishwasher use a cold water connection only.   Input obtained from manufacturer's literature.</description>
      <type>Boolean</type>
      <required>true</required>
      <model_dependent>false</model_dependent>
      <default_value>false</default_value>
      <choices>
        <choice>
          <value>true</value>
          <display_name>true</display_name>
        </choice>
        <choice>
          <value>false</value>
          <display_name>false</display_name>
        </choice>
      </choices>
    </argument>
    <argument>
      <name>cold_use</name>
      <display_name>Cold Water Conn Use Per Cycle</display_name>
      <description>Volume of water per cycle used if there is only a cold water inlet connection, for the dishwasher. Input obtained from manufacturer's literature.</description>
      <type>Double</type>
      <units>gal/cycle</units>
      <required>true</required>
      <model_dependent>false</model_dependent>
      <default_value>0</default_value>
    </argument>
    <argument>
      <name>eg_date</name>
      <display_name>Energy Guide Date</display_name>
      <description>Energy Guide test date.</description>
      <type>Integer</type>
      <required>true</required>
      <model_dependent>false</model_dependent>
      <default_value>2007</default_value>
    </argument>
    <argument>
      <name>eg_gas_cost</name>
      <display_name>Energy Guide Annual Gas Cost</display_name>
      <description>Annual cost of gas, as rated.  Obtained from the EnergyGuide label.</description>
      <type>Double</type>
      <units>$/yr</units>
      <required>true</required>
      <model_dependent>false</model_dependent>
      <default_value>23</default_value>
    </argument>
    <argument>
      <name>mult_e</name>
      <display_name>Occupancy Energy Multiplier</display_name>
      <description>Appliance energy use is multiplied by this factor to account for occupancy usage that differs from the national average.</description>
      <type>Double</type>
      <required>true</required>
      <model_dependent>false</model_dependent>
      <default_value>1</default_value>
    </argument>
    <argument>
      <name>mult_hw</name>
      <display_name>Occupancy Hot Water Multiplier</display_name>
      <description>Appliance hot water use is multiplied by this factor to account for occupancy usage that differs from the national average. This should generally be equal to the Occupancy Energy Multiplier.</description>
      <type>Double</type>
      <required>true</required>
      <model_dependent>false</model_dependent>
      <default_value>1</default_value>
    </argument>
    <argument>
      <name>space</name>
      <display_name>Location</display_name>
      <description>Select the space where the dishwasher is located. 'auto' will choose the lowest above-grade finished space available (e.g., first story living space), or a below-grade finished space as last resort. For multifamily buildings, 'auto' will choose a space for each unit of the building.</description>
      <type>Choice</type>
      <required>true</required>
      <model_dependent>false</model_dependent>
      <default_value>auto</default_value>
      <choices>
        <choice>
          <value>auto</value>
          <display_name>auto</display_name>
        </choice>
      </choices>
    </argument>
    <argument>
      <name>plant_loop</name>
      <display_name>Plant Loop</display_name>
      <description>Select the plant loop for the dishwasher. 'auto' will try to choose the plant loop associated with the specified space. For multifamily buildings, 'auto' will choose the plant loop for each unit of the building.</description>
      <type>Choice</type>
      <required>true</required>
      <model_dependent>false</model_dependent>
      <default_value>auto</default_value>
      <choices>
        <choice>
          <value>auto</value>
          <display_name>auto</display_name>
        </choice>
      </choices>
    </argument>
  </arguments>
  <provenances/>
  <tags>
    <tag>Equipment.Electric Equipment</tag>
  </tags>
  <attributes>
    <attribute>
      <name>Measure Type</name>
      <value>ModelMeasure</value>
      <datatype>string</datatype>
    </attribute>
    <attribute>
      <name>Uses SketchUp API</name>
      <value>false</value>
      <datatype>boolean</datatype>
    </attribute>
  </attributes>
  <files>
    <file>
      <filename>MinuteDrawProfilesMaxFlows.csv</filename>
      <filetype>csv</filetype>
      <usage_type>resource</usage_type>
      <checksum>9D722D63</checksum>
    </file>
    <file>
      <filename>USA_CO_Denver_Intl_AP_725650_TMY3.ddy</filename>
      <filetype>ddy</filetype>
      <usage_type>test</usage_type>
      <checksum>FB253570</checksum>
    </file>
    <file>
      <filename>USA_CO_Denver_Intl_AP_725650_TMY3.epw</filename>
      <filetype>epw</filetype>
      <usage_type>test</usage_type>
      <checksum>E23378AA</checksum>
    </file>
    <file>
      <filename>psychrometrics.rb</filename>
      <filetype>rb</filetype>
      <usage_type>resource</usage_type>
      <checksum>078F0169</checksum>
    </file>
    <file>
      <filename>DishwasherSchedule_1bed_unit0.csv</filename>
      <filetype>csv</filetype>
      <usage_type>resource</usage_type>
      <checksum>90A550A7</checksum>
    </file>
    <file>
      <filename>DishwasherSchedule_2bed_unit0.csv</filename>
      <filetype>csv</filetype>
      <usage_type>resource</usage_type>
      <checksum>31430460</checksum>
    </file>
    <file>
      <filename>DishwasherSchedule_3bed_unit0.csv</filename>
      <filetype>csv</filetype>
      <usage_type>resource</usage_type>
      <checksum>09793B3A</checksum>
    </file>
    <file>
      <filename>DishwasherSchedule_4bed_unit0.csv</filename>
      <filetype>csv</filetype>
      <usage_type>resource</usage_type>
      <checksum>09D885F6</checksum>
    </file>
    <file>
      <filename>DishwasherSchedule_5bed_unit0.csv</filename>
      <filetype>csv</filetype>
      <usage_type>resource</usage_type>
      <checksum>E6724679</checksum>
    </file>
    <file>
      <filename>DishwasherSchedule_1bed_unit1.csv</filename>
      <filetype>csv</filetype>
      <usage_type>resource</usage_type>
      <checksum>B901DCBB</checksum>
    </file>
    <file>
      <filename>DishwasherSchedule_1bed_unit2.csv</filename>
      <filetype>csv</filetype>
      <usage_type>resource</usage_type>
      <checksum>79C0EC0E</checksum>
    </file>
    <file>
      <filename>DishwasherSchedule_1bed_unit3.csv</filename>
      <filetype>csv</filetype>
      <usage_type>resource</usage_type>
      <checksum>1353688E</checksum>
    </file>
    <file>
      <filename>DishwasherSchedule_1bed_unit4.csv</filename>
      <filetype>csv</filetype>
      <usage_type>resource</usage_type>
      <checksum>C48A4F75</checksum>
    </file>
    <file>
      <filename>DishwasherSchedule_1bed_unit5.csv</filename>
      <filetype>csv</filetype>
      <usage_type>resource</usage_type>
      <checksum>9206464B</checksum>
    </file>
    <file>
      <filename>DishwasherSchedule_1bed_unit6.csv</filename>
      <filetype>csv</filetype>
      <usage_type>resource</usage_type>
      <checksum>92C8C79C</checksum>
    </file>
    <file>
      <filename>DishwasherSchedule_1bed_unit7.csv</filename>
      <filetype>csv</filetype>
      <usage_type>resource</usage_type>
      <checksum>7D49E53D</checksum>
    </file>
    <file>
      <filename>DishwasherSchedule_1bed_unit8.csv</filename>
      <filetype>csv</filetype>
      <usage_type>resource</usage_type>
      <checksum>F171BEE8</checksum>
    </file>
    <file>
      <filename>DishwasherSchedule_1bed_unit9.csv</filename>
      <filetype>csv</filetype>
      <usage_type>resource</usage_type>
      <checksum>D1CC0F2A</checksum>
    </file>
    <file>
      <filename>DishwasherSchedule_2bed_unit1.csv</filename>
      <filetype>csv</filetype>
      <usage_type>resource</usage_type>
      <checksum>CFC8B6E0</checksum>
    </file>
    <file>
      <filename>DishwasherSchedule_2bed_unit2.csv</filename>
      <filetype>csv</filetype>
      <usage_type>resource</usage_type>
      <checksum>D6A36F27</checksum>
    </file>
    <file>
      <filename>DishwasherSchedule_2bed_unit3.csv</filename>
      <filetype>csv</filetype>
      <usage_type>resource</usage_type>
      <checksum>90F26D1A</checksum>
    </file>
    <file>
      <filename>DishwasherSchedule_2bed_unit4.csv</filename>
      <filetype>csv</filetype>
      <usage_type>resource</usage_type>
      <checksum>6B4937DF</checksum>
    </file>
    <file>
      <filename>DishwasherSchedule_2bed_unit5.csv</filename>
      <filetype>csv</filetype>
      <usage_type>resource</usage_type>
      <checksum>C75A22AF</checksum>
    </file>
    <file>
      <filename>DishwasherSchedule_2bed_unit6.csv</filename>
      <filetype>csv</filetype>
      <usage_type>resource</usage_type>
      <checksum>274A7D9F</checksum>
    </file>
    <file>
      <filename>DishwasherSchedule_2bed_unit7.csv</filename>
      <filetype>csv</filetype>
      <usage_type>resource</usage_type>
      <checksum>3D8E7D7E</checksum>
    </file>
    <file>
      <filename>DishwasherSchedule_2bed_unit8.csv</filename>
      <filetype>csv</filetype>
      <usage_type>resource</usage_type>
      <checksum>CEC085E1</checksum>
    </file>
    <file>
      <filename>DishwasherSchedule_2bed_unit9.csv</filename>
      <filetype>csv</filetype>
      <usage_type>resource</usage_type>
      <checksum>B355094F</checksum>
    </file>
    <file>
      <filename>DishwasherSchedule_3bed_unit1.csv</filename>
      <filetype>csv</filetype>
      <usage_type>resource</usage_type>
      <checksum>C31D730D</checksum>
    </file>
    <file>
      <filename>DishwasherSchedule_3bed_unit2.csv</filename>
      <filetype>csv</filetype>
      <usage_type>resource</usage_type>
      <checksum>7306B55D</checksum>
    </file>
    <file>
      <filename>DishwasherSchedule_3bed_unit3.csv</filename>
      <filetype>csv</filetype>
      <usage_type>resource</usage_type>
      <checksum>6CFCD153</checksum>
    </file>
    <file>
      <filename>DishwasherSchedule_3bed_unit4.csv</filename>
      <filetype>csv</filetype>
      <usage_type>resource</usage_type>
      <checksum>860B049D</checksum>
    </file>
    <file>
      <filename>DishwasherSchedule_3bed_unit5.csv</filename>
      <filetype>csv</filetype>
      <usage_type>resource</usage_type>
      <checksum>5AD7E833</checksum>
    </file>
    <file>
      <filename>DishwasherSchedule_3bed_unit6.csv</filename>
      <filetype>csv</filetype>
      <usage_type>resource</usage_type>
      <checksum>15E69DFE</checksum>
    </file>
    <file>
      <filename>DishwasherSchedule_3bed_unit7.csv</filename>
      <filetype>csv</filetype>
      <usage_type>resource</usage_type>
      <checksum>E8737DEA</checksum>
    </file>
    <file>
      <filename>DishwasherSchedule_3bed_unit8.csv</filename>
      <filetype>csv</filetype>
      <usage_type>resource</usage_type>
      <checksum>6B3E3469</checksum>
    </file>
    <file>
      <filename>DishwasherSchedule_3bed_unit9.csv</filename>
      <filetype>csv</filetype>
      <usage_type>resource</usage_type>
      <checksum>14BAF9E4</checksum>
    </file>
    <file>
      <filename>DishwasherSchedule_4bed_unit1.csv</filename>
      <filetype>csv</filetype>
      <usage_type>resource</usage_type>
      <checksum>56248810</checksum>
    </file>
    <file>
      <filename>DishwasherSchedule_4bed_unit2.csv</filename>
      <filetype>csv</filetype>
      <usage_type>resource</usage_type>
      <checksum>E7D901CA</checksum>
    </file>
    <file>
      <filename>DishwasherSchedule_4bed_unit3.csv</filename>
      <filetype>csv</filetype>
      <usage_type>resource</usage_type>
      <checksum>FB426295</checksum>
    </file>
    <file>
      <filename>DishwasherSchedule_4bed_unit4.csv</filename>
      <filetype>csv</filetype>
      <usage_type>resource</usage_type>
      <checksum>5F9BF284</checksum>
    </file>
    <file>
      <filename>DishwasherSchedule_4bed_unit5.csv</filename>
      <filetype>csv</filetype>
      <usage_type>resource</usage_type>
      <checksum>1BA06B8E</checksum>
    </file>
    <file>
      <filename>DishwasherSchedule_4bed_unit6.csv</filename>
      <filetype>csv</filetype>
      <usage_type>resource</usage_type>
      <checksum>3D2D0330</checksum>
    </file>
    <file>
      <filename>DishwasherSchedule_4bed_unit7.csv</filename>
      <filetype>csv</filetype>
      <usage_type>resource</usage_type>
      <checksum>0E81224A</checksum>
    </file>
    <file>
      <filename>DishwasherSchedule_4bed_unit8.csv</filename>
      <filetype>csv</filetype>
      <usage_type>resource</usage_type>
      <checksum>17B4A869</checksum>
    </file>
    <file>
      <filename>DishwasherSchedule_4bed_unit9.csv</filename>
      <filetype>csv</filetype>
      <usage_type>resource</usage_type>
      <checksum>E732F0E8</checksum>
    </file>
    <file>
      <filename>DishwasherSchedule_5bed_unit1.csv</filename>
      <filetype>csv</filetype>
      <usage_type>resource</usage_type>
      <checksum>4DF431C6</checksum>
    </file>
    <file>
      <filename>DishwasherSchedule_5bed_unit2.csv</filename>
      <filetype>csv</filetype>
      <usage_type>resource</usage_type>
      <checksum>DCA9833F</checksum>
    </file>
    <file>
      <filename>DishwasherSchedule_5bed_unit3.csv</filename>
      <filetype>csv</filetype>
      <usage_type>resource</usage_type>
      <checksum>C8A470B4</checksum>
    </file>
    <file>
      <filename>DishwasherSchedule_5bed_unit4.csv</filename>
      <filetype>csv</filetype>
      <usage_type>resource</usage_type>
      <checksum>D6725D80</checksum>
    </file>
    <file>
      <filename>DishwasherSchedule_5bed_unit5.csv</filename>
      <filetype>csv</filetype>
      <usage_type>resource</usage_type>
      <checksum>2554CFF0</checksum>
    </file>
    <file>
      <filename>DishwasherSchedule_5bed_unit6.csv</filename>
      <filetype>csv</filetype>
      <usage_type>resource</usage_type>
      <checksum>B2125FB6</checksum>
    </file>
    <file>
      <filename>DishwasherSchedule_5bed_unit7.csv</filename>
      <filetype>csv</filetype>
      <usage_type>resource</usage_type>
      <checksum>F3E76D21</checksum>
    </file>
    <file>
      <filename>DishwasherSchedule_5bed_unit8.csv</filename>
      <filetype>csv</filetype>
      <usage_type>resource</usage_type>
      <checksum>20575351</checksum>
    </file>
    <file>
      <filename>DishwasherSchedule_5bed_unit9.csv</filename>
      <filetype>csv</filetype>
      <usage_type>resource</usage_type>
      <checksum>91C6AF57</checksum>
    </file>
    <file>
      <filename>weather.rb</filename>
      <filetype>rb</filetype>
      <usage_type>resource</usage_type>
      <checksum>97B219DD</checksum>
    </file>
    <file>
      <filename>multifamily_3_units_Beds_Baths_Denver_ElecWHtank.osm</filename>
      <filetype>osm</filetype>
      <usage_type>test</usage_type>
      <checksum>7EE90E34</checksum>
    </file>
    <file>
      <filename>multifamily_12_units_Beds_Baths_Denver_ElecWHtank.osm</filename>
      <filetype>osm</filetype>
      <usage_type>test</usage_type>
      <checksum>B177E265</checksum>
    </file>
    <file>
      <version>
        <software_program>OpenStudio</software_program>
        <identifier>1.4.0</identifier>
        <min_compatible>1.13.1</min_compatible>
      </version>
      <filename>measure.rb</filename>
      <filetype>rb</filetype>
      <usage_type>script</usage_type>
      <checksum>4A9BA1E7</checksum>
    </file>
    <file>
      <filename>schedules.rb</filename>
      <filetype>rb</filetype>
      <usage_type>resource</usage_type>
      <checksum>C3399417</checksum>
    </file>
    <file>
      <filename>unit_conversions.rb</filename>
      <filetype>rb</filetype>
      <usage_type>resource</usage_type>
      <checksum>92D6C640</checksum>
    </file>
    <file>
      <filename>ResidentialDishwasher_Test.rb</filename>
      <filetype>rb</filetype>
      <usage_type>test</usage_type>
      <checksum>B773E376</checksum>
    </file>
    <file>
      <filename>2000sqft_2story_FB_GRG_UA_3Beds_2Baths.osm</filename>
      <filetype>osm</filetype>
      <usage_type>test</usage_type>
      <checksum>AFD25860</checksum>
    </file>
    <file>
      <filename>2000sqft_2story_FB_GRG_UA_3Beds_2Baths_Denver_ElecWHtank.osm</filename>
      <filetype>osm</filetype>
      <usage_type>test</usage_type>
      <checksum>5BEA92FD</checksum>
    </file>
    <file>
      <filename>2000sqft_2story_FB_GRG_UA_3Beds_2Baths_Denver_ElecWHtankless.osm</filename>
      <filetype>osm</filetype>
      <usage_type>test</usage_type>
      <checksum>910041DB</checksum>
    </file>
    <file>
      <filename>2000sqft_2story_FB_GRG_UA_3Beds_2Baths_Denver.osm</filename>
      <filetype>osm</filetype>
      <usage_type>test</usage_type>
      <checksum>A910973A</checksum>
    </file>
    <file>
      <filename>2000sqft_2story_FB_GRG_UA_Denver.osm</filename>
      <filetype>osm</filetype>
      <usage_type>test</usage_type>
      <checksum>3AE34E51</checksum>
    </file>
    <file>
      <filename>2000sqft_2story_FB_GRG_UA_3Beds_2Baths_Denver_ElecWHTank.osm</filename>
      <filetype>osm</filetype>
      <usage_type>test</usage_type>
      <checksum>5BEA92FD</checksum>
    </file>
    <file>
      <filename>2000sqft_2story_FB_GRG_UA_3Beds_2Baths_Denver_ElecWHTankless.osm</filename>
      <filetype>osm</filetype>
      <usage_type>test</usage_type>
      <checksum>910041DB</checksum>
    </file>
    <file>
      <filename>waterheater.rb</filename>
      <filetype>rb</filetype>
      <usage_type>resource</usage_type>
      <checksum>BFF023C0</checksum>
    </file>
    <file>
      <filename>util.rb</filename>
      <filetype>rb</filetype>
      <usage_type>resource</usage_type>
      <checksum>108E0E50</checksum>
    </file>
    <file>
      <filename>geometry.rb</filename>
      <filetype>rb</filetype>
      <usage_type>resource</usage_type>
      <checksum>DC36E8B8</checksum>
    </file>
    <file>
      <filename>constants.rb</filename>
      <filetype>rb</filetype>
      <usage_type>resource</usage_type>
      <checksum>654268E9</checksum>
    </file>
  </files>
</measure>
