<measure>
  <schema_version>3.0</schema_version>
  <name>process_constructions_crawlspace</name>
  <uid>c30a490e-4ff6-4fe9-88ae-a949421a287d</uid>
  <version_id>a008bd2f-6605-414e-ac2a-600919176cac</version_id>
  <xml_checksum>1E963D9C</xml_checksum>
  <class_name>ProcessConstructionsCrawlspace</class_name>
  <display_name>Set Residential Crawlspace Constructions</display_name>
  <description>This measure assigns constructions to the crawlspace ceiling, walls, floor, and rim joists.</description>
  <modeler_description>Calculates material layer properties of constructions for the crawlspace ceiling, walls, floor, and rim joists. Finds surfaces adjacent to the crawlspace and sets applicable constructions.</modeler_description>
  <arguments>
    <argument>
      <name>selectedcsins</name>
      <display_name>Crawlspace: Insulation Type</display_name>
      <description>The type of insulation.</description>
      <type>Choice</type>
      <required>true</required>
      <model_dependent>false</model_dependent>
      <default_value>Wall</default_value>
      <choices>
        <choice>
          <value>Uninsulated</value>
          <display_name>Uninsulated</display_name>
        </choice>
        <choice>
          <value>Wall</value>
          <display_name>Wall</display_name>
        </choice>
        <choice>
          <value>Ceiling</value>
          <display_name>Ceiling</display_name>
        </choice>
      </choices>
    </argument>
    <argument>
      <name>userdefinedcswallceilr</name>
      <display_name>Crawlspace: Wall/Ceiling Continuous/Cavity Insulation Nominal R-value</display_name>
      <description>R-value is a measure of insulation's ability to resist heat traveling through it.</description>
      <type>Double</type>
      <units>hr-ft^2-R/Btu</units>
      <required>false</required>
      <model_dependent>false</model_dependent>
      <default_value>5</default_value>
    </argument>
    <argument>
      <name>selectedcsceiljoistheight</name>
      <display_name>Crawlspace: Ceiling Joist Height</display_name>
      <description>Height of the joist member.</description>
      <type>Choice</type>
      <units>in</units>
      <required>true</required>
      <model_dependent>false</model_dependent>
      <default_value>2x10</default_value>
      <choices>
        <choice>
          <value>2x10</value>
          <display_name>2x10</display_name>
        </choice>
      </choices>
    </argument>
    <argument>
      <name>selectedinstallgrade</name>
      <display_name>Crawlspace: Ceiling Cavity Install Grade</display_name>
      <description>5% of the wall is considered missing insulation for Grade 3, 2% for Grade 2, and 0% for Grade 1.</description>
      <type>Choice</type>
      <required>true</required>
      <model_dependent>false</model_dependent>
      <default_value>I</default_value>
      <choices>
        <choice>
          <value>I</value>
          <display_name>I</display_name>
        </choice>
        <choice>
          <value>II</value>
          <display_name>II</display_name>
        </choice>
        <choice>
          <value>III</value>
          <display_name>III</display_name>
        </choice>
      </choices>
    </argument>
    <argument>
      <name>userdefinedcsceilff</name>
      <display_name>Crawlspace: Ceiling Framing Factor</display_name>
      <description>Fraction of ceiling that is framing.</description>
      <type>Double</type>
      <units>frac</units>
      <required>false</required>
      <model_dependent>false</model_dependent>
      <default_value>0.13</default_value>
    </argument>
    <argument>
      <name>userdefinedcsrimjoistr</name>
      <display_name>Crawlspace: Rim Joist Insulation R-value</display_name>
      <description>R-value is a measure of insulation's ability to resist heat traveling through it.</description>
      <type>Double</type>
      <units>hr-ft^2-R/Btu</units>
      <required>false</required>
      <model_dependent>false</model_dependent>
      <default_value>5</default_value>
    </argument>
    <argument>
      <name>userdefinedfloormassth</name>
      <display_name>Floor Mass: Thickness</display_name>
      <description>Thickness of the floor mass.</description>
      <type>Double</type>
      <units>in</units>
      <required>false</required>
      <model_dependent>false</model_dependent>
      <default_value>0.625</default_value>
    </argument>
    <argument>
      <name>userdefinedfloormasscond</name>
      <display_name>Floor Mass: Conductivity</display_name>
      <description>Conductivity of the floor mass.</description>
      <type>Double</type>
      <units>Btu-in/h-ft^2-R</units>
      <required>false</required>
      <model_dependent>false</model_dependent>
      <default_value>0.8004</default_value>
    </argument>
    <argument>
      <name>userdefinedfloormassdens</name>
      <display_name>Floor Mass: Density</display_name>
      <description>Density of the floor mass.</description>
      <type>Double</type>
      <units>lb/ft^3</units>
      <required>false</required>
      <model_dependent>false</model_dependent>
      <default_value>34</default_value>
    </argument>
    <argument>
      <name>userdefinedfloormasssh</name>
      <display_name>Floor Mass: Specific Heat</display_name>
      <description>Specific heat of the floor mass.</description>
      <type>Double</type>
      <units>Btu/lb-R</units>
      <required>false</required>
      <model_dependent>false</model_dependent>
      <default_value>0.29</default_value>
    </argument>
    <argument>
      <name>userdefinedcarpetr</name>
      <display_name>Carpet: Carpet Pad R-value</display_name>
      <description>The combined R-value of the carpet and the pad.</description>
      <type>Double</type>
      <units>hr-ft^2-R/Btu</units>
      <required>false</required>
      <model_dependent>false</model_dependent>
      <default_value>2.08</default_value>
    </argument>
    <argument>
      <name>userdefinedcarpetfrac</name>
      <display_name>Carpet: Floor Carpet Fraction</display_name>
      <description>Defines the fraction of a floor which is covered by carpet.</description>
      <type>Double</type>
      <units>frac</units>
      <required>false</required>
      <model_dependent>false</model_dependent>
      <default_value>0.8</default_value>
    </argument>
    <argument>
      <name>userdefinedcsarea</name>
      <display_name>Crawlspace Area</display_name>
      <description>The area of the crawlspace.</description>
      <type>Double</type>
      <units>ft^2</units>
      <required>false</required>
      <model_dependent>false</model_dependent>
      <default_value>1200</default_value>
    </argument>
    <argument>
      <name>userdefinedcsheight</name>
      <display_name>Crawlspace Height</display_name>
      <description>The height of the crawlspace.</description>
      <type>Double</type>
      <units>ft</units>
      <required>false</required>
      <model_dependent>false</model_dependent>
      <default_value>4</default_value>
    </argument>
    <argument>
      <name>userdefinedcsextperim</name>
      <display_name>Crawlspace Perimeter</display_name>
      <description>The perimeter of the crawlspace.</description>
      <type>Double</type>
      <units>ft</units>
      <required>false</required>
      <model_dependent>false</model_dependent>
      <default_value>140</default_value>
    </argument>
    <argument>
      <name>living_space_type</name>
      <display_name>Living space type</display_name>
      <description>Select the living space type</description>
      <type>Choice</type>
      <required>true</required>
      <model_dependent>false</model_dependent>
      <default_value>living space type</default_value>
      <choices>
        <choice>
          <value>living space type</value>
          <display_name>living space type</display_name>
        </choice>
      </choices>
    </argument>
    <argument>
      <name>crawl_space_type</name>
      <display_name>Crawlspace space type</display_name>
      <description>Select the crawlspace space type</description>
      <type>Choice</type>
      <required>true</required>
      <model_dependent>false</model_dependent>
      <default_value>crawl space type</default_value>
      <choices>
        <choice>
          <value>crawl space type</value>
          <display_name>crawl space type</display_name>
        </choice>
      </choices>
    </argument>
  </arguments>
  <provenances/>
  <tags>
    <tag>Envelope.Opaque</tag>
  </tags>
  <attributes>
    <attribute>
      <name>Measure Type</name>
      <value>ModelMeasure</value>
      <datatype>string</datatype>
    </attribute>
    <attribute>
      <name>Uses SketchUp API</name>
      <value>false</value>
      <datatype>boolean</datatype>
    </attribute>
  </attributes>
  <files>
    <file>
      <filename>ProcessConstructionsCrawlspace_Test.rb</filename>
      <filetype>rb</filetype>
      <usage_type>test</usage_type>
      <checksum>B4DF5010</checksum>
    </file>
    <file>
      <filename>unit_conversions.rb</filename>
      <filetype>rb</filetype>
      <usage_type>resource</usage_type>
      <checksum>058A19F9</checksum>
    </file>
    <file>
      <version>
        <software_program>OpenStudio</software_program>
        <identifier>1.3.0</identifier>
        <min_compatible>1.3.0</min_compatible>
      </version>
      <filename>measure.rb</filename>
      <filetype>rb</filetype>
      <usage_type>script</usage_type>
      <checksum>EF0D631B</checksum>
    </file>
    <file>
      <filename>util.rb</filename>
      <filetype>rb</filetype>
      <usage_type>resource</usage_type>
      <checksum>186696B1</checksum>
    </file>
    <file>
      <filename>constants.rb</filename>
      <filetype>rb</filetype>
      <usage_type>resource</usage_type>
      <checksum>A71C0C4F</checksum>
    </file>
  </files>
</measure>
