{
  "classname": "AddBuildingAmericaBenchmarkOccupants",
  "name": "add_building_america_benchmark_occupants",
  "display_name": "Add Building America Benchmark Occupants",
  "measure_type": "RubyMeasure",
  "arguments": [
    {
      "local_variable": "num_br",
      "variable_type": "Integer",
      "name": "NumBr",
      "display_name": "Number of Bedrooms",
      "units": null,
      "description": null,
      "default_value": 1
    },
    {
      "local_variable": "space_type",
      "variable_type": "Choice",
      "name": "space_type",
      "display_name": "Select the space where the occupants is located",
      "units": null,
      "description": null,
      "default_value": "*None*",
      "choices": [
        "*None*"
      ]
    }
  ],
  "name_xml": "add_building_america_benchmark_occupants",
  "uid": "922fce56-377a-439d-8b3d-19f9c8bb91f5",
  "version_id": "315b4e74-e46c-48c3-8e3f-8307ea0a8e24",
  "modeler_description": "Adds or replaces \"People\" objects to the building in the user specified zone.",
  "description": "This measure adds occupants to the home. The number of occupants depends on the number of bedrooms in the home. The schedule used by the occupants comes from the BUilding America House Simulation Protocols (http://energy.gov/sites/prod/files/2014/03/f13/house_simulation_protocols_2014.pdf). Users must also select which space is the living space (where occupants spend the majority of their time).",
  "tags": [
    "People.People Schedules"
  ]
}