<measure>
  <schema_version>3.0</schema_version>
  <name>urban_geometry_creation</name>
  <uid>5ab85d6b-c9af-4361-8ab9-613ee99a5666</uid>
  <version_id>4b7783e7-d8c3-481e-bb3e-d8b2e5a517fa</version_id>
  <xml_checksum>D254E772</xml_checksum>
  <class_name>UrbanGeometryCreation</class_name>
  <display_name>UrbanGeometryCreation</display_name>
  <description>This measure reads a city.json file and creates geometry for either 1 building in the dataset or all of them.</description>
  <modeler_description></modeler_description>
  <arguments>
    <argument>
      <name>city_json_path</name>
      <display_name>City JSON Path</display_name>
      <description>Path to city.json.</description>
      <type>String</type>
      <required>true</required>
      <model_dependent>false</model_dependent>
      <default_value>../../../../openstudio-urban-measures/city.json</default_value>
    </argument>
    <argument>
      <name>building_id</name>
      <display_name>Building ID</display_name>
      <description>Building ID to generate, use '*All*' to generate all.</description>
      <type>String</type>
      <required>true</required>
      <model_dependent>false</model_dependent>
      <default_value>142484</default_value>
    </argument>
  </arguments>
  <provenances/>
  <tags>
    <tag>Envelope.Form</tag>
  </tags>
  <attributes>
    <attribute>
      <name>Measure Type</name>
      <value>ModelMeasure</value>
      <datatype>string</datatype>
    </attribute>
    <attribute>
      <name>Intended Software Tool</name>
      <value>Apply Measure Now</value>
      <datatype>string</datatype>
    </attribute>
    <attribute>
      <name>Intended Software Tool</name>
      <value>OpenStudio Application</value>
      <datatype>string</datatype>
    </attribute>
    <attribute>
      <name>Intended Software Tool</name>
      <value>Parametric Analysis Tool</value>
      <datatype>string</datatype>
    </attribute>
    <attribute>
      <name>Intended Software Tool</name>
      <value>Analysis Spreadsheet</value>
      <datatype>string</datatype>
    </attribute>
    <attribute>
      <name>Intended Use Case</name>
      <value>Model Articulation</value>
      <datatype>string</datatype>
    </attribute>
  </attributes>
  <files>
    <file>
      <filename>urban_geometry_creation_test.rb</filename>
      <filetype>rb</filetype>
      <usage_type>test</usage_type>
      <checksum>FC66A79C</checksum>
    </file>
    <file>
      <filename>city.json</filename>
      <filetype>json</filetype>
      <usage_type>test</usage_type>
      <checksum>BAC54F8C</checksum>
    </file>
    <file>
      <version>
        <software_program>OpenStudio</software_program>
        <identifier>1.9.0</identifier>
        <min_compatible>1.9.0</min_compatible>
      </version>
      <filename>measure.rb</filename>
      <filetype>rb</filetype>
      <usage_type>script</usage_type>
      <checksum>CA867A90</checksum>
    </file>
  </files>
</measure>
