<?xml version="1.0" encoding="UTF-8"?>
<measure xmlns:xsi="http://www.w3.org/2001/XMLSchema-instance" xsi:noNamespaceSchemaLocation="http://bcl.nrel.gov/xsd/measures/version/1.0.xsd"><name>Add Remove Or Replace Windows</name><uid>a83df92d-0b0d-4f5a-ba0a-1ef90b78395a</uid><version_id>5a5870e9-f552-4d50-907e-8257cbb0a354</version_id><description>Before running this measure run surface matching and remove window overhangs. Adds ribbon windows to exterior walls on the selected facade if none exist. Removes all windows on the selected facade. Replaces all windows on the selected facade with ribbon windows.</description><modeler_description>Loops through exterior surfaces on the selected facade and either adds, removes, or replaces a subsurface.</modeler_description><tags><tag>Envelope.Fenestration</tag></tags><attributes><attribute><name>Measure Type</name><value>ModelMeasure</value><datatype>string</datatype></attribute><attribute><name>Uses SketchUp API</name><value>false</value><datatype>boolean</datatype></attribute></attributes><files><file><filename>AddRemoveOrReplaceWindows_Test.rb</filename><filetype>rb</filetype><usage_type>test</usage_type><checksum>022BCD53</checksum></file><file><version><software_program>OpenStudio</software_program><identifier>1.4.0</identifier></version><filename>measure.rb</filename><filetype>rb</filetype><usage_type>script</usage_type><checksum>8A07F1E4</checksum></file></files></measure>