{
  "classname": "ModifySiteWaterMainsTemperature",
  "name": "modify_site_water_mains_temperature",
  "display_name": "Modify Site Water Mains Temperature",
  "measure_type": "RubyMeasure",
  "arguments": [
    {
      "local_variable": "@avgOATarg",
      "variable_type": "Double",
      "name": "avgOAT",
      "display_name": "Avg Annual Outdoor Air Temperature",
      "units": "?F",
      "description": null,
      "default_value": 50.0
    },
    {
      "local_variable": "@maxDiffOATarg",
      "variable_type": "Double",
      "name": "maxDiffOAT",
      "display_name": "Max Difference in Monthly Outdoor Air Temp",
      "units": "?F",
      "description": null,
      "default_value": 30.0
    }
  ],
  "name_xml": "modify_site_water_mains_temperature",
  "uid": "f15e8163-22f4-4336-8257-338e1ab63a16",
  "version_id": "eb764c9f-70df-4f1b-b274-bf202c4ff131",
  "modeler_description": "The measure will update the OS:Site:WaterMainsTemperature object. The object will be configured to use the correlation method and will accept two user arguments 1) The average annual outdoor air temperature (dry bulb, deg F) and 2) The maximum difference in monthly average outdoor air temperatures (dry bulb, deg F). ",
  "description": "This measure updates the object representing the cold water temperatures delivered by underground water main pipes to the building. Water mains temperatures are a function of outdoor climate conditions and vary with time of year. Users input two arguments: 1) The average annual outdoor air temperature (dry bulb, deg F) and 2) The maximum difference in monthly average outdoor air temperatures (dry bulb, deg F). The arguments are used in a correlation formulated to predict the water mains temperatures. All OS:WaterUse:Equipment, OS:WaterHeater:Mixed, OS:WaterHeater:Stratified (not supported as of OS1.4.0) or OS WaterUse:Connections objects included in your model will use this temperature as the cold water inlet temperature. See the EnergyPlus Engineering Reference for correlation details.",
  "tags": [
    "Service Water Heating.Water Heating"
  ]
}