<measure>
  <schema_version>3.0</schema_version>
  <name>process_constructions_foundations_floors_interzonal_floors</name>
  <uid>65e577ab-327e-4afa-af30-0f6b4e6b1ebf</uid>
  <version_id>9c5d89e5-652e-4c87-b43b-61abba7f4171</version_id>
  <version_modified>20160429T163712Z</version_modified>
  <xml_checksum>1E963D9C</xml_checksum>
  <class_name>ProcessConstructionsFoundationsFloorsInterzonalFloors</class_name>
  <display_name>Set Residential Foundations/Floors - Interzonal Floor Construction</display_name>
  <description>This measure assigns a wood stud construction to floors between finished space and unfinished space or floors below cantilevered finished space.</description>
  <modeler_description>Calculates and assigns material layer properties of wood stud constructions for floors 1) between finished and unfinished spaces or 2) between finished spaces and outside. If the floors have an existing construction, the layers (other than floor covering and floor mass) are replaced. This measure is intended to be used in conjunction with Floor Covering and Floor Mass measures.</modeler_description>
  <arguments>
    <argument>
      <name>userdefinedinstcavr</name>
      <display_name>Cavity Insulation Nominal R-value</display_name>
      <description>Refers to the R-value of the cavity insulation and not the overall R-value of the assembly.</description>
      <type>Double</type>
      <units>hr-ft^2-R/Btu</units>
      <required>true</required>
      <model_dependent>false</model_dependent>
      <default_value>19</default_value>
    </argument>
    <argument>
      <name>selectedinstallgrade</name>
      <display_name>Cavity Install Grade</display_name>
      <description>nstallation grade as defined by RESNET standard. 5% of the cavity is considered missing insulation for Grade 3, 2% for Grade 2, and 0% for Grade 1.</description>
      <type>Choice</type>
      <required>true</required>
      <model_dependent>false</model_dependent>
      <default_value>I</default_value>
      <choices>
        <choice>
          <value>I</value>
          <display_name>I</display_name>
        </choice>
        <choice>
          <value>II</value>
          <display_name>II</display_name>
        </choice>
        <choice>
          <value>III</value>
          <display_name>III</display_name>
        </choice>
      </choices>
    </argument>
    <argument>
      <name>userdefinedfloorff</name>
      <display_name>Framing Factor</display_name>
      <description>The fraction of a floor assembly that is comprised of structural framing.</description>
      <type>Double</type>
      <units>frac</units>
      <required>true</required>
      <model_dependent>false</model_dependent>
      <default_value>0.13</default_value>
    </argument>
  </arguments>
  <provenances/>
  <tags>
    <tag>Envelope.Opaque</tag>
  </tags>
  <attributes>
    <attribute>
      <name>Measure Type</name>
      <value>ModelMeasure</value>
      <datatype>string</datatype>
    </attribute>
    <attribute>
      <name>Uses SketchUp API</name>
      <value>false</value>
      <datatype>boolean</datatype>
    </attribute>
  </attributes>
  <files>
    <file>
      <filename>ProcessConstructionsInteriorInsulatedFloors_Test.rb</filename>
      <filetype>rb</filetype>
      <usage_type>test</usage_type>
      <checksum>DCAB9AC2</checksum>
    </file>
    <file>
      <version>
        <software_program>OpenStudio</software_program>
        <identifier>1.4.0</identifier>
        <min_compatible>1.4.0</min_compatible>
      </version>
      <filename>measure.rb</filename>
      <filetype>rb</filetype>
      <usage_type>script</usage_type>
      <checksum>4F160A2D</checksum>
    </file>
    <file>
      <filename>constants.rb</filename>
      <filetype>rb</filetype>
      <usage_type>resource</usage_type>
      <checksum>DFE4EFD1</checksum>
    </file>
    <file>
      <filename>geometry.rb</filename>
      <filetype>rb</filetype>
      <usage_type>resource</usage_type>
      <checksum>1B4BF46B</checksum>
    </file>
    <file>
      <filename>util.rb</filename>
      <filetype>rb</filetype>
      <usage_type>resource</usage_type>
      <checksum>FFB87057</checksum>
    </file>
  </files>
</measure>
