<measure>
  <schema_version>3.0</schema_version>
  <name>process_constructions_uninsulated_walls</name>
  <uid>ffe06b80-3296-436e-98b2-fe79b4c936de</uid>
  <version_id>9e3f6935-f536-42fa-bce8-9bbaec3da9e2</version_id>
  <version_modified>20160418T160637Z</version_modified>
  <xml_checksum>1E963D9C</xml_checksum>
  <class_name>ProcessConstructionsUninsulatedWalls</class_name>
  <display_name>Set Residential Uninsulated Wall Constructions</display_name>
  <description>This measure assigns an uninsulated wood stud construction to above-grade exterior walls adjacent to unfinished space.</description>
  <modeler_description>Calculates and assigns material layer properties of uninsulated wood stud constructions for above-grade walls between unfinished space and outside.</modeler_description>
  <arguments/>
  <provenances/>
  <tags>
    <tag>Envelope.Opaque</tag>
  </tags>
  <attributes>
    <attribute>
      <name>Measure Type</name>
      <value>ModelMeasure</value>
      <datatype>string</datatype>
    </attribute>
    <attribute>
      <name>Uses SketchUp API</name>
      <value>false</value>
      <datatype>boolean</datatype>
    </attribute>
  </attributes>
  <files>
    <file>
      <filename>ProcessConstructionsExteriorUninsulatedWalls_Test.rb</filename>
      <filetype>rb</filetype>
      <usage_type>test</usage_type>
      <checksum>A940FC63</checksum>
    </file>
    <file>
      <version>
        <software_program>OpenStudio</software_program>
        <identifier>1.3.0</identifier>
        <min_compatible>1.3.0</min_compatible>
      </version>
      <filename>measure.rb</filename>
      <filetype>rb</filetype>
      <usage_type>script</usage_type>
      <checksum>3CAFC8D0</checksum>
    </file>
    <file>
      <filename>constants.rb</filename>
      <filetype>rb</filetype>
      <usage_type>resource</usage_type>
      <checksum>D28DC6BC</checksum>
    </file>
    <file>
      <filename>util.rb</filename>
      <filetype>rb</filetype>
      <usage_type>resource</usage_type>
      <checksum>5D8C22C7</checksum>
    </file>
    <file>
      <filename>geometry.rb</filename>
      <filetype>rb</filetype>
      <usage_type>resource</usage_type>
      <checksum>A05275C3</checksum>
    </file>
  </files>
</measure>
