<measure>
  <schema_version>3.0</schema_version>
  <name>add_residential_bedrooms_and_bathrooms</name>
  <uid>fbcd41af-eace-4695-a5a4-b017acfe1f99</uid>
  <version_id>d4446b6e-e432-4ae7-b44e-4bb3b793cf38</version_id>
  <xml_checksum>57232789</xml_checksum>
  <class_name>AddResidentialBedroomsAndBathrooms</class_name>
  <display_name>Set Residential Bedrooms And Bathrooms</display_name>
  <description></description>
  <modeler_description>Creates dummy ElectricEquipment objects to store the number of bedrooms and bathrooms associated with the model.</modeler_description>
  <arguments>
    <argument>
      <name>Num_Br</name>
      <display_name>Number of Bedrooms</display_name>
      <type>Choice</type>
      <required>true</required>
      <model_dependent>false</model_dependent>
      <default_value>3</default_value>
      <choices>
        <choice>
          <value>1</value>
          <display_name>1</display_name>
        </choice>
        <choice>
          <value>2</value>
          <display_name>2</display_name>
        </choice>
        <choice>
          <value>3</value>
          <display_name>3</display_name>
        </choice>
        <choice>
          <value>4</value>
          <display_name>4</display_name>
        </choice>
        <choice>
          <value>5+</value>
          <display_name>5+</display_name>
        </choice>
      </choices>
    </argument>
    <argument>
      <name>Num_Ba</name>
      <display_name>Number of Bathrooms</display_name>
      <type>Choice</type>
      <required>true</required>
      <model_dependent>false</model_dependent>
      <default_value>2</default_value>
      <choices>
        <choice>
          <value>1</value>
          <display_name>1</display_name>
        </choice>
        <choice>
          <value>1.5</value>
          <display_name>1.5</display_name>
        </choice>
        <choice>
          <value>2</value>
          <display_name>2</display_name>
        </choice>
        <choice>
          <value>2.5</value>
          <display_name>2.5</display_name>
        </choice>
        <choice>
          <value>3+</value>
          <display_name>3+</display_name>
        </choice>
      </choices>
    </argument>
    <argument>
      <name>living_space_type</name>
      <display_name>Living space type</display_name>
      <description>Select the living space type</description>
      <type>Choice</type>
      <required>true</required>
      <model_dependent>false</model_dependent>
      <default_value>living</default_value>
      <choices>
        <choice>
          <value>living</value>
          <display_name>living</display_name>
        </choice>
      </choices>
    </argument>
  </arguments>
  <provenances/>
  <tags>
    <tag>People.Characteristics</tag>
  </tags>
  <attributes>
    <attribute>
      <name>Measure Type</name>
      <value>ModelMeasure</value>
      <datatype>string</datatype>
    </attribute>
    <attribute>
      <name>Intended Software Tool</name>
      <value>Apply Measure Now</value>
      <datatype>string</datatype>
    </attribute>
    <attribute>
      <name>Intended Software Tool</name>
      <value>OpenStudio Application</value>
      <datatype>string</datatype>
    </attribute>
    <attribute>
      <name>Intended Software Tool</name>
      <value>Parametric Analysis Tool</value>
      <datatype>string</datatype>
    </attribute>
  </attributes>
  <files>
    <file>
      <filename>add_residential_bedrooms_and_bathrooms_test.rb</filename>
      <filetype>rb</filetype>
      <usage_type>test</usage_type>
      <checksum>83A1F0F8</checksum>
    </file>
    <file>
      <filename>example_model.osm</filename>
      <filetype>osm</filetype>
      <usage_type>test</usage_type>
      <checksum>C4F35230</checksum>
    </file>
    <file>
      <version>
        <software_program>OpenStudio</software_program>
        <identifier>1.9.0</identifier>
        <min_compatible>1.9.0</min_compatible>
      </version>
      <filename>measure.rb</filename>
      <filetype>rb</filetype>
      <usage_type>script</usage_type>
      <checksum>0AC015F2</checksum>
    </file>
    <file>
      <filename>util.rb</filename>
      <filetype>rb</filetype>
      <usage_type>resource</usage_type>
      <checksum>913669E3</checksum>
    </file>
    <file>
      <filename>constants.rb</filename>
      <filetype>rb</filetype>
      <usage_type>resource</usage_type>
      <checksum>3E621BBD</checksum>
    </file>
  </files>
</measure>
