<measure>
  <schema_version>3.0</schema_version>
  <name>create_residential_eaves</name>
  <uid>13c930a5-6afa-4f3a-869a-48514ec7a224</uid>
  <version_id>21159c38-877a-42b3-82d5-b8b24176a23e</version_id>
  <xml_checksum>2AF3A68E</xml_checksum>
  <class_name>CreateResidentialEaves</class_name>
  <display_name>Set Residential Eaves</display_name>
  <description></description>
  <modeler_description></modeler_description>
  <arguments>
    <argument>
      <name>selectedattic</name>
      <display_name>Attic Space</display_name>
      <description>The attic space type.</description>
      <type>Choice</type>
      <required>true</required>
      <model_dependent>false</model_dependent>
    </argument>
    <argument>
      <name>selectedgarage</name>
      <display_name>Garage Space</display_name>
      <description>The garage space type.</description>
      <type>Choice</type>
      <required>true</required>
      <model_dependent>false</model_dependent>
    </argument>
    <argument>
      <name>roof_structure</name>
      <display_name>Roof Structure</display_name>
      <description>The roof structure of the building.</description>
      <type>Choice</type>
      <required>true</required>
      <model_dependent>false</model_dependent>
      <default_value>Truss, Cantilever</default_value>
      <choices>
        <choice>
          <value>Truss, Cantilever</value>
          <display_name>Truss, Cantilever</display_name>
        </choice>
        <choice>
          <value>Rafter</value>
          <display_name>Rafter</display_name>
        </choice>
      </choices>
    </argument>
    <argument>
      <name>eaves_depth</name>
      <display_name>Eaves Depth</display_name>
      <description>The eaves depth of the roof.</description>
      <type>Double</type>
      <units>ft</units>
      <required>true</required>
      <model_dependent>false</model_dependent>
      <default_value>2</default_value>
    </argument>
  </arguments>
  <provenances/>
  <tags>
    <tag>Envelope.Form</tag>
  </tags>
  <attributes>
    <attribute>
      <name>Measure Type</name>
      <value>ModelMeasure</value>
      <datatype>string</datatype>
    </attribute>
    <attribute>
      <name>Intended Software Tool</name>
      <value>Apply Measure Now</value>
      <datatype>string</datatype>
    </attribute>
    <attribute>
      <name>Intended Software Tool</name>
      <value>OpenStudio Application</value>
      <datatype>string</datatype>
    </attribute>
    <attribute>
      <name>Intended Software Tool</name>
      <value>Parametric Analysis Tool</value>
      <datatype>string</datatype>
    </attribute>
  </attributes>
  <files>
    <file>
      <filename>create_residential_eaves_test.rb</filename>
      <filetype>rb</filetype>
      <usage_type>test</usage_type>
      <checksum>D114AC75</checksum>
    </file>
    <file>
      <filename>example_model.osm</filename>
      <filetype>osm</filetype>
      <usage_type>test</usage_type>
      <checksum>C4F35230</checksum>
    </file>
    <file>
      <version>
        <software_program>OpenStudio</software_program>
        <identifier>1.9.0</identifier>
        <min_compatible>1.9.0</min_compatible>
      </version>
      <filename>measure.rb</filename>
      <filetype>rb</filetype>
      <usage_type>script</usage_type>
      <checksum>39548361</checksum>
    </file>
  </files>
</measure>
