<measure>
  <schema_version>3.0</schema_version>
  <name>process_constructions_ceilings_roofs_thermal_mass</name>
  <uid>efe35222-f47d-43e9-b096-6bd18bfe1100</uid>
  <version_id>d70373cd-b192-48de-87c7-ff7c02a3540b</version_id>
  <version_modified>20161220T160525Z</version_modified>
  <xml_checksum>5091078B</xml_checksum>
  <class_name>ProcessConstructionsCeilingsRoofsThermalMass</class_name>
  <display_name>Set Residential Ceilings/Roofs - Ceiling Thermal Mass</display_name>
  <description>This measure assigns thermal mass to ceilings adjacent to finished space.</description>
  <modeler_description>Assigns material layer properties for ceilings adjacent to finished space.</modeler_description>
  <arguments>
    <argument>
      <name>thick_in1</name>
      <display_name>Thickness 1</display_name>
      <description>Thickness of the layer.</description>
      <type>Double</type>
      <units>in</units>
      <required>true</required>
      <model_dependent>false</model_dependent>
      <default_value>0.5</default_value>
    </argument>
    <argument>
      <name>thick_in2</name>
      <display_name>Thickness 2</display_name>
      <description>Thickness of the second layer. Leave blank if no second layer.</description>
      <type>Double</type>
      <units>in</units>
      <required>false</required>
      <model_dependent>false</model_dependent>
    </argument>
    <argument>
      <name>cond1</name>
      <display_name>Conductivity 1</display_name>
      <description>Conductivity of the layer.</description>
      <type>Double</type>
      <units>Btu-in/h-ft^2-R</units>
      <required>true</required>
      <model_dependent>false</model_dependent>
      <default_value>1.1112</default_value>
    </argument>
    <argument>
      <name>cond2</name>
      <display_name>Conductivity 2</display_name>
      <description>Conductivity of the second layer. Leave blank if no second layer.</description>
      <type>Double</type>
      <units>Btu-in/h-ft^2-R</units>
      <required>false</required>
      <model_dependent>false</model_dependent>
    </argument>
    <argument>
      <name>dens1</name>
      <display_name>Density 1</display_name>
      <description>Density of the layer.</description>
      <type>Double</type>
      <units>lb/ft^3</units>
      <required>true</required>
      <model_dependent>false</model_dependent>
      <default_value>50</default_value>
    </argument>
    <argument>
      <name>dens2</name>
      <display_name>Density 2</display_name>
      <description>Density of the second layer. Leave blank if no second layer.</description>
      <type>Double</type>
      <units>lb/ft^3</units>
      <required>false</required>
      <model_dependent>false</model_dependent>
    </argument>
    <argument>
      <name>specheat1</name>
      <display_name>Specific Heat 1</display_name>
      <description>Specific heat of the layer.</description>
      <type>Double</type>
      <units>Btu/lb-R</units>
      <required>true</required>
      <model_dependent>false</model_dependent>
      <default_value>0.2</default_value>
    </argument>
    <argument>
      <name>specheat2</name>
      <display_name>Specific Heat 2</display_name>
      <description>Specific heat of the second layer. Leave blank if no second layer.</description>
      <type>Double</type>
      <units>Btu/lb-R</units>
      <required>false</required>
      <model_dependent>false</model_dependent>
    </argument>
  </arguments>
  <provenances/>
  <tags>
    <tag>Envelope.Opaque</tag>
  </tags>
  <attributes>
    <attribute>
      <name>Uses SketchUp API</name>
      <value>false</value>
      <datatype>boolean</datatype>
    </attribute>
    <attribute>
      <name>Measure Type</name>
      <value>ModelMeasure</value>
      <datatype>string</datatype>
    </attribute>
  </attributes>
  <files>
    <file>
      <version>
        <software_program>OpenStudio</software_program>
        <identifier>1.4.0</identifier>
        <min_compatible>1.13.1</min_compatible>
      </version>
      <filename>measure.rb</filename>
      <filetype>rb</filetype>
      <usage_type>script</usage_type>
      <checksum>7FE20AF0</checksum>
    </file>
    <file>
      <filename>geometry.rb</filename>
      <filetype>rb</filetype>
      <usage_type>resource</usage_type>
      <checksum>047FBEB1</checksum>
    </file>
    <file>
      <filename>constants.rb</filename>
      <filetype>rb</filetype>
      <usage_type>resource</usage_type>
      <checksum>22B51F35</checksum>
    </file>
    <file>
      <filename>util.rb</filename>
      <filetype>rb</filetype>
      <usage_type>resource</usage_type>
      <checksum>108E0E50</checksum>
    </file>
  </files>
</measure>
