<measure>
  <schema_version>3.0</schema_version>
  <name>modify_site_water_mains_temperature</name>
  <uid>f15e8163-22f4-4336-8257-338e1ab63a16</uid>
  <version_id>d571d957-2546-48fa-bfb2-8b6ad85aad5f</version_id>
  <xml_checksum>9882CBDB</xml_checksum>
  <class_name>ModifySiteWaterMainsTemperature</class_name>
  <display_name>ModifySiteWaterMainsTemperature</display_name>
  <description>This measure calculates mains water temperatures using weather data.</description>
  <modeler_description>This measure creates or modifies the Site:MainsWaterTemperature object. It currently uses the correlation method, but should be updated to write daily schedules to avoid issues in the southern hemisphere.</modeler_description>
  <arguments/>
  <provenances/>
  <tags>
    <tag>Service Water Heating.Water Heating</tag>
  </tags>
  <attributes>
    <attribute>
      <name>Measure Type</name>
      <value>ModelMeasure</value>
      <datatype>string</datatype>
    </attribute>
    <attribute>
      <name>Uses SketchUp API</name>
      <value>false</value>
      <datatype>boolean</datatype>
    </attribute>
  </attributes>
  <files>
    <file>
      <filename>countTesting.osm</filename>
      <filetype>osm</filetype>
      <usage_type>test</usage_type>
      <checksum>C1FA2B5D</checksum>
    </file>
    <file>
      <filename>ModifySiteWaterMainsTemperature_Test.rb</filename>
      <filetype>rb</filetype>
      <usage_type>test</usage_type>
      <checksum>3DD9D444</checksum>
    </file>
    <file>
      <filename>weather.rb</filename>
      <filetype>rb</filetype>
      <usage_type>resource</usage_type>
      <checksum>159FAC2A</checksum>
    </file>
    <file>
      <version>
        <software_program>OpenStudio</software_program>
        <identifier>1.4.0</identifier>
        <min_compatible>1.4.0</min_compatible>
      </version>
      <filename>measure.rb</filename>
      <filetype>rb</filetype>
      <usage_type>script</usage_type>
      <checksum>5CF46FD5</checksum>
    </file>
    <file>
      <filename>psychrometrics.rb</filename>
      <filetype>rb</filetype>
      <usage_type>resource</usage_type>
      <checksum>8D4B8CEF</checksum>
    </file>
  </files>
</measure>
