<measure>
  <schema_version>3.0</schema_version>
  <name>residential_dishwasher</name>
  <uid>09ea4570-4666-4a55-812f-5e90091f5325</uid>
  <version_id>538ea87e-0e55-4b27-9d19-5c8680242320</version_id>
  <version_modified>20160808T170539Z</version_modified>
  <xml_checksum>126F1C43</xml_checksum>
  <class_name>ResidentialDishwasher</class_name>
  <display_name>Set Residential Dishwasher</display_name>
  <description>Adds (or replaces) a residential dishwasher with the specified efficiency, operation, and schedule in the given space.</description>
  <modeler_description>Since there is no Dishwasher object in OpenStudio/EnergyPlus, we look for an ElectricEquipment object with the name that denotes it is a residential dishwasher. If one is found, it is replaced with the specified properties. Otherwise, a new such object is added to the model. Note: This measure requires the number of bedrooms/bathrooms to have already been assigned.</modeler_description>
  <arguments>
    <argument>
      <name>num_settings</name>
      <display_name>Number of Place Settings</display_name>
      <description>The number of place settings for the unit. Data obtained from manufacturer's literature.</description>
      <type>Integer</type>
      <units>#</units>
      <required>true</required>
      <model_dependent>false</model_dependent>
      <default_value>12</default_value>
    </argument>
    <argument>
      <name>dw_E</name>
      <display_name>Rated Annual Consumption</display_name>
      <description>The annual energy consumed by the dishwasher, as rated, obtained from the EnergyGuide label. This includes both the appliance electricity consumption and the energy required for water heating.</description>
      <type>Double</type>
      <units>kWh</units>
      <required>true</required>
      <model_dependent>false</model_dependent>
      <default_value>290</default_value>
    </argument>
    <argument>
      <name>int_htr</name>
      <display_name>Internal Heater Adjustment</display_name>
      <description>Does the system use an internal electric heater to adjust water temperature? Input obtained from manufacturer's literature.</description>
      <type>Boolean</type>
      <required>true</required>
      <model_dependent>false</model_dependent>
      <default_value>true</default_value>
      <choices>
        <choice>
          <value>true</value>
          <display_name>true</display_name>
        </choice>
        <choice>
          <value>false</value>
          <display_name>false</display_name>
        </choice>
      </choices>
    </argument>
    <argument>
      <name>cold_inlet</name>
      <display_name>Cold Water Inlet Only</display_name>
      <description>Does the dishwasher use a cold water connection only.   Input obtained from manufacturer's literature.</description>
      <type>Boolean</type>
      <required>true</required>
      <model_dependent>false</model_dependent>
      <default_value>false</default_value>
      <choices>
        <choice>
          <value>true</value>
          <display_name>true</display_name>
        </choice>
        <choice>
          <value>false</value>
          <display_name>false</display_name>
        </choice>
      </choices>
    </argument>
    <argument>
      <name>cold_use</name>
      <display_name>Cold Water Conn Use Per Cycle</display_name>
      <description>Volume of water per cycle used if there is only a cold water inlet connection, for the dishwasher. Input obtained from manufacturer's literature.</description>
      <type>Double</type>
      <units>gal/cycle</units>
      <required>true</required>
      <model_dependent>false</model_dependent>
      <default_value>0</default_value>
    </argument>
    <argument>
      <name>eg_date</name>
      <display_name>Energy Guide Date</display_name>
      <description>Energy Guide test date.</description>
      <type>Integer</type>
      <required>true</required>
      <model_dependent>false</model_dependent>
      <default_value>2007</default_value>
    </argument>
    <argument>
      <name>eg_gas_cost</name>
      <display_name>Energy Guide Annual Gas Cost</display_name>
      <description>Annual cost of gas, as rated.  Obtained from the EnergyGuide label.</description>
      <type>Double</type>
      <units>$/yr</units>
      <required>true</required>
      <model_dependent>false</model_dependent>
      <default_value>23</default_value>
    </argument>
    <argument>
      <name>mult_e</name>
      <display_name>Occupancy Energy Multiplier</display_name>
      <description>Appliance energy use is multiplied by this factor to account for occupancy usage that differs from the national average.</description>
      <type>Double</type>
      <required>true</required>
      <model_dependent>false</model_dependent>
      <default_value>1</default_value>
    </argument>
    <argument>
      <name>mult_hw</name>
      <display_name>Occupancy Hot Water Multiplier</display_name>
      <description>Appliance hot water use is multiplied by this factor to account for occupancy usage that differs from the national average. This should generally be equal to the Occupancy Energy Multiplier.</description>
      <type>Double</type>
      <required>true</required>
      <model_dependent>false</model_dependent>
      <default_value>1</default_value>
    </argument>
    <argument>
      <name>space</name>
      <display_name>Location</display_name>
      <description>Select the space where the dishwasher is located</description>
      <type>Choice</type>
      <required>true</required>
      <model_dependent>false</model_dependent>
      <default_value>living space</default_value>
      <choices>
        <choice>
          <value>living space</value>
          <display_name>living space</display_name>
        </choice>
      </choices>
    </argument>
    <argument>
      <name>plant_loop</name>
      <display_name>Plant Loop</display_name>
      <description>Select the plant loop for the dishwasher</description>
      <type>Choice</type>
      <required>true</required>
      <model_dependent>false</model_dependent>
      <default_value>Domestic Hot Water Loop</default_value>
      <choices>
        <choice>
          <value>Domestic Hot Water Loop</value>
          <display_name>Domestic Hot Water Loop</display_name>
        </choice>
      </choices>
    </argument>
  </arguments>
  <provenances/>
  <tags>
    <tag>Equipment.Electric Equipment</tag>
  </tags>
  <attributes>
    <attribute>
      <name>Measure Type</name>
      <value>ModelMeasure</value>
      <datatype>string</datatype>
    </attribute>
    <attribute>
      <name>Uses SketchUp API</name>
      <value>false</value>
      <datatype>boolean</datatype>
    </attribute>
  </attributes>
  <files>
    <file>
      <filename>DishwasherSchedule_1bed_unit0.csv</filename>
      <filetype>csv</filetype>
      <usage_type>resource</usage_type>
      <checksum>10C88EDE</checksum>
    </file>
    <file>
      <filename>DishwasherSchedule_2bed_unit0.csv</filename>
      <filetype>csv</filetype>
      <usage_type>resource</usage_type>
      <checksum>0C7F9854</checksum>
    </file>
    <file>
      <filename>DishwasherSchedule_3bed_unit0.csv</filename>
      <filetype>csv</filetype>
      <usage_type>resource</usage_type>
      <checksum>8BCBF06B</checksum>
    </file>
    <file>
      <filename>DishwasherSchedule_4bed_unit0.csv</filename>
      <filetype>csv</filetype>
      <usage_type>resource</usage_type>
      <checksum>676CDA62</checksum>
    </file>
    <file>
      <filename>DishwasherSchedule_5bed_unit0.csv</filename>
      <filetype>csv</filetype>
      <usage_type>resource</usage_type>
      <checksum>49CA7089</checksum>
    </file>
    <file>
      <filename>unit_conversions.rb</filename>
      <filetype>rb</filetype>
      <usage_type>resource</usage_type>
      <checksum>DCBEF242</checksum>
    </file>
    <file>
      <filename>psychrometrics.rb</filename>
      <filetype>rb</filetype>
      <usage_type>resource</usage_type>
      <checksum>640596F1</checksum>
    </file>
    <file>
      <filename>geometry.rb</filename>
      <filetype>rb</filetype>
      <usage_type>resource</usage_type>
      <checksum>2285CA0B</checksum>
    </file>
    <file>
      <filename>MinuteDrawProfilesMaxFlows.csv</filename>
      <filetype>csv</filetype>
      <usage_type>resource</usage_type>
      <checksum>9D722D63</checksum>
    </file>
    <file>
      <filename>2000sqft_2story_FB_GRG_UA.osm</filename>
      <filetype>osm</filetype>
      <usage_type>test</usage_type>
      <checksum>A2C693E7</checksum>
    </file>
    <file>
      <filename>waterheater.rb</filename>
      <filetype>rb</filetype>
      <usage_type>resource</usage_type>
      <checksum>15CDCABD</checksum>
    </file>
    <file>
      <filename>USA_CO_Denver_Intl_AP_725650_TMY3.ddy</filename>
      <filetype>ddy</filetype>
      <usage_type>test</usage_type>
      <checksum>FB253570</checksum>
    </file>
    <file>
      <filename>USA_CO_Denver_Intl_AP_725650_TMY3.epw</filename>
      <filetype>epw</filetype>
      <usage_type>test</usage_type>
      <checksum>E23378AA</checksum>
    </file>
    <file>
      <version>
        <software_program>OpenStudio</software_program>
        <identifier>1.4.0</identifier>
        <min_compatible>1.4.0</min_compatible>
      </version>
      <filename>measure.rb</filename>
      <filetype>rb</filetype>
      <usage_type>script</usage_type>
      <checksum>BBB7EBE4</checksum>
    </file>
    <file>
      <filename>2000sqft_2story_FB_GRG_UA_3Beds_2Baths_Denver_ElecWHtank.osm</filename>
      <filetype>osm</filetype>
      <usage_type>test</usage_type>
      <checksum>9719B122</checksum>
    </file>
    <file>
      <filename>2000sqft_2story_FB_GRG_UA_3Beds_2Baths_Denver_ElecWHtankless.osm</filename>
      <filetype>osm</filetype>
      <usage_type>test</usage_type>
      <checksum>ADB559DE</checksum>
    </file>
    <file>
      <filename>weather.rb</filename>
      <filetype>rb</filetype>
      <usage_type>resource</usage_type>
      <checksum>129640D9</checksum>
    </file>
    <file>
      <filename>ResidentialDishwasher_Test.rb</filename>
      <filetype>rb</filetype>
      <usage_type>test</usage_type>
      <checksum>7FA9D921</checksum>
    </file>
    <file>
      <filename>util.rb</filename>
      <filetype>rb</filetype>
      <usage_type>resource</usage_type>
      <checksum>2792E40D</checksum>
    </file>
    <file>
      <filename>constants.rb</filename>
      <filetype>rb</filetype>
      <usage_type>resource</usage_type>
      <checksum>1AB9292D</checksum>
    </file>
    <file>
      <filename>schedules.rb</filename>
      <filetype>rb</filetype>
      <usage_type>resource</usage_type>
      <checksum>1C95CF61</checksum>
    </file>
  </files>
</measure>
