{
  "classname": "ProcessConstructionsFinishedBasement",
  "name": "process_constructions_finished_basement",
  "display_name": "Process Constructions Finished Basement",
  "measure_type": "RubyMeasure",
  "arguments": [
    {
      "local_variable": "selected_fbsmt",
      "variable_type": "Choice",
      "name": "selectedfbsmt",
      "display_name": "Of what space type is the finished basement",
      "units": null,
      "description": null,
      "choices": [

      ]
    },
    {
      "local_variable": "selected_fbsmtins",
      "variable_type": "Choice",
      "name": "selectedfbsmtins",
      "display_name": "Finished basement insulation type",
      "units": null,
      "description": null,
      "choices": [
        "Uninsulated",
        "Half Wall",
        "Whole Wall"
      ]
    },
    {
      "local_variable": "selected_studsize",
      "variable_type": "Choice",
      "name": "selectedstudsize",
      "display_name": "Wood stud size of wall cavity",
      "units": null,
      "description": null,
      "default_value": "None",
      "choices": [
        "None",
        "2x4, 16 in o.c.",
        "2x6, 24 in o.c."
      ]
    },
    {
      "local_variable": "# selected_fbsmtwallcav",
      "variable_type": "Choice",
      "name": "selectedfbsmtwallcav",
      "display_name": "Finished basement whole wall cavity insulationFor manually entering finished basement whole wall cavity insulation properties, leave blank",
      "units": null,
      "description": null,
      "choices": [

      ]
    },
    {
      "local_variable": "userdefined_fbsmtwallcavr",
      "variable_type": "Double",
      "name": "userdefinedfbsmtwallcavr",
      "display_name": "Finished basement whole wall cavity insulation R-value",
      "units": null,
      "description": null,
      "default_value": 0.0
    },
    {
      "local_variable": "selected_installgrade",
      "variable_type": "Choice",
      "name": "selectedinstallgrade",
      "display_name": "Insulation installation grade of wood stud wall cavity",
      "units": null,
      "description": null,
      "default_value": "I",
      "choices": [
        "I",
        "II",
        "III"
      ]
    },
    {
      "local_variable": "selected_insfills",
      "variable_type": "Bool",
      "name": "selectedinsfills",
      "display_name": "Cavity insulation fills the cavity",
      "units": null,
      "description": null,
      "default_value": true
    },
    {
      "local_variable": "# selected_fbsmtwallcont",
      "variable_type": "Choice",
      "name": "selectedfbsmtwallcont",
      "display_name": "Finished basement wall continuous insulationFor manually entering finished basement wall continuous insulation properties, leave blank",
      "units": null,
      "description": null,
      "choices": [

      ]
    },
    {
      "local_variable": "userdefined_fbsmtwallcontth",
      "variable_type": "Double",
      "name": "userdefinedfbsmtwallcontth",
      "display_name": "Finished basement wall continuous insulation thickness",
      "units": null,
      "description": null,
      "default_value": 0.0
    },
    {
      "local_variable": "userdefined_fbsmtwallcontr",
      "variable_type": "Double",
      "name": "userdefinedfbsmtwallcontr",
      "display_name": "Finished basement wall continuous insulation R-value",
      "units": null,
      "description": null,
      "default_value": 0.0
    },
    {
      "local_variable": "selected_fbsmtceiljoistheight",
      "variable_type": "Choice",
      "name": "selectedfbsmtceiljoistheight",
      "display_name": "Finished basement ceiling joist height",
      "units": null,
      "description": null,
      "choices": [
        "9.25"
      ]
    },
    {
      "local_variable": "userdefined_fbsmtceilff",
      "variable_type": "Double",
      "name": "userdefinedfbsmtceilff",
      "display_name": "Finished basement ceiling framing factor",
      "units": null,
      "description": null,
      "default_value": 0.13
    },
    {
      "local_variable": "# selected_fbsmtrimjoist",
      "variable_type": "Choice",
      "name": "selectedfbsmtrimjoist",
      "display_name": "Finished basement rim joist insulationFor manually entering finished basement rim joist insulation properties, leave blank",
      "units": null,
      "description": null,
      "choices": [

      ]
    },
    {
      "local_variable": "userdefined_fbsmtrimjoistr",
      "variable_type": "Double",
      "name": "userdefinedfbsmtrimjoistr",
      "display_name": "Finished basement rim joist insulation R-value",
      "units": null,
      "description": null,
      "default_value": 0.0
    },
    {
      "local_variable": "# selected_floormass",
      "variable_type": "Choice",
      "name": "selectedfloormass",
      "display_name": "Floor massFor manually entering floor mass properties, leave blank",
      "units": null,
      "description": null,
      "choices": [

      ]
    },
    {
      "local_variable": "userdefined_floormassth",
      "variable_type": "Double",
      "name": "userdefinedfloormassth",
      "display_name": "Floor mass thickness",
      "units": null,
      "description": null,
      "default_value": 0.625
    },
    {
      "local_variable": "userdefined_floormasscond",
      "variable_type": "Double",
      "name": "userdefinedfloormasscond",
      "display_name": "Floor mass conductivity",
      "units": null,
      "description": null,
      "default_value": 0.8004
    },
    {
      "local_variable": "userdefined_floormassdens",
      "variable_type": "Double",
      "name": "userdefinedfloormassdens",
      "display_name": "Floor mass density",
      "units": null,
      "description": null,
      "default_value": 34.0
    },
    {
      "local_variable": "userdefined_floormasssh",
      "variable_type": "Double",
      "name": "userdefinedfloormasssh",
      "display_name": "Floor mass specific heat",
      "units": null,
      "description": null,
      "default_value": 0.29
    },
    {
      "local_variable": "# selected_carpet",
      "variable_type": "Choice",
      "name": "selectedcarpet",
      "display_name": "CarpetFor manually entering carpet properties, leave blank",
      "units": null,
      "description": null,
      "choices": [

      ]
    },
    {
      "local_variable": "userdefined_carpetr",
      "variable_type": "Double",
      "name": "userdefinedcarpetr",
      "display_name": "Carpet pad R-value",
      "units": null,
      "description": null,
      "default_value": 2.08
    },
    {
      "local_variable": "userdefined_carpetfrac",
      "variable_type": "Double",
      "name": "userdefinedcarpetfrac",
      "display_name": "Carpet floor fraction",
      "units": null,
      "description": null,
      "default_value": 0.8
    }
  ],
  "name_xml": "process_constructions_finished_basement",
  "uid": "4b37c726-d6c4-473b-990a-0923c302ed36",
  "version_id": "1cad8263-c2ef-4b12-ad90-1f92a28a8597",
  "modeler_description": "Calculates material layer properties of constructions for the finished basement walls, floor, and rim joists. Finds surfaces adjacent to the finished basement and sets applicable constructions.",
  "description": "This measure creates constructions for the finished basement walls, floor, and rim joists.",
  "tags": [
    "Envelope.Opaque"
  ]
}