<measure>
  <schema_version>3.0</schema_version>
  <name>process_thermal_mass_furniture</name>
  <uid>5665361d-fa13-4341-8776-185ede476540</uid>
  <version_id>ca5076c1-12a8-48c9-bb39-dfeb88abdeba</version_id>
  <xml_checksum>45097B60</xml_checksum>
  <class_name>ProcessThermalMassFurniture</class_name>
  <display_name>Set Residential Furniture Thermal Mass</display_name>
  <description>This measure assigns furniture mass to the living space, finished basement, unfinished basement, and garage.</description>
  <modeler_description>This measure creates constructions representing the internal mass of furniture in the living space, finished basement, unfinished basement, and garage. The constructions are set to define the internal mass objects of their respective spaces.</modeler_description>
  <arguments>
    <argument>
      <name>living_space_type</name>
      <display_name>Living space type</display_name>
      <description>Select the living space type</description>
      <type>Choice</type>
      <required>true</required>
      <model_dependent>false</model_dependent>
      <default_value>living space type</default_value>
      <choices>
        <choice>
          <value>living space type</value>
          <display_name>living space type</display_name>
        </choice>
      </choices>
    </argument>
    <argument>
      <name>fbasement_space_type</name>
      <display_name>Finished basement space type</display_name>
      <description>Select the finished basement space type</description>
      <type>Choice</type>
      <required>true</required>
      <model_dependent>false</model_dependent>
      <default_value>finished basement space type</default_value>
      <choices>
        <choice>
          <value>finished basement space type</value>
          <display_name>finished basement space type</display_name>
        </choice>
      </choices>
    </argument>
    <argument>
      <name>ubasement_space_type</name>
      <display_name>Unfinished basement space type</display_name>
      <description>Select the unfinished basement space type</description>
      <type>Choice</type>
      <required>true</required>
      <model_dependent>false</model_dependent>
      <default_value>unfinished basement space type</default_value>
      <choices>
        <choice>
          <value>unfinished basement space type</value>
          <display_name>unfinished basement space type</display_name>
        </choice>
      </choices>
    </argument>
    <argument>
      <name>garage_space_type</name>
      <display_name>Garage space type</display_name>
      <description>Select the garage space type</description>
      <type>Choice</type>
      <required>true</required>
      <model_dependent>false</model_dependent>
      <default_value>garage space type</default_value>
      <choices>
        <choice>
          <value>garage space type</value>
          <display_name>garage space type</display_name>
        </choice>
      </choices>
    </argument>
  </arguments>
  <provenances/>
  <tags>
    <tag>Envelope.Form</tag>
  </tags>
  <attributes>
    <attribute>
      <name>Measure Type</name>
      <value>ModelMeasure</value>
      <datatype>string</datatype>
    </attribute>
    <attribute>
      <name>Uses SketchUp API</name>
      <value>false</value>
      <datatype>boolean</datatype>
    </attribute>
  </attributes>
  <files>
    <file>
      <filename>ProcessThermalMassFurniture_Test.rb</filename>
      <filetype>rb</filetype>
      <usage_type>test</usage_type>
      <checksum>A956F71E</checksum>
    </file>
    <file>
      <filename>unit_conversions.rb</filename>
      <filetype>rb</filetype>
      <usage_type>resource</usage_type>
      <checksum>058A19F9</checksum>
    </file>
    <file>
      <version>
        <software_program>OpenStudio</software_program>
        <identifier>1.4.0</identifier>
        <min_compatible>1.4.0</min_compatible>
      </version>
      <filename>measure.rb</filename>
      <filetype>rb</filetype>
      <usage_type>script</usage_type>
      <checksum>73513621</checksum>
    </file>
    <file>
      <filename>util.rb</filename>
      <filetype>rb</filetype>
      <usage_type>resource</usage_type>
      <checksum>186696B1</checksum>
    </file>
    <file>
      <filename>constants.rb</filename>
      <filetype>rb</filetype>
      <usage_type>resource</usage_type>
      <checksum>A71C0C4F</checksum>
    </file>
  </files>
</measure>
