<measure>
  <schema_version>3.0</schema_version>
  <name>process_constructions_foundations_floors_thermal_mass</name>
  <uid>324b197d-f75e-4513-b8b8-151d77132961</uid>
  <version_id>b017cb51-7e4b-4bdc-b0b1-fc00039595e6</version_id>
  <version_modified>20170104T175419Z</version_modified>
  <xml_checksum>16B68B0C</xml_checksum>
  <class_name>ProcessConstructionsFoundationsFloorsThermalMass</class_name>
  <display_name>Set Residential Foundations/Floors - Floor Thermal Mass</display_name>
  <description>This measure assigns floor mass to floors of finished spaces, with the exception of foundation slabs.</description>
  <modeler_description>Assigns material layer properties for floors of finished spaces that are not adjacent to the ground.</modeler_description>
  <arguments>
    <argument>
      <name>thick_in</name>
      <display_name>Thickness</display_name>
      <description>Thickness of the floor mass.</description>
      <type>Double</type>
      <units>in</units>
      <required>true</required>
      <model_dependent>false</model_dependent>
      <default_value>0.625</default_value>
    </argument>
    <argument>
      <name>cond</name>
      <display_name>Conductivity</display_name>
      <description>Conductivity of the floor mass.</description>
      <type>Double</type>
      <units>Btu-in/h-ft^2-R</units>
      <required>true</required>
      <model_dependent>false</model_dependent>
      <default_value>0.8004</default_value>
    </argument>
    <argument>
      <name>dens</name>
      <display_name>Density</display_name>
      <description>Density of the floor mass.</description>
      <type>Double</type>
      <units>lb/ft^3</units>
      <required>true</required>
      <model_dependent>false</model_dependent>
      <default_value>34</default_value>
    </argument>
    <argument>
      <name>specheat</name>
      <display_name>Specific Heat</display_name>
      <description>Specific heat of the floor mass.</description>
      <type>Double</type>
      <units>Btu/lb-R</units>
      <required>true</required>
      <model_dependent>false</model_dependent>
      <default_value>0.29</default_value>
    </argument>
  </arguments>
  <outputs/>
  <provenances/>
  <tags>
    <tag>Envelope.Opaque</tag>
  </tags>
  <attributes>
    <attribute>
      <name>Uses SketchUp API</name>
      <value>false</value>
      <datatype>boolean</datatype>
    </attribute>
    <attribute>
      <name>Measure Type</name>
      <value>ModelMeasure</value>
      <datatype>string</datatype>
    </attribute>
  </attributes>
  <files>
    <file>
      <version>
        <software_program>OpenStudio</software_program>
        <identifier>1.4.0</identifier>
        <min_compatible>1.13.1</min_compatible>
      </version>
      <filename>measure.rb</filename>
      <filetype>rb</filetype>
      <usage_type>script</usage_type>
      <checksum>10A70777</checksum>
    </file>
    <file>
      <filename>util.rb</filename>
      <filetype>rb</filetype>
      <usage_type>resource</usage_type>
      <checksum>108E0E50</checksum>
    </file>
    <file>
      <filename>geometry.rb</filename>
      <filetype>rb</filetype>
      <usage_type>resource</usage_type>
      <checksum>DC36E8B8</checksum>
    </file>
    <file>
      <filename>constants.rb</filename>
      <filetype>rb</filetype>
      <usage_type>resource</usage_type>
      <checksum>866A1677</checksum>
    </file>
  </files>
</measure>
