<measure>
  <schema_version>3.0</schema_version>
  <name>add_os_water_heater_mixed_tankless_propane</name>
  <uid>0278a4e0-d473-46a4-bfe4-33e92ca0a147</uid>
  <version_id>0ffe05f2-f19c-4032-815c-7b8c058c9fec</version_id>
  <version_modified>20160520T154854Z</version_modified>
  <xml_checksum>9882CBDB</xml_checksum>
  <class_name>AddOSWaterHeaterMixedTanklessPropane</class_name>
  <display_name>Set Residential Propane Tankless Water Heater</display_name>
  <description>This measure adds a new residential propane tankless water heater to the model based on user inputs. If there is already an existing residential water heater in the model, it is replaced.</description>
  <modeler_description>The measure will create a new instance of the OS:WaterHeater:Mixed object representing a propane tankless water heater. The measure will be placed on the plant loop 'Domestic Hot Water Loop'. If this loop already exists, any water heater on that loop will be removed and replaced with a water heater consistent with this measure. If it doesn't exist, it will be created.</modeler_description>
  <arguments>
    <argument>
      <name>dhw_setpoint_temperature</name>
      <display_name>Setpoint</display_name>
      <description>Water heater setpoint temperature.</description>
      <type>Double</type>
      <units>F</units>
      <required>true</required>
      <model_dependent>false</model_dependent>
      <default_value>125</default_value>
    </argument>
    <argument>
      <name>water_heater_location</name>
      <display_name>Location</display_name>
      <description>Thermal zone where the water heater is located. auto will locate the water heater according the BA House Simulation Protocols: A garage (if available) or the living space in hot-dry and hot-humid climates, a basement (finished or unfinished, if available) or living space in all other climates</description>
      <type>Choice</type>
      <required>true</required>
      <model_dependent>false</model_dependent>
      <default_value>auto</default_value>
      <choices>
        <choice>
          <value>auto</value>
          <display_name>auto</display_name>
        </choice>
      </choices>
    </argument>
    <argument>
      <name>water_heater_capacity</name>
      <display_name>Input Capacity</display_name>
      <description>The maximum energy input rating of the water heater.</description>
      <type>String</type>
      <units>kBtu/hr</units>
      <required>true</required>
      <model_dependent>false</model_dependent>
      <default_value>199.0</default_value>
    </argument>
    <argument>
      <name>rated_energy_factor</name>
      <display_name>Rated Energy Factor</display_name>
      <description>For water heaters, Energy Factor is the ratio of useful energy output from the water heater to the total amount of energy delivered from the water heater. The higher the EF is, the more efficient the water heater. Procesdures to thes the EF of water heaters are defined by the Department of Energy in 10 Code of Federal Regulation Part 430, Appendix E to Subpart B.</description>
      <type>String</type>
      <required>true</required>
      <model_dependent>false</model_dependent>
      <default_value>0.82</default_value>
    </argument>
    <argument>
      <name>water_heater_cycling_derate</name>
      <display_name>Cycling Derate</display_name>
      <description>Annual energy derate for cycling inefficiencies -- accounts for the impact of thermal cycling and small hot water draws on the heat exchanger. CEC's 2008 Title24 implemented an 8% derate for tankless water heaters. </description>
      <type>Double</type>
      <units>Frac</units>
      <required>true</required>
      <model_dependent>false</model_dependent>
      <default_value>0.08</default_value>
    </argument>
    <argument>
      <name>offcyc_power</name>
      <display_name>Parasitic Electric Power</display_name>
      <description>Off cycle electric power draw for controls, etc.</description>
      <type>Double</type>
      <units>W</units>
      <required>true</required>
      <model_dependent>false</model_dependent>
      <default_value>5</default_value>
    </argument>
    <argument>
      <name>oncyc_power</name>
      <display_name>Forced Draft Fan Power</display_name>
      <description>On cycle electric power draw from the forced draft fan motor.</description>
      <type>Double</type>
      <units>W</units>
      <required>true</required>
      <model_dependent>false</model_dependent>
      <default_value>65</default_value>
    </argument>
  </arguments>
  <provenances/>
  <tags>
    <tag>Service Water Heating.Water Heating</tag>
  </tags>
  <attributes>
    <attribute>
      <name>Measure Type</name>
      <value>ModelMeasure</value>
      <datatype>string</datatype>
    </attribute>
    <attribute>
      <name>Uses SketchUp API</name>
      <value>false</value>
      <datatype>boolean</datatype>
    </attribute>
  </attributes>
  <files>
    <file>
      <filename>AddOSWaterHeaterMixedTanklessPropane_Test.rb</filename>
      <filetype>rb</filetype>
      <usage_type>test</usage_type>
      <checksum>42374938</checksum>
    </file>
    <file>
      <version>
        <software_program>OpenStudio</software_program>
        <identifier>1.4.1</identifier>
        <min_compatible>1.4.1</min_compatible>
      </version>
      <filename>measure.rb</filename>
      <filetype>rb</filetype>
      <usage_type>script</usage_type>
      <checksum>FA1CCFC2</checksum>
    </file>
    <file>
      <filename>constants.rb</filename>
      <filetype>rb</filetype>
      <usage_type>resource</usage_type>
      <checksum>2D59FB8C</checksum>
    </file>
    <file>
      <filename>geometry.rb</filename>
      <filetype>rb</filetype>
      <usage_type>resource</usage_type>
      <checksum>0A49920B</checksum>
    </file>
    <file>
      <filename>psychrometrics.rb</filename>
      <filetype>rb</filetype>
      <usage_type>resource</usage_type>
      <checksum>640596F1</checksum>
    </file>
    <file>
      <filename>unit_conversions.rb</filename>
      <filetype>rb</filetype>
      <usage_type>resource</usage_type>
      <checksum>DCBEF242</checksum>
    </file>
    <file>
      <filename>util.rb</filename>
      <filetype>rb</filetype>
      <usage_type>resource</usage_type>
      <checksum>D4E9327D</checksum>
    </file>
    <file>
      <filename>waterheater.rb</filename>
      <filetype>rb</filetype>
      <usage_type>resource</usage_type>
      <checksum>07473538</checksum>
    </file>
    <file>
      <filename>weather.rb</filename>
      <filetype>rb</filetype>
      <usage_type>resource</usage_type>
      <checksum>52EC8CAE</checksum>
    </file>
  </files>
</measure>
