<measure>
  <schema_version>3.0</schema_version>
  <name>create_residential_door_area</name>
  <uid>901a04ee-99d4-42b3-91e1-b5b97970f441</uid>
  <version_id>c39a13ae-587d-4889-8a87-952cb954a23f</version_id>
  <version_modified>20160504T190600Z</version_modified>
  <xml_checksum>9C8A26EB</xml_checksum>
  <class_name>CreateResidentialDoorArea</class_name>
  <display_name>Set Residential Door Area</display_name>
  <description>Sets the opaque door area for the building. Doors with glazing should be set as window area.</description>
  <modeler_description>Sets the opaque door area for the lowest above-grade front surface of the building attached to living space. Any existing doors are removed.</modeler_description>
  <arguments>
    <argument>
      <name>userdefineddoorarea</name>
      <display_name>Door Area</display_name>
      <description>The area of the front door.</description>
      <type>Double</type>
      <units>ft^2</units>
      <required>true</required>
      <model_dependent>false</model_dependent>
      <default_value>20</default_value>
    </argument>
  </arguments>
  <provenances/>
  <tags>
    <tag>Envelope.Fenestration</tag>
  </tags>
  <attributes>
    <attribute>
      <name>Measure Type</name>
      <value>ModelMeasure</value>
      <datatype>string</datatype>
    </attribute>
    <attribute>
      <name>Intended Software Tool</name>
      <value>Apply Measure Now</value>
      <datatype>string</datatype>
    </attribute>
    <attribute>
      <name>Intended Software Tool</name>
      <value>OpenStudio Application</value>
      <datatype>string</datatype>
    </attribute>
    <attribute>
      <name>Intended Software Tool</name>
      <value>Parametric Analysis Tool</value>
      <datatype>string</datatype>
    </attribute>
  </attributes>
  <files>
    <file>
      <filename>create_residential_door_area_test.rb</filename>
      <filetype>rb</filetype>
      <usage_type>test</usage_type>
      <checksum>46E40074</checksum>
    </file>
    <file>
      <filename>example_model.osm</filename>
      <filetype>osm</filetype>
      <usage_type>test</usage_type>
      <checksum>C4F35230</checksum>
    </file>
    <file>
      <filename>geometry.rb</filename>
      <filetype>rb</filetype>
      <usage_type>resource</usage_type>
      <checksum>1B4BF46B</checksum>
    </file>
    <file>
      <filename>constants.rb</filename>
      <filetype>rb</filetype>
      <usage_type>resource</usage_type>
      <checksum>CDA42DE8</checksum>
    </file>
    <file>
      <version>
        <software_program>OpenStudio</software_program>
        <identifier>1.9.0</identifier>
        <min_compatible>1.9.0</min_compatible>
      </version>
      <filename>measure.rb</filename>
      <filetype>rb</filetype>
      <usage_type>script</usage_type>
      <checksum>EDE34914</checksum>
    </file>
  </files>
</measure>
