<measure>
  <schema_version>3.0</schema_version>
  <name>residential_lighting</name>
  <uid>2c69a60e-501a-4516-a253-725d23808b2d</uid>
  <version_id>ac6a4965-a6ae-435a-ab84-20a9ee0a709b</version_id>
  <version_modified>20160802T194052Z</version_modified>
  <xml_checksum>2DDDDD82</xml_checksum>
  <class_name>ResidentialLighting</class_name>
  <display_name>Set Residential Lighting</display_name>
  <description>Sets (or replaces) the lighting energy use, based on fractions of CFLs, LFLs, and LEDs, for finished spaces, the garage, and outside.</description>
  <modeler_description>Assigns a lighting energy use and schedule to finished spaces, the garage, and outside. The lighting schedule is calculated for the latitude/longitude of the weather location specified in the model.</modeler_description>
  <arguments>
    <argument>
      <name>hw_cfl</name>
      <display_name>Hardwired Fraction CFL</display_name>
      <description>Fraction of all hardwired lamps (interior, garage, and exterior) that are compact fluorescent. Hardwired lighting not specified as CFL, LED, or LFL is assumed to be incandescent.</description>
      <type>Double</type>
      <required>true</required>
      <model_dependent>false</model_dependent>
      <default_value>0.34</default_value>
    </argument>
    <argument>
      <name>hw_led</name>
      <display_name>Hardwired Fraction LED</display_name>
      <description>Fraction of all hardwired lamps (interior, garage, and exterior) that are LED. Hardwired lighting not specified as CFL, LED, or LFL is assumed to be incandescent.</description>
      <type>Double</type>
      <required>true</required>
      <model_dependent>false</model_dependent>
      <default_value>0</default_value>
    </argument>
    <argument>
      <name>hw_lfl</name>
      <display_name>Hardwired Fraction LFL</display_name>
      <description>Fraction of all hardwired lamps (interior, garage, and exterior) that are linear fluorescent. Hardwired lighting not specified as CFL, LED, or LFL is assumed to be incandescent.</description>
      <type>Double</type>
      <required>true</required>
      <model_dependent>false</model_dependent>
      <default_value>0</default_value>
    </argument>
    <argument>
      <name>pg_cfl</name>
      <display_name>Plugin Fraction CFL</display_name>
      <description>Fraction of all plugin lamps that are compact fluorescent. Plugin lighting not specified as CFL, LED, or LFL is assumed to be incandescent.</description>
      <type>Double</type>
      <required>true</required>
      <model_dependent>false</model_dependent>
      <default_value>0.34</default_value>
    </argument>
    <argument>
      <name>pg_led</name>
      <display_name>Plugin Fraction LED</display_name>
      <description>Fraction of all plugin lamps that are LED. Plugin lighting not specified as CFL, LED, or LFL is assumed to be incandescent.</description>
      <type>Double</type>
      <required>true</required>
      <model_dependent>false</model_dependent>
      <default_value>0</default_value>
    </argument>
    <argument>
      <name>pg_lfl</name>
      <display_name>Plugin Fraction LFL</display_name>
      <description>Fraction of all plugin lamps that are linear fluorescent. Plugin lighting not specified as CFL, LED, or LFL is assumed to be incandescent.</description>
      <type>Double</type>
      <required>true</required>
      <model_dependent>false</model_dependent>
      <default_value>0</default_value>
    </argument>
    <argument>
      <name>in_eff</name>
      <display_name>Incandescent Efficacy</display_name>
      <description>The ratio of light output from an incandescent lamp to the electric power it consumes.</description>
      <type>Double</type>
      <units>lm/W</units>
      <required>true</required>
      <model_dependent>false</model_dependent>
      <default_value>15</default_value>
    </argument>
    <argument>
      <name>cfl_eff</name>
      <display_name>CFL Efficacy</display_name>
      <description>The ratio of light output from a CFL lamp to the electric power it consumes.</description>
      <type>Double</type>
      <units>lm/W</units>
      <required>true</required>
      <model_dependent>false</model_dependent>
      <default_value>55</default_value>
    </argument>
    <argument>
      <name>led_eff</name>
      <display_name>LED Efficacy</display_name>
      <description>The ratio of light output from a LED lamp to the electric power it consumes.</description>
      <type>Double</type>
      <units>lm/W</units>
      <required>true</required>
      <model_dependent>false</model_dependent>
      <default_value>80</default_value>
    </argument>
    <argument>
      <name>lfl_eff</name>
      <display_name>LFL Efficacy</display_name>
      <description>The ratio of light output from a LFL lamp to the electric power it consumes.</description>
      <type>Double</type>
      <units>lm/W</units>
      <required>true</required>
      <model_dependent>false</model_dependent>
      <default_value>88</default_value>
    </argument>
  </arguments>
  <provenances/>
  <tags>
    <tag>Electric Lighting.Lighting Equipment</tag>
  </tags>
  <attributes>
    <attribute>
      <name>Measure Type</name>
      <value>ModelMeasure</value>
      <datatype>string</datatype>
    </attribute>
    <attribute>
      <name>Uses SketchUp API</name>
      <value>false</value>
      <datatype>boolean</datatype>
    </attribute>
  </attributes>
  <files>
    <file>
      <filename>psychrometrics.rb</filename>
      <filetype>rb</filetype>
      <usage_type>resource</usage_type>
      <checksum>640596F1</checksum>
    </file>
    <file>
      <filename>unit_conversions.rb</filename>
      <filetype>rb</filetype>
      <usage_type>resource</usage_type>
      <checksum>DCBEF242</checksum>
    </file>
    <file>
      <filename>geometry.rb</filename>
      <filetype>rb</filetype>
      <usage_type>resource</usage_type>
      <checksum>2285CA0B</checksum>
    </file>
    <file>
      <filename>2000sqft_2story_FB_GRG_UA.osm</filename>
      <filetype>osm</filetype>
      <usage_type>test</usage_type>
      <checksum>A2C693E7</checksum>
    </file>
    <file>
      <filename>2000sqft_2story_FB_GRG_UA_3Beds_2Baths.osm</filename>
      <filetype>osm</filetype>
      <usage_type>test</usage_type>
      <checksum>CBEE7249</checksum>
    </file>
    <file>
      <filename>USA_CO_Denver_Intl_AP_725650_TMY3.ddy</filename>
      <filetype>ddy</filetype>
      <usage_type>test</usage_type>
      <checksum>FB253570</checksum>
    </file>
    <file>
      <filename>USA_CO_Denver_Intl_AP_725650_TMY3.epw</filename>
      <filetype>epw</filetype>
      <usage_type>test</usage_type>
      <checksum>E23378AA</checksum>
    </file>
    <file>
      <filename>schedules.rb</filename>
      <filetype>rb</filetype>
      <usage_type>resource</usage_type>
      <checksum>796FFBD4</checksum>
    </file>
    <file>
      <filename>2000sqft_2story_FB_GRG_UA_3Beds_2Baths_Denver.osm</filename>
      <filetype>osm</filetype>
      <usage_type>test</usage_type>
      <checksum>82C5EC6F</checksum>
    </file>
    <file>
      <filename>weather.rb</filename>
      <filetype>rb</filetype>
      <usage_type>resource</usage_type>
      <checksum>129640D9</checksum>
    </file>
    <file>
      <filename>ResidentialLighting_Test.rb</filename>
      <filetype>rb</filetype>
      <usage_type>test</usage_type>
      <checksum>6C832831</checksum>
    </file>
    <file>
      <version>
        <software_program>OpenStudio</software_program>
        <identifier>1.4.0</identifier>
        <min_compatible>1.4.0</min_compatible>
      </version>
      <filename>measure.rb</filename>
      <filetype>rb</filetype>
      <usage_type>script</usage_type>
      <checksum>18FD27EE</checksum>
    </file>
    <file>
      <filename>constants.rb</filename>
      <filetype>rb</filetype>
      <usage_type>resource</usage_type>
      <checksum>5DD91978</checksum>
    </file>
    <file>
      <filename>util.rb</filename>
      <filetype>rb</filetype>
      <usage_type>resource</usage_type>
      <checksum>2792E40D</checksum>
    </file>
  </files>
</measure>
