<measure>
  <schema_version>3.0</schema_version>
  <name>process_constructions_foundations_floors_crawlspace</name>
  <uid>c30a490e-4ff6-4fe9-88ae-a949421a287d</uid>
  <version_id>06641093-aa22-4c47-a99f-2416a25bd8b3</version_id>
  <version_modified>20170112T175848Z</version_modified>
  <xml_checksum>BCB7218E</xml_checksum>
  <class_name>ProcessConstructionsFoundationsFloorsCrawlspace</class_name>
  <display_name>Set Residential Foundations/Floors - Crawlspace Constructions</display_name>
  <description>This measure assigns constructions to the crawlspace ceilings, walls, and floors.</description>
  <modeler_description>Calculates and assigns material layer properties of constructions for: 1) ceilings above below-grade unfinished space, 2) walls between below-grade unfinished space and ground, and 3) floors below below-grade unfinished space. Below-grade spaces are assumed to be crawlspaces (and not basements) if the space height is less than 7 ft.</modeler_description>
  <arguments>
    <argument>
      <name>wall_rigid_r</name>
      <display_name>Wall Continuous Insulation Nominal R-value</display_name>
      <description>The R-value of the continuous insulation.</description>
      <type>Double</type>
      <units>hr-ft^2-R/Btu</units>
      <required>true</required>
      <model_dependent>false</model_dependent>
      <default_value>10</default_value>
    </argument>
    <argument>
      <name>wall_rigid_thick_in</name>
      <display_name>Wall Continuous Insulation Thickness</display_name>
      <description>The thickness of the continuous insulation.</description>
      <type>Double</type>
      <units>in</units>
      <required>true</required>
      <model_dependent>false</model_dependent>
      <default_value>2</default_value>
    </argument>
    <argument>
      <name>ceil_cavity_r</name>
      <display_name>Ceiling Cavity Insulation Nominal R-value</display_name>
      <description>Refers to the R-value of the cavity insulation and not the overall R-value of the assembly.</description>
      <type>Double</type>
      <units>h-ft^2-R/Btu</units>
      <required>true</required>
      <model_dependent>false</model_dependent>
      <default_value>0</default_value>
    </argument>
    <argument>
      <name>ceil_cavity_grade</name>
      <display_name>Ceiling Cavity Install Grade</display_name>
      <description>Installation grade as defined by RESNET standard. 5% of the cavity is considered missing insulation for Grade 3, 2% for Grade 2, and 0% for Grade 1.</description>
      <type>Choice</type>
      <required>true</required>
      <model_dependent>false</model_dependent>
      <default_value>I</default_value>
      <choices>
        <choice>
          <value>I</value>
          <display_name>I</display_name>
        </choice>
        <choice>
          <value>II</value>
          <display_name>II</display_name>
        </choice>
        <choice>
          <value>III</value>
          <display_name>III</display_name>
        </choice>
      </choices>
    </argument>
    <argument>
      <name>ceil_ff</name>
      <display_name>Ceiling Framing Factor</display_name>
      <description>Fraction of ceiling that is framing.</description>
      <type>Double</type>
      <units>frac</units>
      <required>true</required>
      <model_dependent>false</model_dependent>
      <default_value>0.13</default_value>
    </argument>
    <argument>
      <name>ceil_joist_height</name>
      <display_name>Ceiling Joist Height</display_name>
      <description>Height of the joist member.</description>
      <type>Double</type>
      <units>in</units>
      <required>true</required>
      <model_dependent>false</model_dependent>
      <default_value>9.25</default_value>
    </argument>
  </arguments>
  <outputs/>
  <provenances/>
  <tags>
    <tag>Envelope.Opaque</tag>
  </tags>
  <attributes>
    <attribute>
      <name>Measure Type</name>
      <value>ModelMeasure</value>
      <datatype>string</datatype>
    </attribute>
    <attribute>
      <name>Uses SketchUp API</name>
      <value>false</value>
      <datatype>boolean</datatype>
    </attribute>
  </attributes>
  <files>
    <file>
      <version>
        <software_program>OpenStudio</software_program>
        <identifier>1.3.0</identifier>
        <min_compatible>1.13.1</min_compatible>
      </version>
      <filename>measure.rb</filename>
      <filetype>rb</filetype>
      <usage_type>script</usage_type>
      <checksum>B6093100</checksum>
    </file>
    <file>
      <filename>util.rb</filename>
      <filetype>rb</filetype>
      <usage_type>resource</usage_type>
      <checksum>108E0E50</checksum>
    </file>
    <file>
      <filename>geometry.rb</filename>
      <filetype>rb</filetype>
      <usage_type>resource</usage_type>
      <checksum>DC36E8B8</checksum>
    </file>
    <file>
      <filename>constants.rb</filename>
      <filetype>rb</filetype>
      <usage_type>resource</usage_type>
      <checksum>866A1677</checksum>
    </file>
  </files>
</measure>
