<measure>
  <schema_version>3.0</schema_version>
  <name>process_constructions_walls_exterior_generic</name>
  <uid>d7572e51-b9af-4cb3-b984-7c8d0a7e0e73</uid>
  <version_id>07580692-e4e5-41b9-bd95-9ecf0883d063</version_id>
  <version_modified>20160504T190602Z</version_modified>
  <xml_checksum>5091078B</xml_checksum>
  <class_name>ProcessConstructionsWallsExteriorGeneric</class_name>
  <display_name>Set Residential Walls - Generic Construction</display_name>
  <description>This measure assigns a generic layered construction to above-grade exterior walls adjacent to finished space.</description>
  <modeler_description>Calculates and assigns material layer properties of generic constructions for above-grade walls between finished space and outside. If the walls have an existing construction, the layers (other than exterior finish, wall sheathing, and wall mass) are replaced. This measure is intended to be used in conjunction with Exterior Finish, Wall Sheathing, and Exterior Wall Mass measures.</modeler_description>
  <arguments>
    <argument>
      <name>thick_in1</name>
      <display_name>Thickness 1</display_name>
      <description>Thickness of the outside layer.</description>
      <type>Double</type>
      <units>in</units>
      <required>true</required>
      <model_dependent>false</model_dependent>
      <default_value>2.5</default_value>
    </argument>
    <argument>
      <name>thick_in2</name>
      <display_name>Thickness 2</display_name>
      <description>Thickness of the second layer. Leave blank if no second layer.</description>
      <type>Double</type>
      <units>in</units>
      <required>false</required>
      <model_dependent>false</model_dependent>
    </argument>
    <argument>
      <name>thick_in3</name>
      <display_name>Thickness 3</display_name>
      <description>Thickness of the third layer. Leave blank if no third layer.</description>
      <type>Double</type>
      <units>in</units>
      <required>false</required>
      <model_dependent>false</model_dependent>
    </argument>
    <argument>
      <name>thick_in4</name>
      <display_name>Thickness 4</display_name>
      <description>Thickness of the fourth layer. Leave blank if no fourth layer.</description>
      <type>Double</type>
      <units>in</units>
      <required>false</required>
      <model_dependent>false</model_dependent>
    </argument>
    <argument>
      <name>thick_in5</name>
      <display_name>Thickness 5</display_name>
      <description>Thickness of the fifth layer. Leave blank if no fifth layer.</description>
      <type>Double</type>
      <units>in</units>
      <required>false</required>
      <model_dependent>false</model_dependent>
    </argument>
    <argument>
      <name>cond1</name>
      <display_name>Conductivity 1</display_name>
      <description>Conductivity of the outside layer.</description>
      <type>Double</type>
      <units>Btu-in/h-ft^2-R</units>
      <required>true</required>
      <model_dependent>false</model_dependent>
      <default_value>9.211</default_value>
    </argument>
    <argument>
      <name>cond2</name>
      <display_name>Conductivity 2</display_name>
      <description>Conductivity of the second layer. Leave blank if no second layer.</description>
      <type>Double</type>
      <units>Btu-in/h-ft^2-R</units>
      <required>false</required>
      <model_dependent>false</model_dependent>
    </argument>
    <argument>
      <name>cond3</name>
      <display_name>Conductivity 3</display_name>
      <description>Conductivity of the third layer. Leave blank if no third layer.</description>
      <type>Double</type>
      <units>Btu-in/h-ft^2-R</units>
      <required>false</required>
      <model_dependent>false</model_dependent>
    </argument>
    <argument>
      <name>cond4</name>
      <display_name>Conductivity 4</display_name>
      <description>Conductivity of the fourth layer. Leave blank if no fourth layer.</description>
      <type>Double</type>
      <units>Btu-in/h-ft^2-R</units>
      <required>false</required>
      <model_dependent>false</model_dependent>
    </argument>
    <argument>
      <name>cond5</name>
      <display_name>Conductivity 5</display_name>
      <description>Conductivity of the fifth layer. Leave blank if no fifth layer.</description>
      <type>Double</type>
      <units>Btu-in/h-ft^2-R</units>
      <required>false</required>
      <model_dependent>false</model_dependent>
    </argument>
    <argument>
      <name>dens1</name>
      <display_name>Density 1</display_name>
      <description>Density of the outside layer.</description>
      <type>Double</type>
      <units>lb/ft^3</units>
      <required>true</required>
      <model_dependent>false</model_dependent>
      <default_value>138.33</default_value>
    </argument>
    <argument>
      <name>dens2</name>
      <display_name>Density 2</display_name>
      <description>Density of the second layer. Leave blank if no second layer.</description>
      <type>Double</type>
      <units>lb/ft^3</units>
      <required>false</required>
      <model_dependent>false</model_dependent>
    </argument>
    <argument>
      <name>dens3</name>
      <display_name>Density 3</display_name>
      <description>Density of the third layer. Leave blank if no third layer.</description>
      <type>Double</type>
      <units>lb/ft^3</units>
      <required>false</required>
      <model_dependent>false</model_dependent>
    </argument>
    <argument>
      <name>dens4</name>
      <display_name>Density 4</display_name>
      <description>Density of the fourth layer. Leave blank if no fourth layer.</description>
      <type>Double</type>
      <units>lb/ft^3</units>
      <required>false</required>
      <model_dependent>false</model_dependent>
    </argument>
    <argument>
      <name>dens5</name>
      <display_name>Density 5</display_name>
      <description>Density of the fifth layer. Leave blank if no fifth layer.</description>
      <type>Double</type>
      <units>lb/ft^3</units>
      <required>false</required>
      <model_dependent>false</model_dependent>
    </argument>
    <argument>
      <name>specheat1</name>
      <display_name>Specific Heat 1</display_name>
      <description>Specific heat of the outside layer.</description>
      <type>Double</type>
      <units>Btu/lb-R</units>
      <required>true</required>
      <model_dependent>false</model_dependent>
      <default_value>0.23</default_value>
    </argument>
    <argument>
      <name>specheat2</name>
      <display_name>Specific Heat 2</display_name>
      <description>Specific heat of the second layer. Leave blank if no second layer.</description>
      <type>Double</type>
      <units>Btu/lb-R</units>
      <required>false</required>
      <model_dependent>false</model_dependent>
    </argument>
    <argument>
      <name>specheat3</name>
      <display_name>Specific Heat 3</display_name>
      <description>Specific heat of the third layer. Leave blank if no third layer.</description>
      <type>Double</type>
      <units>Btu/lb-R</units>
      <required>false</required>
      <model_dependent>false</model_dependent>
    </argument>
    <argument>
      <name>specheat4</name>
      <display_name>Specific Heat 4</display_name>
      <description>Specific heat of the fourth layer. Leave blank if no fourth layer.</description>
      <type>Double</type>
      <units>Btu/lb-R</units>
      <required>false</required>
      <model_dependent>false</model_dependent>
    </argument>
    <argument>
      <name>specheat5</name>
      <display_name>Specific Heat 5</display_name>
      <description>Specific heat of the fifth layer. Leave blank if no fifth layer.</description>
      <type>Double</type>
      <units>Btu/lb-R</units>
      <required>false</required>
      <model_dependent>false</model_dependent>
    </argument>
  </arguments>
  <provenances/>
  <tags>
    <tag>Envelope.Opaque</tag>
  </tags>
  <attributes>
    <attribute>
      <name>Uses SketchUp API</name>
      <value>false</value>
      <datatype>boolean</datatype>
    </attribute>
    <attribute>
      <name>Measure Type</name>
      <value>ModelMeasure</value>
      <datatype>string</datatype>
    </attribute>
  </attributes>
  <files>
    <file>
      <filename>ProcessConstructionsExteriorInsulatedWallsWoodStud_Test.rb</filename>
      <filetype>rb</filetype>
      <usage_type>test</usage_type>
      <checksum>B9A44DFC</checksum>
    </file>
    <file>
      <version>
        <software_program>OpenStudio</software_program>
        <identifier>1.3.0</identifier>
        <min_compatible>1.3.0</min_compatible>
      </version>
      <filename>measure.rb</filename>
      <filetype>rb</filetype>
      <usage_type>script</usage_type>
      <checksum>70E0A28D</checksum>
    </file>
    <file>
      <filename>geometry.rb</filename>
      <filetype>rb</filetype>
      <usage_type>resource</usage_type>
      <checksum>1B4BF46B</checksum>
    </file>
    <file>
      <filename>util.rb</filename>
      <filetype>rb</filetype>
      <usage_type>resource</usage_type>
      <checksum>FFB87057</checksum>
    </file>
    <file>
      <filename>constants.rb</filename>
      <filetype>rb</filetype>
      <usage_type>resource</usage_type>
      <checksum>CDA42DE8</checksum>
    </file>
  </files>
</measure>
