<measure>
  <schema_version>3.0</schema_version>
  <name>add_dencity_meters</name>
  <uid>1c0ce685-7e37-4c5f-9038-4027a53f0cab</uid>
  <version_id>2f098800-835f-4d57-8ea9-13b85a9620c6</version_id>
  <xml_checksum>0CA4D54C</xml_checksum>
  <class_name>AddDencityMeters</class_name>
  <display_name>AddDencityMeters</display_name>
  <description>This measure adds all end-use meters for all fueltypes at the timestep reporting frequency.</description>
  <modeler_description>Use for Dencity reporting</modeler_description>
  <arguments/>
  <provenances/>
  <tags>
    <tag>Reporting.QAQC</tag>
  </tags>
  <attributes>
    <attribute>
      <name>Measure Type</name>
      <value>ModelMeasure</value>
      <datatype>string</datatype>
    </attribute>
    <attribute>
      <name>Measure Function</name>
      <value>Measure</value>
      <datatype>string</datatype>
    </attribute>
    <attribute>
      <name>Requires EnergyPlus Results</name>
      <value>false</value>
      <datatype>boolean</datatype>
    </attribute>
    <attribute>
      <name>Uses SketchUp API</name>
      <value>false</value>
      <datatype>boolean</datatype>
    </attribute>
  </attributes>
  <files>
    <file>
      <version>
        <software_program>OpenStudio</software_program>
        <identifier>1.0.0</identifier>
        <min_compatible>1.0.0</min_compatible>
      </version>
      <filename>measure.rb</filename>
      <filetype>rb</filetype>
      <usage_type>script</usage_type>
      <checksum>9CA1F40C</checksum>
    </file>
  </files>
</measure>
