<measure>
  <schema_version>3.0</schema_version>
  <name>process_central_air_conditioner</name>
  <uid>62ef17da-be70-43a1-99ec-b000e016ba4a</uid>
  <version_id>ef55f61c-6c66-492a-a63e-98a541bffc02</version_id>
  <version_modified>20160603T214457Z</version_modified>
  <xml_checksum>9E2537CD</xml_checksum>
  <class_name>ProcessCentralAirConditioner</class_name>
  <display_name>Set Residential Central Air Conditioner</display_name>
  <description>This measure removes any existing HVAC cooling components from the building and adds a central air conditioner along with an on/off supply fan to a unitary air loop.</description>
  <modeler_description>This measure parses the OSM for the residential cooling season. Any cooling components are removed from any existing air loops or zones. Any existing air loops are also removed. A cooling DX coil and an on/off supply fan are added to a unitary air loop. The unitary air loop is added to the supply inlet node of the air loop. This air loop is added to a branch for the living zone. A diffuser is added to the branch for the living zone as well as for the finished basement if it exists.</modeler_description>
  <arguments>
    <argument>
      <name>acCoolingInstalledSEER</name>
      <display_name>Rated SEER</display_name>
      <description>Seasonal Energy Efficiency Ratio (SEER) is a measure of equipment energy efficiency over the cooling season.</description>
      <type>Double</type>
      <units>Btu/W-h</units>
      <required>true</required>
      <model_dependent>false</model_dependent>
      <default_value>13</default_value>
    </argument>
    <argument>
      <name>acNumberSpeeds</name>
      <display_name>Number of Speeds</display_name>
      <description>Number of speeds of the compressor.</description>
      <type>Double</type>
      <units>frac</units>
      <required>true</required>
      <model_dependent>false</model_dependent>
      <default_value>1</default_value>
    </argument>
    <argument>
      <name>acCoolingEER</name>
      <display_name>EER</display_name>
      <description>EER (net) from the A test (95 ODB/80 EDB/67 EWB) for each of the compressor speeds.</description>
      <type>String</type>
      <units>kBtu/kWh</units>
      <required>true</required>
      <model_dependent>false</model_dependent>
      <default_value>11.1</default_value>
    </argument>
    <argument>
      <name>acSHRRated</name>
      <display_name>Rated SHR</display_name>
      <description>The sensible heat ratio (ratio of the sensible portion of the load to the total load) at the nominal rated capacity for each of the compressor speeds.</description>
      <type>String</type>
      <required>true</required>
      <model_dependent>false</model_dependent>
      <default_value>0.73</default_value>
    </argument>
    <argument>
      <name>acCapacityRatio</name>
      <display_name>Capacity Ratio</display_name>
      <description>Capacity divided by rated capacity for each of the compressor speeds.</description>
      <type>String</type>
      <required>true</required>
      <model_dependent>false</model_dependent>
      <default_value>1.0</default_value>
    </argument>
    <argument>
      <name>acRatedAirFlowRate</name>
      <display_name>Rated Air Flow Rate</display_name>
      <description>Air flow rate (cfm) per ton of rated capacity.</description>
      <type>Double</type>
      <units>cfm/ton</units>
      <required>true</required>
      <model_dependent>false</model_dependent>
      <default_value>386.1</default_value>
    </argument>
    <argument>
      <name>acFanspeedRatio</name>
      <display_name>Fan Speed Ratio</display_name>
      <description>Fan speed divided by fan speed at the compressor speed for which Capacity Ratio = 1.0 for each of the compressor speeds.</description>
      <type>String</type>
      <required>true</required>
      <model_dependent>false</model_dependent>
      <default_value>1.0</default_value>
    </argument>
    <argument>
      <name>acSupplyFanPowerRated</name>
      <display_name>Rated Supply Fan Power</display_name>
      <description>Fan power (in W) per delivered airflow rate (in cfm) of the outdoor fan under conditions prescribed by AHRI Standard 210/240 for SEER testing.</description>
      <type>Double</type>
      <units>W/cfm</units>
      <required>true</required>
      <model_dependent>false</model_dependent>
      <default_value>0.365</default_value>
    </argument>
    <argument>
      <name>acSupplyFanPowerInstalled</name>
      <display_name>Installed Supply Fan Power</display_name>
      <description>Fan power (in W) per delivered airflow rate (in cfm) of the outdoor fan for the maximum fan speed under actual operating conditions.</description>
      <type>Double</type>
      <units>W/cfm</units>
      <required>true</required>
      <model_dependent>false</model_dependent>
      <default_value>0.5</default_value>
    </argument>
    <argument>
      <name>acCondenserType</name>
      <display_name>Condenser Type</display_name>
      <description>For evaporatively cooled units, the performance curves are a function of outdoor wetbulb (not drybulb) and entering wetbulb.</description>
      <type>String</type>
      <required>true</required>
      <model_dependent>false</model_dependent>
      <default_value>aircooled</default_value>
    </argument>
    <argument>
      <name>acCrankcase</name>
      <display_name>Crankcase</display_name>
      <description>Capacity of the crankcase heater for the compressor.</description>
      <type>Double</type>
      <units>kW</units>
      <required>true</required>
      <model_dependent>false</model_dependent>
      <default_value>0</default_value>
    </argument>
    <argument>
      <name>acCrankcaseMaxT</name>
      <display_name>Crankcase Max Temp</display_name>
      <description>Outdoor dry-bulb temperature above which compressor crankcase heating is disabled.</description>
      <type>Double</type>
      <units>degrees F</units>
      <required>true</required>
      <model_dependent>false</model_dependent>
      <default_value>55</default_value>
    </argument>
    <argument>
      <name>acEERCapacityDerateFactor1ton</name>
      <display_name>1.5 Ton EER Capacity Derate</display_name>
      <description>EER multiplier for 1.5 ton air-conditioners.</description>
      <type>Double</type>
      <required>true</required>
      <model_dependent>false</model_dependent>
      <default_value>1</default_value>
    </argument>
    <argument>
      <name>acEERCapacityDerateFactor2ton</name>
      <display_name>2 Ton EER Capacity Derate</display_name>
      <description>EER multiplier for 2 ton air-conditioners.</description>
      <type>Double</type>
      <required>true</required>
      <model_dependent>false</model_dependent>
      <default_value>1</default_value>
    </argument>
    <argument>
      <name>acEERCapacityDerateFactor3ton</name>
      <display_name>3 Ton EER Capacity Derate</display_name>
      <description>EER multiplier for 3 ton air-conditioners.</description>
      <type>Double</type>
      <required>true</required>
      <model_dependent>false</model_dependent>
      <default_value>1</default_value>
    </argument>
    <argument>
      <name>acEERCapacityDerateFactor4ton</name>
      <display_name>4 Ton EER Capacity Derate</display_name>
      <description>EER multiplier for 4 ton air-conditioners.</description>
      <type>Double</type>
      <required>true</required>
      <model_dependent>false</model_dependent>
      <default_value>1</default_value>
    </argument>
    <argument>
      <name>acEERCapacityDerateFactor5ton</name>
      <display_name>5 Ton EER Capacity Derate</display_name>
      <description>EER multiplier for 5 ton air-conditioners.</description>
      <type>Double</type>
      <required>true</required>
      <model_dependent>false</model_dependent>
      <default_value>1</default_value>
    </argument>
    <argument>
      <name>acCoolingOutputCapacity</name>
      <display_name>Cooling Output Capacity</display_name>
      <type>Choice</type>
      <required>true</required>
      <model_dependent>false</model_dependent>
      <default_value>Autosize</default_value>
      <choices>
        <choice>
          <value>Autosize</value>
          <display_name>Autosize</display_name>
        </choice>
        <choice>
          <value>0.5 tons</value>
          <display_name>0.5 tons</display_name>
        </choice>
        <choice>
          <value>1.0 tons</value>
          <display_name>1.0 tons</display_name>
        </choice>
        <choice>
          <value>1.5 tons</value>
          <display_name>1.5 tons</display_name>
        </choice>
        <choice>
          <value>2.0 tons</value>
          <display_name>2.0 tons</display_name>
        </choice>
        <choice>
          <value>2.5 tons</value>
          <display_name>2.5 tons</display_name>
        </choice>
        <choice>
          <value>3.0 tons</value>
          <display_name>3.0 tons</display_name>
        </choice>
        <choice>
          <value>3.5 tons</value>
          <display_name>3.5 tons</display_name>
        </choice>
        <choice>
          <value>4.0 tons</value>
          <display_name>4.0 tons</display_name>
        </choice>
        <choice>
          <value>4.5 tons</value>
          <display_name>4.5 tons</display_name>
        </choice>
        <choice>
          <value>5.0 tons</value>
          <display_name>5.0 tons</display_name>
        </choice>
        <choice>
          <value>5.5 tons</value>
          <display_name>5.5 tons</display_name>
        </choice>
        <choice>
          <value>6.0 tons</value>
          <display_name>6.0 tons</display_name>
        </choice>
        <choice>
          <value>6.5 tons</value>
          <display_name>6.5 tons</display_name>
        </choice>
        <choice>
          <value>7.0 tons</value>
          <display_name>7.0 tons</display_name>
        </choice>
        <choice>
          <value>7.5 tons</value>
          <display_name>7.5 tons</display_name>
        </choice>
        <choice>
          <value>8.0 tons</value>
          <display_name>8.0 tons</display_name>
        </choice>
        <choice>
          <value>8.5 tons</value>
          <display_name>8.5 tons</display_name>
        </choice>
        <choice>
          <value>9.0 tons</value>
          <display_name>9.0 tons</display_name>
        </choice>
        <choice>
          <value>9.5 tons</value>
          <display_name>9.5 tons</display_name>
        </choice>
        <choice>
          <value>10.0 tons</value>
          <display_name>10.0 tons</display_name>
        </choice>
      </choices>
    </argument>
  </arguments>
  <provenances/>
  <tags>
    <tag>HVAC.Cooling</tag>
  </tags>
  <attributes>
    <attribute>
      <name>Measure Type</name>
      <value>ModelMeasure</value>
      <datatype>string</datatype>
    </attribute>
    <attribute>
      <name>Uses SketchUp API</name>
      <value>false</value>
      <datatype>boolean</datatype>
    </attribute>
  </attributes>
  <files>
    <file>
      <filename>ProcessCentralAirConditioner_Test.rb</filename>
      <filetype>rb</filetype>
      <usage_type>test</usage_type>
      <checksum>A4D74917</checksum>
    </file>
    <file>
      <filename>unit_conversions.rb</filename>
      <filetype>rb</filetype>
      <usage_type>resource</usage_type>
      <checksum>DCBEF242</checksum>
    </file>
    <file>
      <filename>util.rb</filename>
      <filetype>rb</filetype>
      <usage_type>resource</usage_type>
      <checksum>E4784B5E</checksum>
    </file>
    <file>
      <filename>constants.rb</filename>
      <filetype>rb</filetype>
      <usage_type>resource</usage_type>
      <checksum>9F7D2989</checksum>
    </file>
    <file>
      <version>
        <software_program>OpenStudio</software_program>
        <identifier>1.4.0</identifier>
        <min_compatible>1.4.0</min_compatible>
      </version>
      <filename>measure.rb</filename>
      <filetype>rb</filetype>
      <usage_type>script</usage_type>
      <checksum>24A82820</checksum>
    </file>
    <file>
      <filename>geometry.rb</filename>
      <filetype>rb</filetype>
      <usage_type>resource</usage_type>
      <checksum>E1556074</checksum>
    </file>
  </files>
</measure>
