<measure>
  <schema_version>3.0</schema_version>
  <name>set_residential_epw_file</name>
  <uid>16ac2c0c-6177-4bf2-91a5-1b6e8de4e85b</uid>
  <version_id>74936c13-fbf4-4d81-9dc9-6611ae5800fe</version_id>
  <xml_checksum>D8922A73</xml_checksum>
  <class_name>SetResidentialEPWFile</class_name>
  <display_name>Set Residential EPW File</display_name>
  <description></description>
  <modeler_description></modeler_description>
  <arguments>
    <argument>
      <name>weather_directory</name>
      <display_name>Weather Directory</display_name>
      <description>Relative directory to weather files from analysis directory</description>
      <type>String</type>
      <required>true</required>
      <model_dependent>false</model_dependent>
      <default_value>../../../../OpenStudio-Beopt/OpenStudio-analysis-spreadsheet/weather</default_value>
    </argument>
    <argument>
      <name>weather_file_name</name>
      <display_name>Weather File Name</display_name>
      <description>Name of the weather file to change to. This is the filename with the extension (e.g. NewWeather.epw)</description>
      <type>String</type>
      <required>true</required>
      <model_dependent>false</model_dependent>
      <default_value>USA_CO_Denver.Intl.AP.725650_TMY3.epw</default_value>
    </argument>
  </arguments>
  <provenances/>
  <tags>
    <tag>Whole Building.Space Types</tag>
  </tags>
  <attributes>
    <attribute>
      <name>Measure Type</name>
      <value>ModelMeasure</value>
      <datatype>string</datatype>
    </attribute>
    <attribute>
      <name>Intended Software Tool</name>
      <value>Apply Measure Now</value>
      <datatype>string</datatype>
    </attribute>
    <attribute>
      <name>Intended Software Tool</name>
      <value>OpenStudio Application</value>
      <datatype>string</datatype>
    </attribute>
    <attribute>
      <name>Intended Software Tool</name>
      <value>Parametric Analysis Tool</value>
      <datatype>string</datatype>
    </attribute>
  </attributes>
  <files>
    <file>
      <filename>set_residential_epw_file_test.rb</filename>
      <filetype>rb</filetype>
      <usage_type>test</usage_type>
      <checksum>7FD23641</checksum>
    </file>
    <file>
      <filename>example_model.osm</filename>
      <filetype>osm</filetype>
      <usage_type>test</usage_type>
      <checksum>C4F35230</checksum>
    </file>
    <file>
      <version>
        <software_program>OpenStudio</software_program>
        <identifier>1.9.0</identifier>
        <min_compatible>1.9.0</min_compatible>
      </version>
      <filename>measure.rb</filename>
      <filetype>rb</filetype>
      <usage_type>script</usage_type>
      <checksum>446380B5</checksum>
    </file>
  </files>
</measure>
