{
  "classname": "ResidentialRefrigerator",
  "name": "residential_refrigerator",
  "display_name": "Residential Refrigerator",
  "measure_type": "RubyMeasure",
  "arguments": [
    {
      "local_variable": "selected_fridge",
      "variable_type": "Choice",
      "name": "selected_fridge",
      "display_name": "Refrigerator Energy Consumption Option",
      "units": null,
      "description": null,
      "choices": [
        "Benchmark",
        "Annual Energy Consumption"
      ]
    },
    {
      "local_variable": "fridge_E",
      "variable_type": "Double",
      "name": "fridge_E",
      "display_name": "User Defined Refrigerator Annual Energy Consumption",
      "units": "kWh/yr",
      "description": null,
      "default_value": 0.0
    },
    {
      "local_variable": "bab_mult",
      "variable_type": "Double",
      "name": "BAB_mult",
      "display_name": "Building America Benchmark Multipler",
      "units": null,
      "description": null,
      "default_value": 1.0
    },
    {
      "local_variable": "space_type",
      "variable_type": "Choice",
      "name": "space_type",
      "display_name": "Select the space where the refrigerator is located",
      "units": null,
      "description": null,
      "default_value": "*None*",
      "choices": [
        "*None*"
      ]
    }
  ],
  "name_xml": "residential_refrigerator",
  "uid": "96f1e9ca-41b9-4fb8-a219-57850e351500",
  "version_id": "b394e01b-50a1-4ad7-804b-8c3041f43724",
  "modeler_description": "To add a residential refrigerator, select the appropriate refrigerator option from the drop down list. A user defined refrigerator can be defined based on it's rated energy use (kWh/yr)",
  "description": "This measure adds a residential refrigerator to the building, with a schedule based on the Building America House Simulation Protocols (add reference). TODO: add the capability to do user defined schedules (monthly multiplier and weekday/weekend schedule)",
  "tags": [
    "Equipment.Electric Equipment"
  ]
}