<measure>
  <schema_version>3.0</schema_version>
  <name>create_residential_door_area</name>
  <uid>901a04ee-99d4-42b3-91e1-b5b97970f441</uid>
  <version_id>ab73e80f-83c3-4fa8-ba2b-91982cdddfe5</version_id>
  <version_modified>20161221T215459Z</version_modified>
  <xml_checksum>9C8A26EB</xml_checksum>
  <class_name>CreateResidentialDoorArea</class_name>
  <display_name>Set Residential Door Area</display_name>
  <description>Sets the opaque door area for the building. Doors with glazing should be set as window area. For multifamily buildings, door area can be set for all units of the building.</description>
  <modeler_description>Sets the opaque door area for the lowest above-grade front surface attached to living space. Any existing doors are removed. For multifamily buildings, doors are placed on corridor walls if available.</modeler_description>
  <arguments>
    <argument>
      <name>door_area</name>
      <display_name>Door Area</display_name>
      <description>The area of the opaque door(s). For multifamily buildings, applies to each unit.</description>
      <type>Double</type>
      <units>ft^2</units>
      <required>true</required>
      <model_dependent>false</model_dependent>
      <default_value>20</default_value>
    </argument>
  </arguments>
  <provenances/>
  <tags>
    <tag>Envelope.Fenestration</tag>
  </tags>
  <attributes>
    <attribute>
      <name>Measure Type</name>
      <value>ModelMeasure</value>
      <datatype>string</datatype>
    </attribute>
    <attribute>
      <name>Intended Software Tool</name>
      <value>Apply Measure Now</value>
      <datatype>string</datatype>
    </attribute>
    <attribute>
      <name>Intended Software Tool</name>
      <value>OpenStudio Application</value>
      <datatype>string</datatype>
    </attribute>
    <attribute>
      <name>Intended Software Tool</name>
      <value>Parametric Analysis Tool</value>
      <datatype>string</datatype>
    </attribute>
  </attributes>
  <files>
    <file>
      <filename>2000sqft_2story_FB_GRG_UA.osm</filename>
      <filetype>osm</filetype>
      <usage_type>test</usage_type>
      <checksum>850FE64F</checksum>
    </file>
    <file>
      <filename>multifamily_3_units.osm</filename>
      <filetype>osm</filetype>
      <usage_type>test</usage_type>
      <checksum>8A41CF93</checksum>
    </file>
    <file>
      <filename>2000sqft_2story_FB_GRG_UA_Southwest_Orientation.osm</filename>
      <filetype>osm</filetype>
      <usage_type>test</usage_type>
      <checksum>D23A6A0C</checksum>
    </file>
    <file>
      <filename>multifamily_interior_corridor.osm</filename>
      <filetype>osm</filetype>
      <usage_type>test</usage_type>
      <checksum>3AEF7653</checksum>
    </file>
    <file>
      <filename>multifamily_exterior_corridor_inset.osm</filename>
      <filetype>osm</filetype>
      <usage_type>test</usage_type>
      <checksum>D6DEAA03</checksum>
    </file>
    <file>
      <filename>DoorArea_Test.rb</filename>
      <filetype>rb</filetype>
      <usage_type>test</usage_type>
      <checksum>C89F9B8D</checksum>
    </file>
    <file>
      <version>
        <software_program>OpenStudio</software_program>
        <identifier>1.9.0</identifier>
        <min_compatible>1.13.1</min_compatible>
      </version>
      <filename>measure.rb</filename>
      <filetype>rb</filetype>
      <usage_type>script</usage_type>
      <checksum>86B3AF68</checksum>
    </file>
    <file>
      <filename>geometry.rb</filename>
      <filetype>rb</filetype>
      <usage_type>resource</usage_type>
      <checksum>DC36E8B8</checksum>
    </file>
    <file>
      <filename>constants.rb</filename>
      <filetype>rb</filetype>
      <usage_type>resource</usage_type>
      <checksum>654268E9</checksum>
    </file>
  </files>
</measure>
