<measure>
  <schema_version>3.0</schema_version>
  <name>set_residential_window_area</name>
  <uid>d05f5b32-1ad6-4c3d-964a-0dbd49a7fde8</uid>
  <version_id>1b588b06-34f7-4fb5-b832-72f6e7ab87b0</version_id>
  <version_modified>20170112T175854Z</version_modified>
  <xml_checksum>A02778FF</xml_checksum>
  <class_name>SetResidentialWindowArea</class_name>
  <display_name>Set Residential Window Area</display_name>
  <description>Sets the window area for the building. Doors with glazing should be set as window area.</description>
  <modeler_description>Automatically creates and positions standard residential windows based on the specified window area on each building facade. Windows are only added to surfaces between finished space and outside. Any existing windows are removed.</modeler_description>
  <arguments>
    <argument>
      <name>front_wwr</name>
      <display_name>Front Window-to-Wall Ratio</display_name>
      <description>The ratio of window area to wall area for the building's front facade.</description>
      <type>Double</type>
      <required>true</required>
      <model_dependent>false</model_dependent>
      <default_value>0.18</default_value>
    </argument>
    <argument>
      <name>back_wwr</name>
      <display_name>Back Window-to-Wall Ratio</display_name>
      <description>The ratio of window area to wall area for the building's back facade.</description>
      <type>Double</type>
      <required>true</required>
      <model_dependent>false</model_dependent>
      <default_value>0.18</default_value>
    </argument>
    <argument>
      <name>left_wwr</name>
      <display_name>Left Window-to-Wall Ratio</display_name>
      <description>The ratio of window area to wall area for the building's left facade.</description>
      <type>Double</type>
      <required>true</required>
      <model_dependent>false</model_dependent>
      <default_value>0.18</default_value>
    </argument>
    <argument>
      <name>right_wwr</name>
      <display_name>Right Window-to-Wall Ratio</display_name>
      <description>The ratio of window area to wall area for the building's right facade.</description>
      <type>Double</type>
      <required>true</required>
      <model_dependent>false</model_dependent>
      <default_value>0.18</default_value>
    </argument>
    <argument>
      <name>aspect_ratio</name>
      <display_name>Window Aspect Ratio</display_name>
      <description>Ratio of window height to width.</description>
      <type>Double</type>
      <required>true</required>
      <model_dependent>false</model_dependent>
      <default_value>1.333</default_value>
    </argument>
  </arguments>
  <outputs/>
  <provenances/>
  <tags>
    <tag>Envelope.Fenestration</tag>
  </tags>
  <attributes>
    <attribute>
      <name>Intended Software Tool</name>
      <value>Apply Measure Now</value>
      <datatype>string</datatype>
    </attribute>
    <attribute>
      <name>Intended Software Tool</name>
      <value>OpenStudio Application</value>
      <datatype>string</datatype>
    </attribute>
    <attribute>
      <name>Intended Software Tool</name>
      <value>Parametric Analysis Tool</value>
      <datatype>string</datatype>
    </attribute>
    <attribute>
      <name>Measure Type</name>
      <value>ModelMeasure</value>
      <datatype>string</datatype>
    </attribute>
    <attribute>
      <name>Intended Software Tool</name>
      <value>Apply Measure Now</value>
      <datatype>string</datatype>
    </attribute>
    <attribute>
      <name>Intended Software Tool</name>
      <value>OpenStudio Application</value>
      <datatype>string</datatype>
    </attribute>
    <attribute>
      <name>Intended Software Tool</name>
      <value>Parametric Analysis Tool</value>
      <datatype>string</datatype>
    </attribute>
  </attributes>
  <files>
    <file>
      <version>
        <software_program>OpenStudio</software_program>
        <identifier>1.9.0</identifier>
        <min_compatible>1.13.1</min_compatible>
      </version>
      <filename>measure.rb</filename>
      <filetype>rb</filetype>
      <usage_type>script</usage_type>
      <checksum>26A30D48</checksum>
    </file>
    <file>
      <filename>geometry.rb</filename>
      <filetype>rb</filetype>
      <usage_type>resource</usage_type>
      <checksum>DC36E8B8</checksum>
    </file>
    <file>
      <filename>constants.rb</filename>
      <filetype>rb</filetype>
      <usage_type>resource</usage_type>
      <checksum>866A1677</checksum>
    </file>
  </files>
</measure>
