{
  "classname": "ProcessConstructionsUnfinishedAttic",
  "name": "process_constructions_unfinished_attic",
  "display_name": "Process Constructions Unfinished Attic",
  "measure_type": "RubyMeasure",
  "arguments": [
    {
      "local_variable": "selected_living",
      "variable_type": "Choice",
      "name": "selectedliving",
      "display_name": "Of what space type is the living space",
      "units": null,
      "description": null,
      "choices": [

      ]
    },
    {
      "local_variable": "selected_attic",
      "variable_type": "Choice",
      "name": "selectedattic",
      "display_name": "Of what space type is the attic",
      "units": null,
      "description": null,
      "choices": [

      ]
    },
    {
      "local_variable": "selected_uains",
      "variable_type": "Choice",
      "name": "selecteduains",
      "display_name": "Unfinished attic insulation type",
      "units": null,
      "description": null,
      "choices": [
        "Uninsulated",
        "Ceiling",
        "Roof"
      ]
    },
    {
      "local_variable": "# selected_uaceilroof",
      "variable_type": "Choice",
      "name": "selecteduaceilroof",
      "display_name": "Unfinished attic ceiling or roof insulationFor manually entering unfinished attic ceiling or roof insulation properties, leave blank",
      "units": null,
      "description": null,
      "choices": [

      ]
    },
    {
      "local_variable": "userdefined_ceilroofinsthickness",
      "variable_type": "Double",
      "name": "userdefinedceilroofinsthickness",
      "display_name": "Unfinished attic ceiling or roof cavity insulation thickness",
      "units": null,
      "description": null,
      "default_value": 0.0
    },
    {
      "local_variable": "userdefined_uaceilroofr",
      "variable_type": "Double",
      "name": "userdefineduaceilroofr",
      "display_name": "Unfinished attic ceiling or roof cavity insulation R-value",
      "units": null,
      "description": null,
      "default_value": 0.0
    },
    {
      "local_variable": "selected_joistthickness",
      "variable_type": "Choice",
      "name": "selecteduaceiljoistthickness",
      "display_name": "Thickness of joists in the ceiling",
      "units": null,
      "description": null,
      "default_value": "3.5",
      "choices": [
        "3.5"
      ]
    },
    {
      "local_variable": "userdefined_uaceilff",
      "variable_type": "Double",
      "name": "userdefineduaceilff",
      "display_name": "Unfinished attic ceiling framing factor",
      "units": null,
      "description": null,
      "default_value": 0.07
    },
    {
      "local_variable": "selected_framethickness",
      "variable_type": "Choice",
      "name": "selecteduaroofframethickness",
      "display_name": "Thickness of joists in the ceiling",
      "units": null,
      "description": null,
      "default_value": "7.25",
      "choices": [
        "7.25"
      ]
    },
    {
      "local_variable": "userdefined_uaroofff",
      "variable_type": "Double",
      "name": "userdefineduaroofff",
      "display_name": "Unfinished attic roof framing factor",
      "units": null,
      "description": null,
      "default_value": 0.07
    },
    {
      "local_variable": "# selected_rigidins",
      "variable_type": "Choice",
      "name": "selectedrigidins",
      "display_name": "Rigid insulation of roof cavityFor manually entering rigid insulation properties of roof cavity, leave blank",
      "units": null,
      "description": null,
      "choices": [

      ]
    },
    {
      "local_variable": "userdefined_rigidinsthickness",
      "variable_type": "Double",
      "name": "userdefinedrigidinsthickness",
      "display_name": "Rigid insulation thickness of roof cavity",
      "units": null,
      "description": null,
      "default_value": 0.0
    },
    {
      "local_variable": "userdefined_rigidinsr",
      "variable_type": "Double",
      "name": "userdefinedrigidinsr",
      "display_name": "Rigid insulation R-value of roof cavity",
      "units": null,
      "description": null,
      "default_value": 0.0
    },
    {
      "local_variable": "userdefined_hasradiantbarrier",
      "variable_type": "Bool",
      "name": "userdefinedhasradiantbarrier",
      "display_name": "Roof has radiant barrier",
      "units": null,
      "description": null
    },
    {
      "local_variable": "# selected_gypsum",
      "variable_type": "Choice",
      "name": "selectedgypsum",
      "display_name": "Interior finish  of cavityFor manually entering interior finish properties of cavity, leave blank",
      "units": "gypsum",
      "description": null,
      "choices": [

      ]
    },
    {
      "local_variable": "userdefined_gypthickness",
      "variable_type": "Double",
      "name": "userdefinedgypthickness",
      "display_name": "Thickness of drywall layers",
      "units": null,
      "description": null,
      "default_value": 0.5
    },
    {
      "local_variable": "userdefined_gyplayers",
      "variable_type": "Double",
      "name": "userdefinedgyplayers",
      "display_name": "Number of drywall layers",
      "units": null,
      "description": null,
      "default_value": 1.0
    },
    {
      "local_variable": "# selected_roofmat",
      "variable_type": "Choice",
      "name": "selectedroofmat",
      "display_name": "Roofing material for unfinished atticFor manually entering roofing material properties of unfinished attic, leave blank",
      "units": null,
      "description": null,
      "choices": [

      ]
    },
    {
      "local_variable": "userdefined_roofmatthermalabs",
      "variable_type": "Double",
      "name": "userdefinedroofmatthermalabs",
      "display_name": "Roofing material emissivity of unfinished attic",
      "units": null,
      "description": null,
      "default_value": 0.91
    },
    {
      "local_variable": "userdefined_roofmatabs",
      "variable_type": "Double",
      "name": "userdefinedroofmatabs",
      "display_name": "Roofing material absorptance of unfinished attic",
      "units": null,
      "description": null,
      "default_value": 0.85
    }
  ],
  "name_xml": "process_constructions_unfinished_attic",
  "uid": "235ba3ce-dd83-4287-aa0e-435dc1cbf1a7",
  "version_id": "443312b7-aab2-417d-98f5-a2c1ee841206",
  "modeler_description": "Calculates material layer properties of constructions for the unfinished attic floor and ceiling. Finds surfaces adjacent to the unfinished attic and sets applicable constructions.",
  "description": "This measure creates constructions for the unfinished attic floor and ceiling.",
  "tags": [
    "Envelope.Opaque"
  ]
}