<measure>
  <schema_version>3.0</schema_version>
  <name>process_constructions_ceilings_roofs_unfinished_attic</name>
  <uid>235ba3ce-dd83-4287-aa0e-435dc1cbf1a7</uid>
  <version_id>563a7261-37ce-4d31-a533-c51985084cee</version_id>
  <version_modified>20160806T150902Z</version_modified>
  <xml_checksum>1E963D9C</xml_checksum>
  <class_name>ProcessConstructionsCeilingsRoofsUnfinishedAttic</class_name>
  <display_name>Set Residential Ceilings/Roofs - Unfinished Attic Constructions</display_name>
  <description>This measure assigns constructions to unfinished attic floors and ceilings.</description>
  <modeler_description>Calculates and assigns material layer properties of constructions for 1) floors between unfinished space under a roof and finished space and 2) roofs of unfinished space.</modeler_description>
  <arguments>
    <argument>
      <name>ceil_r</name>
      <display_name>Ceiling Insulation Nominal R-value</display_name>
      <description>Refers to the R-value of the insulation and not the overall R-value of the assembly.</description>
      <type>Double</type>
      <units>h-ft^2-R/Btu</units>
      <required>true</required>
      <model_dependent>false</model_dependent>
      <default_value>30</default_value>
    </argument>
    <argument>
      <name>ceil_grade</name>
      <display_name>Ceiling Install Grade</display_name>
      <description>Installation grade as defined by RESNET standard. 5% of the cavity is considered missing insulation for Grade 3, 2% for Grade 2, and 0% for Grade 1.</description>
      <type>Choice</type>
      <required>true</required>
      <model_dependent>false</model_dependent>
      <default_value>I</default_value>
      <choices>
        <choice>
          <value>I</value>
          <display_name>I</display_name>
        </choice>
        <choice>
          <value>II</value>
          <display_name>II</display_name>
        </choice>
        <choice>
          <value>III</value>
          <display_name>III</display_name>
        </choice>
      </choices>
    </argument>
    <argument>
      <name>ceil_ins_thick_in</name>
      <display_name>Ceiling Insulation Thickness</display_name>
      <description>The thickness in inches of insulation required to obtain the specified R-value.</description>
      <type>Double</type>
      <units>in</units>
      <required>true</required>
      <model_dependent>false</model_dependent>
      <default_value>8.55</default_value>
    </argument>
    <argument>
      <name>ceil_ff</name>
      <display_name>Ceiling Framing Factor</display_name>
      <description>Fraction of ceiling that is framing.</description>
      <type>Double</type>
      <units>frac</units>
      <required>true</required>
      <model_dependent>false</model_dependent>
      <default_value>0.07</default_value>
    </argument>
    <argument>
      <name>ceil_joist_height</name>
      <display_name>Ceiling Joist Height</display_name>
      <description>Height of the joist member.</description>
      <type>Double</type>
      <units>in</units>
      <required>true</required>
      <model_dependent>false</model_dependent>
      <default_value>3.5</default_value>
    </argument>
    <argument>
      <name>roof_cavity_r</name>
      <display_name>Roof Cavity Insulation Nominal R-value</display_name>
      <description>Refers to the R-value of the cavity insulation and not the overall R-value of the assembly.</description>
      <type>Double</type>
      <units>h-ft^2-R/Btu</units>
      <required>true</required>
      <model_dependent>false</model_dependent>
      <default_value>0</default_value>
    </argument>
    <argument>
      <name>roof_cavity_grade</name>
      <display_name>Roof Cavity Install Grade</display_name>
      <description>Installation grade as defined by RESNET standard. 5% of the cavity is considered missing insulation for Grade 3, 2% for Grade 2, and 0% for Grade 1.</description>
      <type>Choice</type>
      <required>true</required>
      <model_dependent>false</model_dependent>
      <default_value>I</default_value>
      <choices>
        <choice>
          <value>I</value>
          <display_name>I</display_name>
        </choice>
        <choice>
          <value>II</value>
          <display_name>II</display_name>
        </choice>
        <choice>
          <value>III</value>
          <display_name>III</display_name>
        </choice>
      </choices>
    </argument>
    <argument>
      <name>roof_cavity_ins_thick_in</name>
      <display_name>Roof Cavity Insulation Thickness</display_name>
      <description>The thickness in inches of insulation required to obtain the specified R-value.</description>
      <type>Double</type>
      <units>in</units>
      <required>true</required>
      <model_dependent>false</model_dependent>
      <default_value>0</default_value>
    </argument>
    <argument>
      <name>roof_ff</name>
      <display_name>Roof Framing Factor</display_name>
      <description>Fraction of roof that is framing.</description>
      <type>Double</type>
      <units>frac</units>
      <required>true</required>
      <model_dependent>false</model_dependent>
      <default_value>0.07</default_value>
    </argument>
    <argument>
      <name>roof_fram_thick_in</name>
      <display_name>Roof Framing Thickness</display_name>
      <description>Thickness of roof framing.</description>
      <type>Double</type>
      <units>in</units>
      <required>true</required>
      <model_dependent>false</model_dependent>
      <default_value>7.25</default_value>
    </argument>
  </arguments>
  <provenances/>
  <tags>
    <tag>Envelope.Opaque</tag>
  </tags>
  <attributes>
    <attribute>
      <name>Measure Type</name>
      <value>ModelMeasure</value>
      <datatype>string</datatype>
    </attribute>
    <attribute>
      <name>Uses SketchUp API</name>
      <value>false</value>
      <datatype>boolean</datatype>
    </attribute>
  </attributes>
  <files>
    <file>
      <version>
        <software_program>OpenStudio</software_program>
        <identifier>1.3.0</identifier>
        <min_compatible>1.3.0</min_compatible>
      </version>
      <filename>measure.rb</filename>
      <filetype>rb</filetype>
      <usage_type>script</usage_type>
      <checksum>AD66C96B</checksum>
    </file>
    <file>
      <filename>geometry.rb</filename>
      <filetype>rb</filetype>
      <usage_type>resource</usage_type>
      <checksum>2285CA0B</checksum>
    </file>
    <file>
      <filename>util.rb</filename>
      <filetype>rb</filetype>
      <usage_type>resource</usage_type>
      <checksum>2792E40D</checksum>
    </file>
    <file>
      <filename>constants.rb</filename>
      <filetype>rb</filetype>
      <usage_type>resource</usage_type>
      <checksum>1AB9292D</checksum>
    </file>
  </files>
</measure>
