<measure>
  <schema_version>3.0</schema_version>
  <name>process_system_crankcase_heater</name>
  <uid>b0630593-f352-4753-ae2c-2aa68f1c5611</uid>
  <version_id>e0ab0714-50ae-42df-89f0-89701b50077b</version_id>
  <version_modified>20160429T163713Z</version_modified>
  <xml_checksum>C7ED76C0</xml_checksum>
  <class_name>ProcessSystemCrankcaseHeater</class_name>
  <display_name>Set Residential Crankcase Heater for Heat Pump and Multispeed Air Conditioner</display_name>
  <description>This measure creates a crankcase heater for heat pumps and multispeed air conditioners.</description>
  <modeler_description>Using EMS code, this measure creates a crankcase heater electric equipment object for heat pumps and also air conditioners with number of compressor speeds greater than one.</modeler_description>
  <arguments>
    <argument>
      <name>userdefinedcrankcase</name>
      <display_name>Crankcase [kW]</display_name>
      <description>Capacity of the crankcase heater for the compressor.</description>
      <type>Double</type>
      <required>true</required>
      <model_dependent>false</model_dependent>
      <default_value>0.02</default_value>
    </argument>
    <argument>
      <name>userdefinedcrankcasemaxt</name>
      <display_name>Crankcase Max Temp [degrees F]</display_name>
      <description>Outdoor dry-bulb temperature above which compressor crankcase heating is disabled.</description>
      <type>Double</type>
      <required>true</required>
      <model_dependent>false</model_dependent>
      <default_value>55</default_value>
    </argument>
    <argument>
      <name>living_thermal_zone</name>
      <display_name>Living thermal zone</display_name>
      <description>Select the living thermal zone</description>
      <type>Choice</type>
      <required>true</required>
      <model_dependent>false</model_dependent>
      <default_value>living zone</default_value>
      <choices>
        <choice>
          <value>living zone</value>
          <display_name>living zone</display_name>
        </choice>
      </choices>
    </argument>
  </arguments>
  <provenances/>
  <tags>
    <tag>HVAC.Cooling</tag>
  </tags>
  <attributes>
    <attribute>
      <name>Measure Type</name>
      <value>EnergyPlusMeasure</value>
      <datatype>string</datatype>
    </attribute>
    <attribute>
      <name>Uses SketchUp API</name>
      <value>false</value>
      <datatype>boolean</datatype>
    </attribute>
  </attributes>
  <files>
    <file>
      <filename>ProcessSystemCrankcaseHeater_Test.rb</filename>
      <filetype>rb</filetype>
      <usage_type>test</usage_type>
      <checksum>B79FDDBB</checksum>
    </file>
    <file>
      <version>
        <software_program>OpenStudio</software_program>
        <identifier>1.4.0</identifier>
        <min_compatible>1.4.0</min_compatible>
      </version>
      <filename>measure.rb</filename>
      <filetype>rb</filetype>
      <usage_type>script</usage_type>
      <checksum>3FDF6BB2</checksum>
    </file>
    <file>
      <filename>constants.rb</filename>
      <filetype>rb</filetype>
      <usage_type>resource</usage_type>
      <checksum>DFE4EFD1</checksum>
    </file>
    <file>
      <filename>geometry.rb</filename>
      <filetype>rb</filetype>
      <usage_type>resource</usage_type>
      <checksum>1B4BF46B</checksum>
    </file>
    <file>
      <filename>util.rb</filename>
      <filetype>rb</filetype>
      <usage_type>resource</usage_type>
      <checksum>FFB87057</checksum>
    </file>
  </files>
</measure>
