<measure>
  <schema_version>3.0</schema_version>
  <name>process_system_crankcase_heater</name>
  <uid>b0630593-f352-4753-ae2c-2aa68f1c5611</uid>
  <version_id>d2baedab-931c-4c13-9fff-a06f0c148f25</version_id>
  <xml_checksum>C7ED76C0</xml_checksum>
  <class_name>ProcessSystemCrankcaseHeater</class_name>
  <display_name>Add Residential Crankcase Heater for Heat Pump and Multispeed Air Conditioner</display_name>
  <description>This measure creates a crankcase heater for heat pumps and multispeed air conditioners.</description>
  <modeler_description>Using EMS code, this measure creates a crankcase heater electric equipment object for heat pumps and also air conditioners with number of compressor speeds greater than one.</modeler_description>
  <arguments>
    <argument>
      <name>selectedliving</name>
      <display_name>Living Zone</display_name>
      <description>The living zone.</description>
      <type>Choice</type>
      <required>true</required>
      <model_dependent>false</model_dependent>
    </argument>
    <argument>
      <name>userdefinedcrankcase</name>
      <display_name>Crankcase [kW]</display_name>
      <description>Capacity of the crankcase heater for the compressor.</description>
      <type>Double</type>
      <required>true</required>
      <model_dependent>false</model_dependent>
      <default_value>0</default_value>
    </argument>
    <argument>
      <name>userdefinedcrankcasemaxt</name>
      <display_name>Crankcase Max Temp [degrees F]</display_name>
      <description></description>
      <type>Double</type>
      <required>true</required>
      <model_dependent>false</model_dependent>
      <default_value>55</default_value>
    </argument>
    <argument>
      <name>selectedheatpump</name>
      <display_name>Has Heat Pump</display_name>
      <description>Indicates whether the house has a heat pump.</description>
      <type>Boolean</type>
      <required>false</required>
      <model_dependent>false</model_dependent>
      <default_value>false</default_value>
      <choices>
        <choice>
          <value>true</value>
          <display_name>true</display_name>
        </choice>
        <choice>
          <value>false</value>
          <display_name>false</display_name>
        </choice>
      </choices>
    </argument>
    <argument>
      <name>userdefinedspeeds</name>
      <display_name>Num Speeds [#]</display_name>
      <description>Integer number of speeds of the compressor.</description>
      <type>Double</type>
      <required>true</required>
      <model_dependent>false</model_dependent>
      <default_value>2</default_value>
    </argument>
  </arguments>
  <provenances/>
  <tags>
    <tag>HVAC.Cooling</tag>
  </tags>
  <attributes>
    <attribute>
      <name>Measure Type</name>
      <value>EnergyPlusMeasure</value>
      <datatype>string</datatype>
    </attribute>
    <attribute>
      <name>Uses SketchUp API</name>
      <value>false</value>
      <datatype>boolean</datatype>
    </attribute>
  </attributes>
  <files>
    <file>
      <filename>ProcessSystemCrankcaseHeater_Test.rb</filename>
      <filetype>rb</filetype>
      <usage_type>test</usage_type>
      <checksum>B79FDDBB</checksum>
    </file>
    <file>
      <version>
        <software_program>OpenStudio</software_program>
        <identifier>1.4.0</identifier>
        <min_compatible>1.4.0</min_compatible>
      </version>
      <filename>measure.rb</filename>
      <filetype>rb</filetype>
      <usage_type>script</usage_type>
      <checksum>8C570802</checksum>
    </file>
  </files>
</measure>
