<measure>
  <schema_version>3.0</schema_version>
  <name>process_constructions_uninsulated_surfaces</name>
  <uid>ffe06b80-3296-436e-98b2-fe79b4c936de</uid>
  <version_id>2f5f287e-3930-4005-ab87-d283c84b0792</version_id>
  <version_modified>20160429T163712Z</version_modified>
  <xml_checksum>1E963D9C</xml_checksum>
  <class_name>ProcessConstructionsUninsulatedSurfaces</class_name>
  <display_name>Set Residential Uninsulated Surfaces</display_name>
  <description>This measure assigns an uninsulated constructions to 1) above-grade exterior walls adjacent to unfinished space, 2) slabs under unfinished space, 3) roofs above unfinished space, 4) floors between two unfinished (or two finished) spaces, or 5) adiabatic surfaecs.</description>
  <modeler_description>Calculates and assigns material layer properties of uninsulated constructions for surfaces that are not typically insulated.</modeler_description>
  <arguments/>
  <provenances/>
  <tags>
    <tag>Envelope.Opaque</tag>
  </tags>
  <attributes>
    <attribute>
      <name>Measure Type</name>
      <value>ModelMeasure</value>
      <datatype>string</datatype>
    </attribute>
    <attribute>
      <name>Uses SketchUp API</name>
      <value>false</value>
      <datatype>boolean</datatype>
    </attribute>
  </attributes>
  <files>
    <file>
      <filename>ProcessConstructionsExteriorUninsulatedWalls_Test.rb</filename>
      <filetype>rb</filetype>
      <usage_type>test</usage_type>
      <checksum>23181300</checksum>
    </file>
    <file>
      <filename>constants.rb</filename>
      <filetype>rb</filetype>
      <usage_type>resource</usage_type>
      <checksum>DFE4EFD1</checksum>
    </file>
    <file>
      <version>
        <software_program>OpenStudio</software_program>
        <identifier>1.3.0</identifier>
        <min_compatible>1.3.0</min_compatible>
      </version>
      <filename>measure.rb</filename>
      <filetype>rb</filetype>
      <usage_type>script</usage_type>
      <checksum>9644A8C9</checksum>
    </file>
    <file>
      <filename>geometry.rb</filename>
      <filetype>rb</filetype>
      <usage_type>resource</usage_type>
      <checksum>1B4BF46B</checksum>
    </file>
    <file>
      <filename>util.rb</filename>
      <filetype>rb</filetype>
      <usage_type>resource</usage_type>
      <checksum>FFB87057</checksum>
    </file>
  </files>
</measure>
