<measure>
  <schema_version>3.0</schema_version>
  <name>process_central_air_conditioner</name>
  <uid>62ef17da-be70-43a1-99ec-b000e016ba4a</uid>
  <version_id>68224072-727f-4ff8-bd80-486faa65b9fe</version_id>
  <version_modified>20160504T190601Z</version_modified>
  <xml_checksum>9E2537CD</xml_checksum>
  <class_name>ProcessCentralAirConditioner</class_name>
  <display_name>Set Residential Central Air Conditioner</display_name>
  <description>This measure removes any existing HVAC cooling components from the building and adds a central air conditioner along with an on/off supply fan to a unitary air loop.</description>
  <modeler_description>This measure parses the OSM for the CoolingSeasonSchedule. Any cooling components are removed from any existing air loops or zones. Any existing air loops are also removed. A cooling DX coil and an on/off supply fan are added to a unitary air loop. The unitary air loop is added to the supply inlet node of the air loop. This air loop is added to a branch for the living zone. A single zone reheat setpoint manager is added to the supply outlet node, and a diffuser is added to the branch for the living zone as well as for the finished basement if it exists.</modeler_description>
  <arguments>
    <argument>
      <name>selectedac</name>
      <display_name>Installed SEER</display_name>
      <description>The installed Seasonal Energy Efficiency Ratio (SEER) of the air conditioner, which can be used to account for performance derating or degradation relative to the rated value.</description>
      <type>Choice</type>
      <units>Btu/W-h</units>
      <required>true</required>
      <model_dependent>false</model_dependent>
      <default_value>SEER 13</default_value>
      <choices>
        <choice>
          <value>SEER 8</value>
          <display_name>SEER 8</display_name>
        </choice>
        <choice>
          <value>SEER 10</value>
          <display_name>SEER 10</display_name>
        </choice>
        <choice>
          <value>SEER 13</value>
          <display_name>SEER 13</display_name>
        </choice>
        <choice>
          <value>SEER 14</value>
          <display_name>SEER 14</display_name>
        </choice>
        <choice>
          <value>SEER 15</value>
          <display_name>SEER 15</display_name>
        </choice>
        <choice>
          <value>SEER 16</value>
          <display_name>SEER 16</display_name>
        </choice>
        <choice>
          <value>SEER 16 (2 Stage)</value>
          <display_name>SEER 16 (2 Stage)</display_name>
        </choice>
        <choice>
          <value>SEER 17</value>
          <display_name>SEER 17</display_name>
        </choice>
        <choice>
          <value>SEER 18</value>
          <display_name>SEER 18</display_name>
        </choice>
        <choice>
          <value>SEER 21</value>
          <display_name>SEER 21</display_name>
        </choice>
        <choice>
          <value>SEER 24.5</value>
          <display_name>SEER 24.5</display_name>
        </choice>
      </choices>
    </argument>
    <argument>
      <name>selectedaccap</name>
      <display_name>Cooling Output Capacity</display_name>
      <type>Choice</type>
      <required>true</required>
      <model_dependent>false</model_dependent>
      <default_value>Autosize</default_value>
      <choices>
        <choice>
          <value>Autosize</value>
          <display_name>Autosize</display_name>
        </choice>
        <choice>
          <value>0.5 tons</value>
          <display_name>0.5 tons</display_name>
        </choice>
        <choice>
          <value>1.0 tons</value>
          <display_name>1.0 tons</display_name>
        </choice>
        <choice>
          <value>1.5 tons</value>
          <display_name>1.5 tons</display_name>
        </choice>
        <choice>
          <value>2.0 tons</value>
          <display_name>2.0 tons</display_name>
        </choice>
        <choice>
          <value>2.5 tons</value>
          <display_name>2.5 tons</display_name>
        </choice>
        <choice>
          <value>3.0 tons</value>
          <display_name>3.0 tons</display_name>
        </choice>
        <choice>
          <value>3.5 tons</value>
          <display_name>3.5 tons</display_name>
        </choice>
        <choice>
          <value>4.0 tons</value>
          <display_name>4.0 tons</display_name>
        </choice>
        <choice>
          <value>4.5 tons</value>
          <display_name>4.5 tons</display_name>
        </choice>
        <choice>
          <value>5.0 tons</value>
          <display_name>5.0 tons</display_name>
        </choice>
        <choice>
          <value>5.5 tons</value>
          <display_name>5.5 tons</display_name>
        </choice>
        <choice>
          <value>6.0 tons</value>
          <display_name>6.0 tons</display_name>
        </choice>
        <choice>
          <value>6.5 tons</value>
          <display_name>6.5 tons</display_name>
        </choice>
        <choice>
          <value>7.0 tons</value>
          <display_name>7.0 tons</display_name>
        </choice>
        <choice>
          <value>7.5 tons</value>
          <display_name>7.5 tons</display_name>
        </choice>
        <choice>
          <value>8.0 tons</value>
          <display_name>8.0 tons</display_name>
        </choice>
        <choice>
          <value>8.5 tons</value>
          <display_name>8.5 tons</display_name>
        </choice>
        <choice>
          <value>9.0 tons</value>
          <display_name>9.0 tons</display_name>
        </choice>
        <choice>
          <value>9.5 tons</value>
          <display_name>9.5 tons</display_name>
        </choice>
        <choice>
          <value>10.0 tons</value>
          <display_name>10.0 tons</display_name>
        </choice>
      </choices>
    </argument>
  </arguments>
  <provenances/>
  <tags>
    <tag>HVAC.Cooling</tag>
  </tags>
  <attributes>
    <attribute>
      <name>Measure Type</name>
      <value>ModelMeasure</value>
      <datatype>string</datatype>
    </attribute>
    <attribute>
      <name>Uses SketchUp API</name>
      <value>false</value>
      <datatype>boolean</datatype>
    </attribute>
  </attributes>
  <files>
    <file>
      <filename>ProcessCentralAirConditioner_Test.rb</filename>
      <filetype>rb</filetype>
      <usage_type>test</usage_type>
      <checksum>A4D74917</checksum>
    </file>
    <file>
      <filename>unit_conversions.rb</filename>
      <filetype>rb</filetype>
      <usage_type>resource</usage_type>
      <checksum>DCBEF242</checksum>
    </file>
    <file>
      <filename>geometry.rb</filename>
      <filetype>rb</filetype>
      <usage_type>resource</usage_type>
      <checksum>1B4BF46B</checksum>
    </file>
    <file>
      <version>
        <software_program>OpenStudio</software_program>
        <identifier>1.4.0</identifier>
        <min_compatible>1.4.0</min_compatible>
      </version>
      <filename>measure.rb</filename>
      <filetype>rb</filetype>
      <usage_type>script</usage_type>
      <checksum>24E1BBAA</checksum>
    </file>
    <file>
      <filename>util.rb</filename>
      <filetype>rb</filetype>
      <usage_type>resource</usage_type>
      <checksum>FFB87057</checksum>
    </file>
    <file>
      <filename>constants.rb</filename>
      <filetype>rb</filetype>
      <usage_type>resource</usage_type>
      <checksum>CDA42DE8</checksum>
    </file>
  </files>
</measure>
