<measure>
  <schema_version>3.0</schema_version>
  <name>process_constructions_uninsulated_slab</name>
  <uid>3da62049-50f9-4ed0-b05a-6b89a202482d</uid>
  <version_id>0bddf17c-1a97-4b32-9ce1-22d933d7a108</version_id>
  <version_modified>20160420T163014Z</version_modified>
  <xml_checksum>1E963D9C</xml_checksum>
  <class_name>ProcessConstructionsUninsulatedSlab</class_name>
  <display_name>Set Residential Uninsulated Slab Construction</display_name>
  <description>This measure assigns a construction to uninsulated slabs (e.g., under the garage).</description>
  <modeler_description>Calculates and assigns material layer properties of slab constructions for floors between above-grade unfinished space and ground.</modeler_description>
  <arguments/>
  <provenances/>
  <tags>
    <tag>Envelope.Opaque</tag>
  </tags>
  <attributes>
    <attribute>
      <name>Measure Type</name>
      <value>ModelMeasure</value>
      <datatype>string</datatype>
    </attribute>
    <attribute>
      <name>Uses SketchUp API</name>
      <value>false</value>
      <datatype>boolean</datatype>
    </attribute>
  </attributes>
  <files>
    <file>
      <filename>ProcessConstructionsGarageSlab_Test.rb</filename>
      <filetype>rb</filetype>
      <usage_type>test</usage_type>
      <checksum>606FA4F5</checksum>
    </file>
    <file>
      <version>
        <software_program>OpenStudio</software_program>
        <identifier>1.3.0</identifier>
        <min_compatible>1.3.0</min_compatible>
      </version>
      <filename>measure.rb</filename>
      <filetype>rb</filetype>
      <usage_type>script</usage_type>
      <checksum>A999D53B</checksum>
    </file>
    <file>
      <filename>constants.rb</filename>
      <filetype>rb</filetype>
      <usage_type>resource</usage_type>
      <checksum>D28DC6BC</checksum>
    </file>
    <file>
      <filename>util.rb</filename>
      <filetype>rb</filetype>
      <usage_type>resource</usage_type>
      <checksum>5D8C22C7</checksum>
    </file>
    <file>
      <filename>geometry.rb</filename>
      <filetype>rb</filetype>
      <usage_type>resource</usage_type>
      <checksum>151F115E</checksum>
    </file>
  </files>
</measure>
