<measure>
  <schema_version>3.0</schema_version>
  <name>create_residential_neighbors</name>
  <uid>11051b4a-4f5b-43b5-8c78-6303e084dbd9</uid>
  <version_id>4edd3409-26bb-4604-a1d2-e942293ab37a</version_id>
  <version_modified>20160422T164223Z</version_modified>
  <xml_checksum>2AF3A68E</xml_checksum>
  <class_name>CreateResidentialNeighbors</class_name>
  <display_name>Set Residential Neighbors</display_name>
  <description>Sets the neighbors of the building.</description>
  <modeler_description>Performs a series of affine transformations on the building's surfaces into shading surfaces.</modeler_description>
  <arguments>
    <argument>
      <name>left_neighbor_offset</name>
      <display_name>Left Neighbor Offset</display_name>
      <description>The minimum distance between the simulated house and the neighboring house to the left (not including eaves). A value of zero indicates no neighbors.</description>
      <type>Double</type>
      <units>ft</units>
      <required>false</required>
      <model_dependent>false</model_dependent>
      <default_value>0</default_value>
    </argument>
    <argument>
      <name>right_neighbor_offset</name>
      <display_name>Right Neighbor Offset</display_name>
      <description>The minimum distance between the simulated house and the neighboring house to the right (not including eaves). A value of zero indicates no neighbors.</description>
      <type>Double</type>
      <units>ft</units>
      <required>false</required>
      <model_dependent>false</model_dependent>
      <default_value>0</default_value>
    </argument>
    <argument>
      <name>back_neighbor_offset</name>
      <display_name>Back Neighbor Offset</display_name>
      <description>The minimum distance between the simulated house and the neighboring house to the back (not including eaves). A value of zero indicates no neighbors.</description>
      <type>Double</type>
      <units>ft</units>
      <required>false</required>
      <model_dependent>false</model_dependent>
      <default_value>0</default_value>
    </argument>
    <argument>
      <name>front_neighbor_offset</name>
      <display_name>Front Neighbor Offset</display_name>
      <description>The minimum distance between the simulated house and the neighboring house to the lront (not including eaves). A value of zero indicates no neighbors.</description>
      <type>Double</type>
      <units>ft</units>
      <required>false</required>
      <model_dependent>false</model_dependent>
      <default_value>0</default_value>
    </argument>
  </arguments>
  <provenances/>
  <tags>
    <tag>Envelope.Form</tag>
  </tags>
  <attributes>
    <attribute>
      <name>Measure Type</name>
      <value>ModelMeasure</value>
      <datatype>string</datatype>
    </attribute>
    <attribute>
      <name>Intended Software Tool</name>
      <value>Apply Measure Now</value>
      <datatype>string</datatype>
    </attribute>
    <attribute>
      <name>Intended Software Tool</name>
      <value>OpenStudio Application</value>
      <datatype>string</datatype>
    </attribute>
    <attribute>
      <name>Intended Software Tool</name>
      <value>Parametric Analysis Tool</value>
      <datatype>string</datatype>
    </attribute>
  </attributes>
  <files>
    <file>
      <filename>create_residential_neighbors_test.rb</filename>
      <filetype>rb</filetype>
      <usage_type>test</usage_type>
      <checksum>138BCFA5</checksum>
    </file>
    <file>
      <filename>example_model.osm</filename>
      <filetype>osm</filetype>
      <usage_type>test</usage_type>
      <checksum>C4F35230</checksum>
    </file>
    <file>
      <version>
        <software_program>OpenStudio</software_program>
        <identifier>1.9.0</identifier>
        <min_compatible>1.9.0</min_compatible>
      </version>
      <filename>measure.rb</filename>
      <filetype>rb</filetype>
      <usage_type>script</usage_type>
      <checksum>31DB6400</checksum>
    </file>
  </files>
</measure>
