<measure>
  <schema_version>3.0</schema_version>
  <name>process_constructions_doors</name>
  <uid>b78f10fa-b38d-4de2-86e9-344a78e68847</uid>
  <version_id>df99ea39-26d2-495f-9328-eab394352080</version_id>
  <version_modified>20160505T183919Z</version_modified>
  <xml_checksum>6FAFA9DE</xml_checksum>
  <class_name>ProcessConstructionsDoors</class_name>
  <display_name>Set Residential Door Construction</display_name>
  <description>This measure assigns a construction to exterior doors adjacent to finished or unfinished space.</description>
  <modeler_description>Calculates material layer properties of constructions for exterior door sub-surfaces adjacent to 1) finished space or 2) unfinished space.</modeler_description>
  <arguments>
    <argument>
      <name>door_uvalue</name>
      <display_name>U-Value for Finished Space Doors</display_name>
      <description>The heat transfer coefficient of the doors adjacent to finished space.</description>
      <type>Double</type>
      <units>Btu/hr-ft^2-R</units>
      <required>true</required>
      <model_dependent>false</model_dependent>
      <default_value>0.2</default_value>
    </argument>
  </arguments>
  <provenances/>
  <tags>
    <tag>Envelope.Fenestration</tag>
  </tags>
  <attributes>
    <attribute>
      <name>Measure Type</name>
      <value>ModelMeasure</value>
      <datatype>string</datatype>
    </attribute>
    <attribute>
      <name>Uses SketchUp API</name>
      <value>false</value>
      <datatype>boolean</datatype>
    </attribute>
  </attributes>
  <files>
    <file>
      <filename>ProcessConstructionsDoors_Test.rb</filename>
      <filetype>rb</filetype>
      <usage_type>test</usage_type>
      <checksum>BA787397</checksum>
    </file>
    <file>
      <filename>geometry.rb</filename>
      <filetype>rb</filetype>
      <usage_type>resource</usage_type>
      <checksum>1B4BF46B</checksum>
    </file>
    <file>
      <filename>util.rb</filename>
      <filetype>rb</filetype>
      <usage_type>resource</usage_type>
      <checksum>FFB87057</checksum>
    </file>
    <file>
      <filename>constants.rb</filename>
      <filetype>rb</filetype>
      <usage_type>resource</usage_type>
      <checksum>CDA42DE8</checksum>
    </file>
    <file>
      <version>
        <software_program>OpenStudio</software_program>
        <identifier>1.4.0</identifier>
        <min_compatible>1.4.0</min_compatible>
      </version>
      <filename>measure.rb</filename>
      <filetype>rb</filetype>
      <usage_type>script</usage_type>
      <checksum>863CAF52</checksum>
    </file>
  </files>
</measure>
