<measure>
  <schema_version>3.0</schema_version>
  <name>process_constructions_garage_slab</name>
  <uid>3da62049-50f9-4ed0-b05a-6b89a202482d</uid>
  <version_id>ffd73b85-ac04-46c0-a71b-89d9a1106a32</version_id>
  <xml_checksum>1E963D9C</xml_checksum>
  <class_name>ProcessConstructionsGarageSlab</class_name>
  <display_name>Set Residential Garage Slab Construction</display_name>
  <description>This measure creates slab constructions for the garage floor.</description>
  <modeler_description>Calculates material layer properties of slab constructions for the garage floor. Finds surfaces adjacent to the garage and sets applicable constructions.</modeler_description>
  <arguments>
    <argument>
      <name>garage_space_type</name>
      <display_name>Garage space type</display_name>
      <description>Select the garage space type</description>
      <type>Choice</type>
      <required>true</required>
      <model_dependent>false</model_dependent>
      <default_value>garage space type</default_value>
      <choices>
        <choice>
          <value>garage space type</value>
          <display_name>garage space type</display_name>
        </choice>
      </choices>
    </argument>
  </arguments>
  <provenances/>
  <tags>
    <tag>Envelope.Opaque</tag>
  </tags>
  <attributes>
    <attribute>
      <name>Measure Type</name>
      <value>ModelMeasure</value>
      <datatype>string</datatype>
    </attribute>
    <attribute>
      <name>Uses SketchUp API</name>
      <value>false</value>
      <datatype>boolean</datatype>
    </attribute>
  </attributes>
  <files>
    <file>
      <filename>ProcessConstructionsGarageSlab_Test.rb</filename>
      <filetype>rb</filetype>
      <usage_type>test</usage_type>
      <checksum>5F3B09D0</checksum>
    </file>
    <file>
      <filename>unit_conversions.rb</filename>
      <filetype>rb</filetype>
      <usage_type>resource</usage_type>
      <checksum>058A19F9</checksum>
    </file>
    <file>
      <version>
        <software_program>OpenStudio</software_program>
        <identifier>1.3.0</identifier>
        <min_compatible>1.3.0</min_compatible>
      </version>
      <filename>measure.rb</filename>
      <filetype>rb</filetype>
      <usage_type>script</usage_type>
      <checksum>F3E498C4</checksum>
    </file>
    <file>
      <filename>constants.rb</filename>
      <filetype>rb</filetype>
      <usage_type>resource</usage_type>
      <checksum>F642FD14</checksum>
    </file>
    <file>
      <filename>util.rb</filename>
      <filetype>rb</filetype>
      <usage_type>resource</usage_type>
      <checksum>80ECBA6E</checksum>
    </file>
  </files>
</measure>
