<measure>
  <schema_version>3.0</schema_version>
  <name>residential_miscellaneous_electric_loads</name>
  <uid>3ac41688-ef52-4679-b79c-8cbdf7cbd0e7</uid>
  <version_id>fdeb800b-12a7-46c1-884a-0c0bff22b59d</version_id>
  <xml_checksum>126F1C43</xml_checksum>
  <class_name>ResidentialMiscellaneousElectricLoads</class_name>
  <display_name>Add/Replace Residential Plug Loads</display_name>
  <description>Adds miscellaneous electric equipment (TV, computers, etc.) to the building. Users either specify the annual energy consumption (in kWh/yr) or a multipler for the Building America Benchmark assumption (http://energy.gov/sites/prod/files/2014/03/f13/house_simulation_protocols_2014.pdf). The Building America MELs energy consumption is (in kWh/yr) 1108.1 + 180.2 * Num_br + 0.278 * Floor_area. Users must also specify the the space type where the MELs are applied to.</description>
  <modeler_description>Adds a new electric equipment object and the appropriate schedules.</modeler_description>
  <arguments>
    <argument>
      <name>mult</name>
      <display_name>Building America Benchmark Multipler</display_name>
      <type>Double</type>
      <required>true</required>
      <model_dependent>false</model_dependent>
      <default_value>1</default_value>
    </argument>
    <argument>
      <name>space_type</name>
      <display_name>Select the space where the miscellaneous electric plug loads are located</display_name>
      <type>Choice</type>
      <required>true</required>
      <model_dependent>false</model_dependent>
    </argument>
    <argument>
      <name>weekday_sch</name>
      <display_name>Weekday schedule</display_name>
      <description>Specify the 24-hour weekday schedule.</description>
      <type>String</type>
      <required>true</required>
      <model_dependent>false</model_dependent>
      <default_value>0.04, 0.037, 0.037, 0.036, 0.033, 0.036, 0.043, 0.047, 0.034, 0.023, 0.024, 0.025, 0.024, 0.028, 0.031, 0.032, 0.039, 0.053, 0.063, 0.067, 0.071, 0.069, 0.059, 0.05</default_value>
    </argument>
    <argument>
      <name>weekend_sch</name>
      <display_name>Weekend schedule</display_name>
      <description>Specify the 24-hour weekend schedule.</description>
      <type>String</type>
      <required>true</required>
      <model_dependent>false</model_dependent>
      <default_value>0.04, 0.037, 0.037, 0.036, 0.033, 0.036, 0.043, 0.047, 0.034, 0.023, 0.024, 0.025, 0.024, 0.028, 0.031, 0.032, 0.039, 0.053, 0.063, 0.067, 0.071, 0.069, 0.059, 0.05</default_value>
    </argument>
    <argument>
      <name>monthly_sch</name>
      <display_name>Month schedule</display_name>
      <description>Specify the 12-month schedule.</description>
      <type>String</type>
      <required>true</required>
      <model_dependent>false</model_dependent>
      <default_value>1.248, 1.257, 0.993, 0.989, 0.993, 0.827, 0.821, 0.821, 0.827, 0.99, 0.987, 1.248</default_value>
    </argument>
  </arguments>
  <provenances/>
  <tags>
    <tag>Equipment.Electric Equipment</tag>
  </tags>
  <attributes>
    <attribute>
      <name>Measure Type</name>
      <value>ModelMeasure</value>
      <datatype>string</datatype>
    </attribute>
    <attribute>
      <name>Uses SketchUp API</name>
      <value>false</value>
      <datatype>boolean</datatype>
    </attribute>
  </attributes>
  <files>
    <file>
      <filename>ResidentialMiscellaneousElectricLoads_Test.rb</filename>
      <filetype>rb</filetype>
      <usage_type>test</usage_type>
      <checksum>0EF85E09</checksum>
    </file>
    <file>
      <version>
        <software_program>OpenStudio</software_program>
        <identifier>1.4.0</identifier>
        <min_compatible>1.4.0</min_compatible>
      </version>
      <filename>measure.rb</filename>
      <filetype>rb</filetype>
      <usage_type>script</usage_type>
      <checksum>69504B7C</checksum>
    </file>
    <file>
      <filename>constants.rb</filename>
      <filetype>rb</filetype>
      <usage_type>resource</usage_type>
      <checksum>0354029E</checksum>
    </file>
    <file>
      <filename>schedules.rb</filename>
      <filetype>rb</filetype>
      <usage_type>resource</usage_type>
      <checksum>FB078477</checksum>
    </file>
    <file>
      <filename>util.rb</filename>
      <filetype>rb</filetype>
      <usage_type>resource</usage_type>
      <checksum>1AB9AE70</checksum>
    </file>
  </files>
</measure>
