{
  "classname": "ProcessConstructionsInsulatedRoof",
  "name": "process_constructions_insulated_roof",
  "display_name": "Process Constructions Insulated Roof",
  "measure_type": "RubyMeasure",
  "arguments": [
    {
      "local_variable": "selected_living",
      "variable_type": "Choice",
      "name": "selectedliving",
      "display_name": "Of what space type is the living space",
      "units": null,
      "description": null,
      "choices": [

      ]
    },
    {
      "local_variable": "# selected_frroof",
      "variable_type": "Choice",
      "name": "selectedfrroof",
      "display_name": "Finished roof insulationFor manually entering finished roof insulation properties, leave blank",
      "units": null,
      "description": null,
      "choices": [

      ]
    },
    {
      "local_variable": "userdefined_frroofr",
      "variable_type": "Double",
      "name": "userdefinedfrroofr",
      "display_name": "Installed finished roof cavity insulation R-value",
      "units": null,
      "description": null,
      "default_value": 0.0
    },
    {
      "local_variable": "selected_insfills",
      "variable_type": "Bool",
      "name": "selectedinsfills",
      "display_name": "Cavity insulation fills the cavity",
      "units": null,
      "description": null
    },
    {
      "local_variable": "selected_studsize",
      "variable_type": "Choice",
      "name": "selectedstudsize",
      "display_name": "Thickness of roof framing",
      "units": null,
      "description": null,
      "choices": [
        "2x4",
        "2x6",
        "2x8",
        "2x10",
        "2x12",
        "2x14"
      ]
    },
    {
      "local_variable": "userdefined_frroofff",
      "variable_type": "Double",
      "name": "userdefinedfrroofff",
      "display_name": "Finished roof framing factor",
      "units": null,
      "description": null,
      "default_value": 0.07
    },
    {
      "local_variable": "# selected_rigidins",
      "variable_type": "Choice",
      "name": "selectedrigidins",
      "display_name": "Rigid insulation of roof cavityFor manually entering rigid insulation properties of roof cavity, leave blank",
      "units": null,
      "description": null,
      "choices": [

      ]
    },
    {
      "local_variable": "userdefined_rigidinsthickness",
      "variable_type": "Double",
      "name": "userdefinedrigidinsthickness",
      "display_name": "Rigid insulation thickness of roof cavity",
      "units": null,
      "description": null,
      "default_value": 0.0
    },
    {
      "local_variable": "userdefined_rigidinsr",
      "variable_type": "Double",
      "name": "userdefinedrigidinsr",
      "display_name": "Rigid insulation R-value of roof cavity",
      "units": null,
      "description": null,
      "default_value": 0.0
    },
    {
      "local_variable": "# selected_gypsum",
      "variable_type": "Choice",
      "name": "selectedgypsum",
      "display_name": "Interior finish  of cavityFor manually entering interior finish properties of cavity, leave blank",
      "units": "gypsum",
      "description": null,
      "choices": [

      ]
    },
    {
      "local_variable": "userdefined_gypthickness",
      "variable_type": "Double",
      "name": "userdefinedgypthickness",
      "display_name": "Thickness of drywall layers",
      "units": null,
      "description": null,
      "default_value": 0.5
    },
    {
      "local_variable": "userdefined_gyplayers",
      "variable_type": "Double",
      "name": "userdefinedgyplayers",
      "display_name": "Number of drywall layers",
      "units": null,
      "description": null,
      "default_value": 1.0
    },
    {
      "local_variable": "# selected_roofmat",
      "variable_type": "Choice",
      "name": "selectedroofmat",
      "display_name": "Roofing material for finished roofFor manually entering roofing material properties of finished roof, leave blank",
      "units": null,
      "description": null,
      "choices": [

      ]
    },
    {
      "local_variable": "userdefined_roofmatthermalabs",
      "variable_type": "Double",
      "name": "userdefinedroofmatthermalabs",
      "display_name": "Roofing material emissivity of finished roof",
      "units": null,
      "description": null,
      "default_value": 0.91
    },
    {
      "local_variable": "userdefined_roofmatabs",
      "variable_type": "Double",
      "name": "userdefinedroofmatabs",
      "display_name": "Roofing material absorptance of finished roof",
      "units": null,
      "description": null,
      "default_value": 0.85
    }
  ],
  "name_xml": "process_constructions_insulated_roof",
  "uid": "6349eb9b-6e7e-4ba9-b518-76d2f9f73c79",
  "version_id": "4fe2df7d-6075-4c4a-b2c7-5192b1b66832",
  "modeler_description": "Calculates material layer properties of finished constructions for the roof of the living space. Finds surfaces adjacent to the living space and sets applicable constructions.",
  "description": "This measure creates finished constructions for the roof of the living space.",
  "tags": [
    "Envelope.Opaque"
  ]
}