<measure>
  <schema_version>3.0</schema_version>
  <name>process_constructions_ceilings_roofs_finished_roof</name>
  <uid>6349eb9b-6e7e-4ba9-b518-76d2f9f73c79</uid>
  <version_id>945179a8-731d-4497-836c-344a2fec70b2</version_id>
  <version_modified>20160802T194048Z</version_modified>
  <xml_checksum>1E963D9C</xml_checksum>
  <class_name>ProcessConstructionsCeilingsRoofsFinishedRoof</class_name>
  <display_name>Set Residential Ceilings/Roofs - Finished Roof Construction</display_name>
  <description>This measure assigns a construction to finished roofs.</description>
  <modeler_description>Calculates and assigns material layer properties of finished constructions for roofs above finished space.</modeler_description>
  <arguments>
    <argument>
      <name>cavity_r</name>
      <display_name>Cavity Insulation Installed R-value</display_name>
      <description>Refers to the R-value of the cavity insulation and not the overall R-value of the assembly. If batt insulation must be compressed to fit within the cavity (e.g., R19 in a 5.5" 2x6 cavity), use an R-value that accounts for this effect (see HUD Mobile Home Construction and Safety Standards 3280.509 for reference).</description>
      <type>Double</type>
      <units>hr-ft^2-R/Btu</units>
      <required>true</required>
      <model_dependent>false</model_dependent>
      <default_value>30</default_value>
    </argument>
    <argument>
      <name>selectedinstallgrade</name>
      <display_name>Cavity Install Grade</display_name>
      <description>Installation grade as defined by RESNET standard. 5% of the cavity is considered missing insulation for Grade 3, 2% for Grade 2, and 0% for Grade 1.</description>
      <type>Choice</type>
      <required>true</required>
      <model_dependent>false</model_dependent>
      <default_value>I</default_value>
      <choices>
        <choice>
          <value>I</value>
          <display_name>I</display_name>
        </choice>
        <choice>
          <value>II</value>
          <display_name>II</display_name>
        </choice>
        <choice>
          <value>III</value>
          <display_name>III</display_name>
        </choice>
      </choices>
    </argument>
    <argument>
      <name>selectedcavitydepth</name>
      <display_name>Cavity Depth</display_name>
      <description>Depth of the roof cavity. 3.5" for 2x4s, 5.5" for 2x6s, etc.</description>
      <type>Double</type>
      <units>in</units>
      <required>true</required>
      <model_dependent>false</model_dependent>
      <default_value>9.25</default_value>
    </argument>
    <argument>
      <name>selectedinsfills</name>
      <display_name>Insulation Fills Cavity</display_name>
      <description>When the insulation does not completely fill the depth of the cavity, air film resistances are added to the insulation R-value.</description>
      <type>Boolean</type>
      <required>true</required>
      <model_dependent>false</model_dependent>
      <default_value>false</default_value>
      <choices>
        <choice>
          <value>true</value>
          <display_name>true</display_name>
        </choice>
        <choice>
          <value>false</value>
          <display_name>false</display_name>
        </choice>
      </choices>
    </argument>
    <argument>
      <name>userdefinedfrroofff</name>
      <display_name>Framing Factor</display_name>
      <description>The framing factor of the finished roof.</description>
      <type>Double</type>
      <units>frac</units>
      <required>false</required>
      <model_dependent>false</model_dependent>
      <default_value>0.07</default_value>
    </argument>
  </arguments>
  <provenances/>
  <tags>
    <tag>Envelope.Opaque</tag>
  </tags>
  <attributes>
    <attribute>
      <name>Measure Type</name>
      <value>ModelMeasure</value>
      <datatype>string</datatype>
    </attribute>
    <attribute>
      <name>Uses SketchUp API</name>
      <value>false</value>
      <datatype>boolean</datatype>
    </attribute>
  </attributes>
  <files>
    <file>
      <version>
        <software_program>OpenStudio</software_program>
        <identifier>1.4.0</identifier>
        <min_compatible>1.4.0</min_compatible>
      </version>
      <filename>measure.rb</filename>
      <filetype>rb</filetype>
      <usage_type>script</usage_type>
      <checksum>5DE59230</checksum>
    </file>
    <file>
      <filename>geometry.rb</filename>
      <filetype>rb</filetype>
      <usage_type>resource</usage_type>
      <checksum>2285CA0B</checksum>
    </file>
    <file>
      <filename>constants.rb</filename>
      <filetype>rb</filetype>
      <usage_type>resource</usage_type>
      <checksum>5DD91978</checksum>
    </file>
    <file>
      <filename>util.rb</filename>
      <filetype>rb</filetype>
      <usage_type>resource</usage_type>
      <checksum>2792E40D</checksum>
    </file>
  </files>
</measure>
