<measure>
  <schema_version>3.0</schema_version>
  <name>residential_showers_sinks_baths</name>
  <uid>4615ccb7-3ce5-4627-b7c2-a7fea9c4af87</uid>
  <version_id>3d004e23-1735-43fe-96e0-13219bdabcfd</version_id>
  <version_modified>20160802T194052Z</version_modified>
  <xml_checksum>A6ACD89C</xml_checksum>
  <class_name>ResidentialShowersSinksBaths</class_name>
  <display_name>Set Residential Hot Water Fixtures</display_name>
  <description>Adds water use due to showers, sinks, and baths into the home. This water use also results in internal gains due to the hot water use. The total hot water use and space gains are modified by the DHW distribution measure if it is also run. Hot water is assumed to be used at 110 F for these end uses.</description>
  <modeler_description>Creates three new WaterUse:Equipment objects to represent showers, sinks, and baths in a home. OtherEquipment objects are also added to take into account the heat gain in the space due to hot water use.</modeler_description>
  <arguments>
    <argument>
      <name>shower_mult</name>
      <display_name>Multiplier on shower hot water use</display_name>
      <description>Multiplier on Building America HSP shower hot water consumption. HSP perscribes shower hot water consumption of 14 + 4.67 * n_bedrooms gal/day at 110 F.</description>
      <type>Double</type>
      <required>true</required>
      <model_dependent>false</model_dependent>
      <default_value>1</default_value>
    </argument>
    <argument>
      <name>sink_mult</name>
      <display_name>Multiplier on sink hot water use</display_name>
      <description>Multiplier on Building America HSP sink hot water consumption. HSP perscribes sink hot water consumption of 12.5 + 4.16 * n_bedrooms gal/day at 110 F.</description>
      <type>Double</type>
      <required>true</required>
      <model_dependent>false</model_dependent>
      <default_value>1</default_value>
    </argument>
    <argument>
      <name>bath_mult</name>
      <display_name>Multiplier on bath hot water use</display_name>
      <description>Multiplier on Building America HSP bath hot water consumption. HSP perscribes bath hot water consumption of 3.5 + 1.17 * n_bedrooms gal/day at 110 F.</description>
      <type>Double</type>
      <required>true</required>
      <model_dependent>false</model_dependent>
      <default_value>1</default_value>
    </argument>
    <argument>
      <name>plant_loop</name>
      <display_name>Plant Loop</display_name>
      <description>Select the plant loop for the clothes washer</description>
      <type>Choice</type>
      <required>true</required>
      <model_dependent>false</model_dependent>
      <default_value>Domestic Hot Water Loop</default_value>
      <choices>
        <choice>
          <value>Domestic Hot Water Loop</value>
          <display_name>Domestic Hot Water Loop</display_name>
        </choice>
      </choices>
    </argument>
    <argument>
      <name>space</name>
      <display_name>Location</display_name>
      <description>Select the space where the dishwasher is located</description>
      <type>Choice</type>
      <required>true</required>
      <model_dependent>false</model_dependent>
      <default_value>living space</default_value>
      <choices>
        <choice>
          <value>living space</value>
          <display_name>living space</display_name>
        </choice>
      </choices>
    </argument>
  </arguments>
  <provenances/>
  <tags>
    <tag>Service Water Heating.Water Use</tag>
  </tags>
  <attributes>
    <attribute>
      <name>Measure Type</name>
      <value>ModelMeasure</value>
      <datatype>string</datatype>
    </attribute>
    <attribute>
      <name>Uses SketchUp API</name>
      <value>false</value>
      <datatype>boolean</datatype>
    </attribute>
  </attributes>
  <files>
    <file>
      <filename>geometry.rb</filename>
      <filetype>rb</filetype>
      <usage_type>resource</usage_type>
      <checksum>2285CA0B</checksum>
    </file>
    <file>
      <filename>psychrometrics.rb</filename>
      <filetype>rb</filetype>
      <usage_type>resource</usage_type>
      <checksum>640596F1</checksum>
    </file>
    <file>
      <filename>unit_conversions.rb</filename>
      <filetype>rb</filetype>
      <usage_type>resource</usage_type>
      <checksum>DCBEF242</checksum>
    </file>
    <file>
      <filename>BathSchedule_1bed_unit0.csv</filename>
      <filetype>csv</filetype>
      <usage_type>resource</usage_type>
      <checksum>14E95496</checksum>
    </file>
    <file>
      <filename>BathSchedule_2bed_unit0.csv</filename>
      <filetype>csv</filetype>
      <usage_type>resource</usage_type>
      <checksum>A4F7B4FB</checksum>
    </file>
    <file>
      <filename>BathSchedule_3bed_unit0.csv</filename>
      <filetype>csv</filetype>
      <usage_type>resource</usage_type>
      <checksum>EBBFDED7</checksum>
    </file>
    <file>
      <filename>BathSchedule_4bed_unit0.csv</filename>
      <filetype>csv</filetype>
      <usage_type>resource</usage_type>
      <checksum>49E62024</checksum>
    </file>
    <file>
      <filename>BathSchedule_5bed_unit0.csv</filename>
      <filetype>csv</filetype>
      <usage_type>resource</usage_type>
      <checksum>02301C68</checksum>
    </file>
    <file>
      <filename>MinuteDrawProfilesMaxFlows.csv</filename>
      <filetype>csv</filetype>
      <usage_type>resource</usage_type>
      <checksum>9D722D63</checksum>
    </file>
    <file>
      <filename>ShowerSchedule_1bed_unit0.csv</filename>
      <filetype>csv</filetype>
      <usage_type>resource</usage_type>
      <checksum>828DF304</checksum>
    </file>
    <file>
      <filename>ShowerSchedule_2bed_unit0.csv</filename>
      <filetype>csv</filetype>
      <usage_type>resource</usage_type>
      <checksum>E365646F</checksum>
    </file>
    <file>
      <filename>ShowerSchedule_3bed_unit0.csv</filename>
      <filetype>csv</filetype>
      <usage_type>resource</usage_type>
      <checksum>97594B49</checksum>
    </file>
    <file>
      <filename>ShowerSchedule_4bed_unit0.csv</filename>
      <filetype>csv</filetype>
      <usage_type>resource</usage_type>
      <checksum>924D3E26</checksum>
    </file>
    <file>
      <filename>ShowerSchedule_5bed_unit0.csv</filename>
      <filetype>csv</filetype>
      <usage_type>resource</usage_type>
      <checksum>38B4B7FE</checksum>
    </file>
    <file>
      <filename>SinkSchedule_1bed_unit0.csv</filename>
      <filetype>csv</filetype>
      <usage_type>resource</usage_type>
      <checksum>19D63553</checksum>
    </file>
    <file>
      <filename>SinkSchedule_2bed_unit0.csv</filename>
      <filetype>csv</filetype>
      <usage_type>resource</usage_type>
      <checksum>377F4B2B</checksum>
    </file>
    <file>
      <filename>SinkSchedule_3bed_unit0.csv</filename>
      <filetype>csv</filetype>
      <usage_type>resource</usage_type>
      <checksum>35CDF241</checksum>
    </file>
    <file>
      <filename>SinkSchedule_4bed_unit0.csv</filename>
      <filetype>csv</filetype>
      <usage_type>resource</usage_type>
      <checksum>9AB690BE</checksum>
    </file>
    <file>
      <filename>SinkSchedule_5bed_unit0.csv</filename>
      <filetype>csv</filetype>
      <usage_type>resource</usage_type>
      <checksum>88867B1C</checksum>
    </file>
    <file>
      <version>
        <software_program>OpenStudio</software_program>
        <identifier>1.4.1</identifier>
        <min_compatible>1.4.1</min_compatible>
      </version>
      <filename>measure.rb</filename>
      <filetype>rb</filetype>
      <usage_type>script</usage_type>
      <checksum>9AC65FAB</checksum>
    </file>
    <file>
      <filename>waterheater.rb</filename>
      <filetype>rb</filetype>
      <usage_type>resource</usage_type>
      <checksum>15CDCABD</checksum>
    </file>
    <file>
      <filename>schedules.rb</filename>
      <filetype>rb</filetype>
      <usage_type>resource</usage_type>
      <checksum>796FFBD4</checksum>
    </file>
    <file>
      <filename>weather.rb</filename>
      <filetype>rb</filetype>
      <usage_type>resource</usage_type>
      <checksum>129640D9</checksum>
    </file>
    <file>
      <filename>constants.rb</filename>
      <filetype>rb</filetype>
      <usage_type>resource</usage_type>
      <checksum>5DD91978</checksum>
    </file>
    <file>
      <filename>util.rb</filename>
      <filetype>rb</filetype>
      <usage_type>resource</usage_type>
      <checksum>2792E40D</checksum>
    </file>
  </files>
</measure>
