<measure>
  <schema_version>3.0</schema_version>
  <name>process_constructions_walls_partition_thermal_mass</name>
  <uid>7bf22221-1930-4c89-baf9-02a6878c9ad4</uid>
  <version_id>b448332a-cede-4070-9706-3c49b930251e</version_id>
  <version_modified>20160418T160638Z</version_modified>
  <xml_checksum>1E963D9C</xml_checksum>
  <class_name>ProcessConstructionsWallsPartitionThermalMass</class_name>
  <display_name>Set Residential Walls - Partition Thermal Mass</display_name>
  <description>This measure assigns partition wall mass to finished spaces.</description>
  <modeler_description>This measure creates constructions representing the internal mass of partition walls for finished spaces. The constructions are set to define the internal mass objects of their respective spaces.</modeler_description>
  <arguments>
    <argument>
      <name>frac</name>
      <display_name>Fraction of Floor Area</display_name>
      <description>Ratio of exposed partition wall area to total finished floor area and accounts for the area of both sides of partition walls.</description>
      <type>Double</type>
      <required>true</required>
      <model_dependent>false</model_dependent>
      <default_value>1</default_value>
    </argument>
    <argument>
      <name>thick_in1</name>
      <display_name>Thickness 1</display_name>
      <description>Thickness of the layer.</description>
      <type>Double</type>
      <units>in</units>
      <required>true</required>
      <model_dependent>false</model_dependent>
      <default_value>0.5</default_value>
    </argument>
    <argument>
      <name>thick_in2</name>
      <display_name>Thickness 2</display_name>
      <description>Thickness of the second layer. Leave blank if no second layer.</description>
      <type>Double</type>
      <units>in</units>
      <required>false</required>
      <model_dependent>false</model_dependent>
    </argument>
    <argument>
      <name>cond1</name>
      <display_name>Conductivity 1</display_name>
      <description>Conductivity of the layer.</description>
      <type>Double</type>
      <units>Btu-in/h-ft^2-R</units>
      <required>true</required>
      <model_dependent>false</model_dependent>
      <default_value>1.1112</default_value>
    </argument>
    <argument>
      <name>cond2</name>
      <display_name>Conductivity 2</display_name>
      <description>Conductivity of the second layer. Leave blank if no second layer.</description>
      <type>Double</type>
      <units>Btu-in/h-ft^2-R</units>
      <required>false</required>
      <model_dependent>false</model_dependent>
    </argument>
    <argument>
      <name>dens1</name>
      <display_name>Density 1</display_name>
      <description>Density of the layer.</description>
      <type>Double</type>
      <units>lb/ft^3</units>
      <required>true</required>
      <model_dependent>false</model_dependent>
      <default_value>50</default_value>
    </argument>
    <argument>
      <name>dens2</name>
      <display_name>Density 2</display_name>
      <description>Density of the second layer. Leave blank if no second layer.</description>
      <type>Double</type>
      <units>lb/ft^3</units>
      <required>false</required>
      <model_dependent>false</model_dependent>
    </argument>
    <argument>
      <name>specheat1</name>
      <display_name>Specific Heat 1</display_name>
      <description>Specific heat of the layer.</description>
      <type>Double</type>
      <units>Btu/lb-R</units>
      <required>true</required>
      <model_dependent>false</model_dependent>
      <default_value>0.2</default_value>
    </argument>
    <argument>
      <name>specheat2</name>
      <display_name>Specific Heat 2</display_name>
      <description>Specific heat of the second layer. Leave blank if no second layer.</description>
      <type>Double</type>
      <units>Btu/lb-R</units>
      <required>false</required>
      <model_dependent>false</model_dependent>
    </argument>
  </arguments>
  <provenances/>
  <tags>
    <tag>Envelope.Opaque</tag>
  </tags>
  <attributes>
    <attribute>
      <name>Measure Type</name>
      <value>ModelMeasure</value>
      <datatype>string</datatype>
    </attribute>
    <attribute>
      <name>Uses SketchUp API</name>
      <value>false</value>
      <datatype>boolean</datatype>
    </attribute>
  </attributes>
  <files>
    <file>
      <filename>ProcessThermalMassPartitionWall_Test.rb</filename>
      <filetype>rb</filetype>
      <usage_type>test</usage_type>
      <checksum>4618C0F3</checksum>
    </file>
    <file>
      <version>
        <software_program>OpenStudio</software_program>
        <identifier>1.4.0</identifier>
        <min_compatible>1.4.0</min_compatible>
      </version>
      <filename>measure.rb</filename>
      <filetype>rb</filetype>
      <usage_type>script</usage_type>
      <checksum>B288A438</checksum>
    </file>
    <file>
      <filename>constants.rb</filename>
      <filetype>rb</filetype>
      <usage_type>resource</usage_type>
      <checksum>D28DC6BC</checksum>
    </file>
    <file>
      <filename>util.rb</filename>
      <filetype>rb</filetype>
      <usage_type>resource</usage_type>
      <checksum>5D8C22C7</checksum>
    </file>
    <file>
      <filename>geometry.rb</filename>
      <filetype>rb</filetype>
      <usage_type>resource</usage_type>
      <checksum>A05275C3</checksum>
    </file>
  </files>
</measure>
