{
  "analysis": {
    "display_name": "fullVariationDR",
    "name": "fullvariationdr",
    "output_variables": [
      {
        "units": "MJ/m2",
        "objective_function": true,
        "objective_function_index": 0,
        "objective_function_target": null,
        "objective_function_group": 1,
        "scaling_factor": null,
        "display_name": "Total Natural Gas Intensity",
        "display_name_short": "NG EUI",
        "metadata_id": "total_natural_gas_intensity",
        "name": "standard_report_legacy.total_natural_gas",
        "visualize": true,
        "export": true,
        "variable_type": "double"
      },
      {
        "units": "MJ/m2",
        "objective_function": true,
        "objective_function_index": 1,
        "objective_function_target": null,
        "objective_function_group": 2,
        "scaling_factor": null,
        "display_name": "Total Electricity Intensity",
        "display_name_short": "Elec EUI",
        "metadata_id": "total_electricity_intensity",
        "name": "standard_report_legacy.total_electricity",
        "visualize": true,
        "export": true,
        "variable_type": "double"
      },
      {
        "units": "hrs",
        "objective_function": false,
        "objective_function_index": null,
        "objective_function_target": null,
        "objective_function_group": null,
        "scaling_factor": null,
        "display_name": "Unmet Cooling Hours",
        "display_name_short": "Unmet Cooling Hours",
        "metadata_id": null,
        "name": "standard_reports.time_setpoint_not_met_during_occupied_cooling",
        "visualize": false,
        "export": true,
        "variable_type": "double"
      },
      {
        "units": "hrs",
        "objective_function": false,
        "objective_function_index": null,
        "objective_function_target": null,
        "objective_function_group": null,
        "scaling_factor": null,
        "display_name": "Unmet Heating Hours",
        "display_name_short": "Unmet Heating Hours",
        "metadata_id": null,
        "name": "standard_reports.time_setpoint_not_met_during_occupied_heating",
        "visualize": false,
        "export": true,
        "variable_type": "double"
      },
      {
        "units": "hrs",
        "objective_function": false,
        "objective_function_index": null,
        "objective_function_target": null,
        "objective_function_group": null,
        "scaling_factor": null,
        "display_name": "Total Unmet Hours",
        "display_name_short": "Total Unmet Hours",
        "metadata_id": null,
        "name": "standard_reports.time_setpoint_not_met_during_occupied_hours",
        "visualize": false,
        "export": true,
        "variable_type": "double"
      },
      {
        "units": "m2",
        "objective_function": false,
        "objective_function_index": null,
        "objective_function_target": null,
        "objective_function_group": null,
        "scaling_factor": null,
        "display_name": "Building Area",
        "display_name_short": "Building Area",
        "metadata_id": null,
        "name": "standard_reports.total_building_area",
        "visualize": false,
        "export": true,
        "variable_type": "double"
      },
      {
        "units": "MJ/m2",
        "objective_function": false,
        "objective_function_index": null,
        "objective_function_target": null,
        "objective_function_group": null,
        "scaling_factor": null,
        "display_name": "Natural Gas Heating Intensity",
        "display_name_short": "Natural Gas Heating Intensity",
        "metadata_id": null,
        "name": "standard_report_legacy.heating_natural_gas",
        "visualize": false,
        "export": true,
        "variable_type": "double"
      },
      {
        "units": "MJ/m2",
        "objective_function": false,
        "objective_function_index": null,
        "objective_function_target": null,
        "objective_function_group": null,
        "scaling_factor": null,
        "display_name": "Cooling Electricity Intensity",
        "display_name_short": "Cooling Electricity Intensity",
        "metadata_id": null,
        "name": "standard_report_legacy.cooling_electricity",
        "visualize": false,
        "export": true,
        "variable_type": "double"
      },
      {
        "units": "MJ/m2",
        "objective_function": false,
        "objective_function_index": null,
        "objective_function_target": null,
        "objective_function_group": null,
        "scaling_factor": null,
        "display_name": "Interior Lighting Electricity Intensity",
        "display_name_short": "Interior Lighting Electricity Intensity",
        "metadata_id": null,
        "name": "standard_report_legacy.interior_lighting_electricity",
        "visualize": false,
        "export": true,
        "variable_type": "double"
      },
      {
        "units": "MJ/m2",
        "objective_function": false,
        "objective_function_index": null,
        "objective_function_target": null,
        "objective_function_group": null,
        "scaling_factor": null,
        "display_name": "Exterior Lighting Electricity Intensity",
        "display_name_short": "Exterior Lighting Electricity Intensity",
        "metadata_id": null,
        "name": "standard_report_legacy.exterior_lighting_electricity",
        "visualize": false,
        "export": true,
        "variable_type": "double"
      },
      {
        "units": "MJ/m2",
        "objective_function": false,
        "objective_function_index": null,
        "objective_function_target": null,
        "objective_function_group": null,
        "scaling_factor": null,
        "display_name": "Equipment Electricity Intensity",
        "display_name_short": "Equipment Electricity Intensity",
        "metadata_id": null,
        "name": "standard_report_legacy.interior_equipment_electricity",
        "visualize": false,
        "export": true,
        "variable_type": "double"
      },
      {
        "units": "MJ/m2",
        "objective_function": false,
        "objective_function_index": null,
        "objective_function_target": null,
        "objective_function_group": null,
        "scaling_factor": null,
        "display_name": "Equipment Natural Gas Intensity",
        "display_name_short": "Equipment Natural Gas Intensity",
        "metadata_id": null,
        "name": "standard_report_legacy.interior_equipment_natural_gas",
        "visualize": false,
        "export": true,
        "variable_type": "double"
      },
      {
        "units": "MJ/m2",
        "objective_function": false,
        "objective_function_index": null,
        "objective_function_target": null,
        "objective_function_group": null,
        "scaling_factor": null,
        "display_name": "Experior Equipment Electricity Intensity",
        "display_name_short": "Experior Equipment Electricity Intensity",
        "metadata_id": null,
        "name": "standard_report_legacy.exterior_equipment_electricity",
        "visualize": false,
        "export": true,
        "variable_type": "double"
      },
      {
        "units": "MJ/m2",
        "objective_function": false,
        "objective_function_index": null,
        "objective_function_target": null,
        "objective_function_group": null,
        "scaling_factor": null,
        "display_name": "Fans Electricity Intensity",
        "display_name_short": "Fans Electricity Intensity",
        "metadata_id": null,
        "name": "standard_report_legacy.fans_electricity",
        "visualize": false,
        "export": true,
        "variable_type": "double"
      },
      {
        "units": "MJ/m2",
        "objective_function": false,
        "objective_function_index": null,
        "objective_function_target": null,
        "objective_function_group": null,
        "scaling_factor": null,
        "display_name": "Pumps Electricity Intensity",
        "display_name_short": "Pumps Electricity Intensity",
        "metadata_id": null,
        "name": "standard_report_legacy.pumps_electricity",
        "visualize": false,
        "export": true,
        "variable_type": "double"
      },
      {
        "units": "MJ/m2",
        "objective_function": false,
        "objective_function_index": null,
        "objective_function_target": null,
        "objective_function_group": null,
        "scaling_factor": null,
        "display_name": "Heat Rejection Electricity Intensity",
        "display_name_short": "Heat Rejection Electricity Intensity",
        "metadata_id": null,
        "name": "standard_report_legacy.heat_rejection_electricity",
        "visualize": false,
        "export": true,
        "variable_type": "double"
      },
      {
        "units": "MJ/m2",
        "objective_function": false,
        "objective_function_index": null,
        "objective_function_target": null,
        "objective_function_group": null,
        "scaling_factor": null,
        "display_name": "Humidification Electricity Intensity",
        "display_name_short": "Humidification Electricity Intensity",
        "metadata_id": null,
        "name": "standard_report_legacy.humidification_electricity",
        "visualize": false,
        "export": true,
        "variable_type": "double"
      },
      {
        "units": "MJ/m2",
        "objective_function": false,
        "objective_function_index": null,
        "objective_function_target": null,
        "objective_function_group": null,
        "scaling_factor": null,
        "display_name": "Water Systems Electricity Intensity",
        "display_name_short": "Water Systems Electricity Intensity",
        "metadata_id": null,
        "name": "standard_report_legacy.water_systems_electricity",
        "visualize": false,
        "export": true,
        "variable_type": "double"
      },
      {
        "units": "MJ/m2",
        "objective_function": false,
        "objective_function_index": null,
        "objective_function_target": null,
        "objective_function_group": null,
        "scaling_factor": null,
        "display_name": "Water Systems Natural Gas Intensity",
        "display_name_short": "Water Systems Natural Gas Intensity",
        "metadata_id": null,
        "name": "standard_report_legacy.water_systems_natural_gas",
        "visualize": false,
        "export": true,
        "variable_type": "double"
      },
      {
        "units": "MJ/m2",
        "objective_function": false,
        "objective_function_index": null,
        "objective_function_target": null,
        "objective_function_group": null,
        "scaling_factor": null,
        "display_name": "Refrigeration Electricity Intensity",
        "display_name_short": "Refrigeration Electricity Intensity",
        "metadata_id": null,
        "name": "standard_report_legacy.refrigeration_electricity",
        "visualize": false,
        "export": true,
        "variable_type": "double"
      },
      {
        "units": "$",
        "objective_function": false,
        "objective_function_index": null,
        "objective_function_target": null,
        "objective_function_group": null,
        "scaling_factor": null,
        "display_name": "Total Life Cycle Cost",
        "display_name_short": "Total Life Cycle Cost",
        "metadata_id": null,
        "name": "standard_report.total_life_cycle_cost",
        "visualize": false,
        "export": true,
        "variable_type": "double"
      }
    ],
    "problem": {
      "analysis_type": "lhs",
      "algorithm": {
        "sample_method": "all_variables",
        "number_of_samples": 2,
        "objective_functions": [
          "standard_report_legacy.total_natural_gas",
          "standard_report_legacy.total_electricity"
        ]
      },
      "workflow": [
        {
          "name": "create_doe_prototype_building",
          "display_name": "Create DOE Prototype Building",
          "measure_type": "RubyMeasure",
          "measure_definition_class_name": "CreateDOEPrototypeBuilding",
          "measure_definition_directory": "./measures/create_DOE_prototype_building",
          "measure_definition_directory_local": "/Users/hhorsey/repos/dsgrid/os-spreadsheet/measures/create_DOE_prototype_building",
          "measure_definition_display_name": "Create DOE Prototype Building",
          "measure_definition_name": "create_doe_prototype_building",
          "measure_definition_name_xml": null,
          "measure_definition_uuid": "aa838dcb-5916-47ac-90ab-a8cf3e2ee566",
          "measure_definition_version_uuid": "1b472929-fcd9-4333-a6e7-8a664392ebbc",
          "arguments": [
            {
              "display_name": "Building Type",
              "display_name_short": "Bld Type",
              "name": "building_type",
              "value_type": "string",
              "default_value": "RetailStandalone",
              "value": "RetailStandalone"
            },
            {
              "display_name": "Climate Zone",
              "display_name_short": "Climate",
              "name": "climate_zone",
              "value_type": "string",
              "default_value": "ASHRAE 169-2006-5B",
              "value": "ASHRAE 169-2006-5B"
            }
          ],
          "variables": [
            {
              "argument": {
                "display_name": "Building Vintage",
                "display_name_short": "Vintage",
                "name": "building_vintage",
                "value_type": "string",
                "default_value": "DOE Ref Pre-1980",
                "value": "DOE Ref Pre-1980"
              },
              "display_name": "Building Vintage",
              "display_name_short": "Vintage",
              "variable_type": "variable",
              "units": null,
              "minimum": "DOE Ref Pre-1980",
              "maximum": "DOE Ref Pre-1980",
              "relation_to_output": null,
              "static_value": "DOE Ref Pre-1980",
              "uuid": "2f0d9a57-2b10-41e9-a9f1-ba92a13b14b1",
              "version_uuid": "1d1b8a49-b476-41fd-a764-6698c58beeff",
              "variable": true,
              "uncertainty_description": {
                "type": "discrete_uncertain",
                "attributes": [
                  {
                    "name": "discrete",
                    "values_and_weights": [
                      {
                        "value": "DOE Ref Pre-1980",
                        "weight": 0.16666666666666666
                      },
                      {
                        "value": "DOE Ref 1980-2004",
                        "weight": 0.16666666666666666
                      },
                      {
                        "value": "90.1-2004",
                        "weight": 0.16666666666666666
                      },
                      {
                        "value": "90.1-2007",
                        "weight": 0.16666666666666666
                      },
                      {
                        "value": "90.1-2010",
                        "weight": 0.16666666666666666
                      },
                      {
                        "value": "90.1-2013",
                        "weight": 0.16666666666666666
                      }
                    ]
                  },
                  {
                    "name": "lower_bounds",
                    "value": "DOE Ref Pre-1980"
                  },
                  {
                    "name": "upper_bounds",
                    "value": "DOE Ref Pre-1980"
                  },
                  {
                    "name": "modes",
                    "value": "DOE Ref Pre-1980"
                  },
                  {
                    "name": "delta_x",
                    "value": null
                  },
                  {
                    "name": "stddev",
                    "value": "DOE Ref Pre-1980"
                  }
                ]
              },
              "workflow_index": 0
            }
          ],
          "workflow_index": 0
        },
        {
          "name": "set_dr_weather_file",
          "display_name": "Set DR Weather File",
          "measure_type": "RubyMeasure",
          "measure_definition_class_name": "SetDRWeatherFile",
          "measure_definition_directory": "./measures/SetDRWeatherFile",
          "measure_definition_directory_local": "/Users/hhorsey/repos/dsgrid/os-spreadsheet/measures/SetDRWeatherFile",
          "measure_definition_display_name": "Set DR Weather File",
          "measure_definition_name": "set_dr_weather_file",
          "measure_definition_name_xml": null,
          "measure_definition_uuid": "5dc297c8-47cc-44f8-b124-04cfb5c797be",
          "measure_definition_version_uuid": "fcd35150-0f59-4167-8a16-fe221708384a",
          "arguments": [
            {
              "display_name": "Weather Directory Name",
              "display_name_short": "Weather Directory Name",
              "name": "weather_directory_name",
              "value_type": "string",
              "default_value": "weather",
              "value": "weather"
            }
          ],
          "variables": [
            {
              "argument": {
                "display_name": "Weather File Name",
                "display_name_short": "Weather File Name",
                "name": "weather_file_name",
                "value_type": "string",
                "default_value": "USA_CO_Denver.Intl.AP.725650_TMY3.epw",
                "value": "USA_CO_Denver.Intl.AP.725650_TMY3.epw"
              },
              "display_name": "Weather File Name",
              "display_name_short": "Weather File Name",
              "variable_type": "variable",
              "units": null,
              "minimum": "USA_CO_Denver.Intl.AP.725650_TMY3.epw",
              "maximum": "USA_CO_Denver.Intl.AP.725650_TMY3.epw",
              "relation_to_output": null,
              "static_value": "USA_CO_Denver.Intl.AP.725650_TMY3.epw",
              "uuid": "7ed22260-64cb-428d-a241-f4b36db8b3d8",
              "version_uuid": "64be4a67-6d32-4dee-b066-aa432ff354ef",
              "variable": true,
              "uncertainty_description": {
                "type": "discrete_uncertain",
                "attributes": [
                  {
                    "name": "discrete",
                    "values_and_weights": [
                      {
                        "value": "USA_CO_Akron-Washington.County.AP.724698_TMY3.epw",
                        "weight": 0.038461538461538464
                      },
                      {
                        "value": "USA_CO_Alamosa.Muni.AP.724620_TMY3.epw",
                        "weight": 0.038461538461538464
                      },
                      {
                        "value": "USA_CO_Aspen-Pitkin.County-Sardy.Field.724676_TMY3.epw",
                        "weight": 0.038461538461538464
                      },
                      {
                        "value": "USA_CO_Aurora-Buckley.Field.ANGB.724695_TMY3.epw",
                        "weight": 0.038461538461538464
                      },
                      {
                        "value": "USA_CO_Boulder-Broomfield-Jefferson.County.AP.724699_TMY3.epw",
                        "weight": 0.038461538461538464
                      },
                      {
                        "value": "USA_CO_Colorado.Springs-Peterson.Field.724660_TMY3.epw",
                        "weight": 0.038461538461538464
                      },
                      {
                        "value": "USA_CO_Cortez-Montezuma.County.AP.724767_TMY3.epw",
                        "weight": 0.038461538461538464
                      },
                      {
                        "value": "USA_CO_Craig.Moffat.AP.725700_TMY3.epw",
                        "weight": 0.038461538461538464
                      },
                      {
                        "value": "USA_CO_Denver.Intl.AP.725650_TMY3.epw",
                        "weight": 0.038461538461538464
                      },
                      {
                        "value": "USA_CO_Durango-La.Plata.County.AP.724625_TMY3.epw",
                        "weight": 0.038461538461538464
                      },
                      {
                        "value": "USA_CO_Eagle.724675_TMY2.epw",
                        "weight": 0.038461538461538464
                      },
                      {
                        "value": "USA_CO_Eagle.County.Rgnl.AP.724675_TMY3.epw",
                        "weight": 0.038461538461538464
                      },
                      {
                        "value": "USA_CO_Fort.Collins.AWOS.724769_TMY3.epw",
                        "weight": 0.038461538461538464
                      },
                      {
                        "value": "USA_CO_Golden-NREL.724666_TMY3.epw",
                        "weight": 0.038461538461538464
                      },
                      {
                        "value": "USA_CO_Grand.Junction-Walker.Field.724760_TMY3.epw",
                        "weight": 0.038461538461538464
                      },
                      {
                        "value": "USA_CO_Greeley-Weld.County.AWOS.724768_TMY3.epw",
                        "weight": 0.038461538461538464
                      },
                      {
                        "value": "USA_CO_Gunnison.County.AWOS.724677_TMY3.epw",
                        "weight": 0.038461538461538464
                      },
                      {
                        "value": "USA_CO_Hayden-Yampa.AWOS.725715_TMY3.epw",
                        "weight": 0.038461538461538464
                      },
                      {
                        "value": "USA_CO_La.Junta.Muni.AP.724635_TMY3.epw",
                        "weight": 0.038461538461538464
                      },
                      {
                        "value": "USA_CO_Lamar.Muni.AP.724636_TMY3.epw",
                        "weight": 0.038461538461538464
                      },
                      {
                        "value": "USA_CO_Leadville-Lake.County.AP.724673_TMY3.epw",
                        "weight": 0.038461538461538464
                      },
                      {
                        "value": "USA_CO_Limon.Muni.AP.724665_TMY3.epw",
                        "weight": 0.038461538461538464
                      },
                      {
                        "value": "USA_CO_Montrose.County.AP.724765_TMY3.epw",
                        "weight": 0.038461538461538464
                      },
                      {
                        "value": "USA_CO_Pueblo.Mem.AP.724640_TMY3.epw",
                        "weight": 0.038461538461538464
                      },
                      {
                        "value": "USA_CO_Rifle-Garfield.County.Rgnl.AP.725717_TMY3.epw",
                        "weight": 0.038461538461538464
                      },
                      {
                        "value": "USA_CO_Trinidad-Las.Animas.County.AP.724645_TMY3.epw",
                        "weight": 0.038461538461538464
                      }
                    ]
                  },
                  {
                    "name": "lower_bounds",
                    "value": "USA_CO_Denver.Intl.AP.725650_TMY3.epw"
                  },
                  {
                    "name": "upper_bounds",
                    "value": "USA_CO_Denver.Intl.AP.725650_TMY3.epw"
                  },
                  {
                    "name": "modes",
                    "value": "USA_CO_Denver.Intl.AP.725650_TMY3.epw"
                  },
                  {
                    "name": "delta_x",
                    "value": null
                  },
                  {
                    "name": "stddev",
                    "value": "USA_CO_Denver.Intl.AP.725650_TMY3.epw"
                  }
                ]
              },
              "workflow_index": 0
            }
          ],
          "workflow_index": 1
        },
        {
          "name": "reduce_electric_equipment_loads_by_percentage",
          "display_name": "Reduce Electric Equipment Loads by Percentage",
          "measure_type": "RubyMeasure",
          "measure_definition_class_name": "ReduceElectricEquipmentLoadsByPercentage",
          "measure_definition_directory": "./measures/ReduceElectricEquipmentLoadsByPercentage",
          "measure_definition_directory_local": "/Users/hhorsey/repos/dsgrid/os-spreadsheet/measures/ReduceElectricEquipmentLoadsByPercentage",
          "measure_definition_display_name": "Reduce Electric Equipment Loads by Percentage",
          "measure_definition_name": "reduce_electric_equipment_loads_by_percentage",
          "measure_definition_name_xml": null,
          "measure_definition_uuid": "ec82504f-807b-4854-92f7-a0bb9eab5bb0",
          "measure_definition_version_uuid": "74bc4586-8030-4001-bce9-6042c7caf2a3",
          "arguments": [
            {
              "display_name": "Apply the Measure to a Specific Space Type or to the Entire Model.",
              "display_name_short": "Equip Spaces",
              "name": "space_type",
              "value_type": "string",
              "default_value": "*Entire Building*",
              "value": "*Entire Building*"
            }
          ],
          "variables": [
            {
              "argument": {
                "display_name": "Electric Equipment Power Reduction (%).",
                "display_name_short": "Elec Equip Reduction %",
                "name": "elecequip_power_reduction_percent",
                "value_type": "double",
                "default_value": 30.0,
                "value": 30.0
              },
              "display_name": "Electric Equipment Power Reduction (%).",
              "display_name_short": "Elec Equip Reduction %",
              "variable_type": "variable",
              "units": null,
              "minimum": 0.0,
              "maximum": 60.0,
              "relation_to_output": null,
              "static_value": 30.0,
              "uuid": "f5ff4346-3b8d-489e-a8d2-4f7056f601d4",
              "version_uuid": "eae8dd86-eeb0-4b05-b39a-333dabb0f8ba",
              "variable": true,
              "uncertainty_description": {
                "type": "uniform_uncertain",
                "attributes": [
                  {
                    "name": "lower_bounds",
                    "value": 0.0
                  },
                  {
                    "name": "upper_bounds",
                    "value": 60.0
                  },
                  {
                    "name": "modes",
                    "value": 30.0
                  },
                  {
                    "name": "delta_x",
                    "value": null
                  },
                  {
                    "name": "stddev",
                    "value": 25.0
                  }
                ]
              },
              "workflow_index": 0
            }
          ],
          "workflow_index": 2
        },
        {
          "name": "reduce_lighting_loads_by_percentage",
          "display_name": "Reduce Lighting Loads by Percentage",
          "measure_type": "RubyMeasure",
          "measure_definition_class_name": "ReduceLightingLoadsByPercentage",
          "measure_definition_directory": "./measures/ReduceLightingLoadsByPercentage",
          "measure_definition_directory_local": "/Users/hhorsey/repos/dsgrid/os-spreadsheet/measures/ReduceLightingLoadsByPercentage",
          "measure_definition_display_name": "Reduce Lighting Loads by Percentage",
          "measure_definition_name": "reduce_lighting_loads_by_percentage",
          "measure_definition_name_xml": null,
          "measure_definition_uuid": "60b27b15-45b5-4a15-9d61-fab36fd20386",
          "measure_definition_version_uuid": "e707b1a9-f5e7-467b-be5f-9ce839623b0a",
          "arguments": [
            {
              "display_name": "Apply the Measure to a Specific Space Type or to the Entire Model.",
              "display_name_short": "Lght Spaces",
              "name": "space_type",
              "value_type": "string",
              "default_value": "*Entire Building*",
              "value": "*Entire Building*"
            }
          ],
          "variables": [
            {
              "argument": {
                "display_name": "Lighting Power Reduction (%).",
                "display_name_short": "Lght Reduction %",
                "name": "lighting_power_reduction_percent",
                "value_type": "double",
                "default_value": 30.0,
                "value": 30.0
              },
              "display_name": "Lighting Power Reduction (%).",
              "display_name_short": "Lght Reduction %",
              "variable_type": "variable",
              "units": null,
              "minimum": 0.0,
              "maximum": 60.0,
              "relation_to_output": null,
              "static_value": 30.0,
              "uuid": "0fa1a6a0-1ec2-4f2d-b0ca-16d083f8023a",
              "version_uuid": "5726f9d9-a8d7-4546-97d9-590ab521c291",
              "variable": true,
              "uncertainty_description": {
                "type": "uniform_uncertain",
                "attributes": [
                  {
                    "name": "lower_bounds",
                    "value": 0.0
                  },
                  {
                    "name": "upper_bounds",
                    "value": 60.0
                  },
                  {
                    "name": "modes",
                    "value": 30.0
                  },
                  {
                    "name": "delta_x",
                    "value": null
                  },
                  {
                    "name": "stddev",
                    "value": 25.0
                  }
                ]
              },
              "workflow_index": 0
            }
          ],
          "workflow_index": 3
        },
        {
          "name": "set_timestep",
          "display_name": "Set Timestep",
          "measure_type": "EnergyPlusMeasure",
          "measure_definition_class_name": "SetTimestep",
          "measure_definition_directory": "./measures/SetTimestep",
          "measure_definition_directory_local": "/Users/hhorsey/repos/dsgrid/os-spreadsheet/measures/SetTimestep",
          "measure_definition_display_name": "Set Timestep",
          "measure_definition_name": "set_timestep",
          "measure_definition_name_xml": null,
          "measure_definition_uuid": "5257f40e-0020-436b-adc4-54bc0b7d4910",
          "measure_definition_version_uuid": "693d94cd-3e44-4cbd-b7d7-b3a59692bab6",
          "arguments": [
            {
              "display_name": "Number of EnergyPlus simulation timesteps per hourMust evenly divide 60",
              "display_name_short": "Number of EnergyPlus simulation timesteps per hourMust evenly divide 60",
              "name": "timestep",
              "value_type": "integer",
              "default_value": 60,
              "value": 60
            }
          ],
          "variables": [

          ],
          "workflow_index": 4
        },
        {
          "name": "set_thermal_comfort",
          "display_name": "Set Thermal Comfort",
          "measure_type": "EnergyPlusMeasure",
          "measure_definition_class_name": "SetThermalComfort",
          "measure_definition_directory": "./measures/SetThermalComfort",
          "measure_definition_directory_local": "/Users/hhorsey/repos/dsgrid/os-spreadsheet/measures/SetThermalComfort",
          "measure_definition_display_name": "Set Thermal Comfort",
          "measure_definition_name": "set_thermal_comfort",
          "measure_definition_name_xml": null,
          "measure_definition_uuid": "fd4a9bf7-2068-4f1b-bdc0-ff47b46fee3a",
          "measure_definition_version_uuid": "037255b9-e7b7-43ed-9b58-25deb1ee4bff",
          "arguments": [

          ],
          "variables": [

          ],
          "workflow_index": 5
        },
        {
          "name": "swap_dx_perf_curves",
          "display_name": "Swap DX Perf Curves",
          "measure_type": "EnergyPlusMeasure",
          "measure_definition_class_name": "SwapDXPerfCurves",
          "measure_definition_directory": "./measures/SwapDXPerfCurves",
          "measure_definition_directory_local": "/Users/hhorsey/repos/dsgrid/os-spreadsheet/measures/SwapDXPerfCurves",
          "measure_definition_display_name": "Swap DX Perf Curves",
          "measure_definition_name": "swap_dx_perf_curves",
          "measure_definition_name_xml": null,
          "measure_definition_uuid": "877ace29-91a3-4836-8707-cd3efdd3be73",
          "measure_definition_version_uuid": "e887eb89-976f-4fc6-b909-430aac61846c",
          "arguments": [

          ],
          "variables": [

          ],
          "workflow_index": 6
        },
        {
          "name": "add_zone_capacitance_multiplier",
          "display_name": "Add Zone Capacitance Multiplier",
          "measure_type": "EnergyPlusMeasure",
          "measure_definition_class_name": "AddZoneCapacitanceMultiplier",
          "measure_definition_directory": "./measures/AddZoneCapacitanceMultiplier",
          "measure_definition_directory_local": "/Users/hhorsey/repos/dsgrid/os-spreadsheet/measures/AddZoneCapacitanceMultiplier",
          "measure_definition_display_name": "Add Zone Capacitance Multiplier",
          "measure_definition_name": "add_zone_capacitance_multiplier",
          "measure_definition_name_xml": null,
          "measure_definition_uuid": "7dec3fb6-3921-42f3-a279-a68fd39d7c21",
          "measure_definition_version_uuid": "e3f24746-33e5-46ec-98ce-4c7bece1befa",
          "arguments": [
            {
              "display_name": "Temperature Capacitance Multiplier",
              "display_name_short": "Temperature Capacitance Multiplier",
              "name": "temp_cap_mult",
              "value_type": "double",
              "default_value": 10.0,
              "value": 10.0
            },
            {
              "display_name": "Humidity Capacitance Multiplier",
              "display_name_short": "Humidity Capacitance Multiplier",
              "name": "hum_cap_mult",
              "value_type": "double",
              "default_value": 10.0,
              "value": 10.0
            }
          ],
          "variables": [

          ],
          "workflow_index": 7
        },
        {
          "name": "inject_timeseries_for_dr",
          "display_name": "Inject Timeseries for DR",
          "measure_type": "EnergyPlusMeasure",
          "measure_definition_class_name": "InjectTimeseriesDR",
          "measure_definition_directory": "./measures/InjectTimeseriesDR",
          "measure_definition_directory_local": "/Users/hhorsey/repos/dsgrid/os-spreadsheet/measures/InjectTimeseriesDR",
          "measure_definition_display_name": "Inject Timeseries for DR",
          "measure_definition_name": "inject_timeseries_for_dr",
          "measure_definition_name_xml": null,
          "measure_definition_uuid": "906a680d-2161-4d14-8ef5-bc29129d2f60",
          "measure_definition_version_uuid": "9b4f405a-a4d3-43b2-a654-a30dc919f022",
          "arguments": [

          ],
          "variables": [

          ],
          "workflow_index": 8
        },
        {
          "name": "run_energy_plus_for_dr",
          "display_name": "Run Energy Plus for DR",
          "measure_type": "EnergyPlusMeasure",
          "measure_definition_class_name": "RunEnergyPlusDR",
          "measure_definition_directory": "./measures/RunEnergyPlusDR",
          "measure_definition_directory_local": "/Users/hhorsey/repos/dsgrid/os-spreadsheet/measures/RunEnergyPlusDR",
          "measure_definition_display_name": "Run Energy Plus for DR",
          "measure_definition_name": "run_energy_plus_for_dr",
          "measure_definition_name_xml": null,
          "measure_definition_uuid": "390171e6-a20a-40a5-8789-929b79959c09",
          "measure_definition_version_uuid": "671b2abe-60ee-4104-8137-6105d2d07c56",
          "arguments": [
            {
              "display_name": "SQL filename",
              "display_name_short": "SQL Filename",
              "name": "file_name",
              "value_type": "string",
              "default_value": "baseline",
              "value": "baseline"
            }
          ],
          "variables": [

          ],
          "workflow_index": 9
        },
        {
          "name": "dr_schedule_maker",
          "display_name": "DR Schedule Maker",
          "measure_type": "EnergyPlusMeasure",
          "measure_definition_class_name": "DrScheduleMaker",
          "measure_definition_directory": "./measures/DrScheduleMaker",
          "measure_definition_directory_local": "/Users/hhorsey/repos/dsgrid/os-spreadsheet/measures/DrScheduleMaker",
          "measure_definition_display_name": "DR Schedule Maker",
          "measure_definition_name": "dr_schedule_maker",
          "measure_definition_name_xml": null,
          "measure_definition_uuid": "8ea7d34b-4a47-485f-b403-c32d1746c679",
          "measure_definition_version_uuid": "d709560b-a081-46e6-983e-50acea978054",
          "arguments": [
            {
              "display_name": "Name of DR Schedule",
              "display_name_short": "Name of DR Schedule",
              "name": "schedule_name",
              "value_type": "string",
              "default_value": "dr_event_hvac",
              "value": "dr_event_hvac"
            },
            {
              "display_name": "DR Event Start Time",
              "display_name_short": "DR Event Start Time",
              "name": "event_start_time",
              "value_type": "double",
              "default_value": 14.0,
              "value": 14.0
            },
            {
              "display_name": "DR Event Duration",
              "display_name_short": "DR Event Duration",
              "name": "event_duration",
              "value_type": "double",
              "default_value": 0.33,
              "value": 0.33
            }
          ],
          "variables": [

          ],
          "workflow_index": 10
        },
        {
          "name": "dr_setpoint_modification",
          "display_name": "DR Setpoint Modification",
          "measure_type": "EnergyPlusMeasure",
          "measure_definition_class_name": "DrSetpointModification",
          "measure_definition_directory": "./measures/DrSetpointModification",
          "measure_definition_directory_local": "/Users/hhorsey/repos/dsgrid/os-spreadsheet/measures/DrSetpointModification",
          "measure_definition_display_name": "DR Setpoint Modification",
          "measure_definition_name": "dr_setpoint_modification",
          "measure_definition_name_xml": null,
          "measure_definition_uuid": "8a8fa4e1-f299-469f-bf89-c91d5a399aed",
          "measure_definition_version_uuid": "4cbc94bf-14f4-4b21-981e-cfa760100398",
          "arguments": [
            {
              "display_name": "DR Event Schedule Name",
              "display_name_short": "DR Event Schedule Name",
              "name": "dr_event_schedule",
              "value_type": "string",
              "default_value": "dr_event_hvac",
              "value": "dr_event_hvac"
            }
          ],
          "variables": [
            {
              "argument": {
                "display_name": "Event Delta T",
                "display_name_short": "Event Delta T",
                "name": "event_delta_t",
                "value_type": "double",
                "default_value": 2.0,
                "value": 2.0
              },
              "display_name": "Event Delta T",
              "display_name_short": "Event Delta T",
              "variable_type": "variable",
              "units": null,
              "minimum": 0.0,
              "maximum": 6.0,
              "relation_to_output": null,
              "static_value": 2.0,
              "uuid": "863ef256-8a64-4f1c-875b-c2dea5527bd3",
              "version_uuid": "dc7e95a3-d636-4f8d-8890-d030677e7f2e",
              "variable": true,
              "uncertainty_description": {
                "type": "uniform_uncertain",
                "attributes": [
                  {
                    "name": "lower_bounds",
                    "value": 0.0
                  },
                  {
                    "name": "upper_bounds",
                    "value": 6.0
                  },
                  {
                    "name": "modes",
                    "value": 3.0
                  },
                  {
                    "name": "delta_x",
                    "value": null
                  },
                  {
                    "name": "stddev",
                    "value": 2.0
                  }
                ]
              },
              "workflow_index": 0
            }
          ],
          "workflow_index": 11
        },
        {
          "name": "demand_side_grid_reporting",
          "display_name": "Demand Side Grid Reporting",
          "measure_type": "ReportingMeasure",
          "measure_definition_class_name": "DsgridReports",
          "measure_definition_directory": "./measures/DsgridReports",
          "measure_definition_directory_local": "/Users/hhorsey/repos/dsgrid/os-spreadsheet/measures/DsgridReports",
          "measure_definition_display_name": "Demand Side Grid Reporting",
          "measure_definition_name": "demand_side_grid_reporting",
          "measure_definition_name_xml": null,
          "measure_definition_uuid": "6e504b62-5736-4aea-a744-17d7e8fb5e50",
          "measure_definition_version_uuid": "313c2713-e9ff-45ab-a0b4-46b1f79acf7c",
          "arguments": [
            {
              "display_name": "Baseline SQL file name",
              "display_name_short": "Baseline SQL file name",
              "name": "base_sql_name",
              "value_type": "string",
              "default_value": "baseline",
              "value": "baseline"
            },
            {
              "display_name": "Output HDF5 File",
              "display_name_short": "Output HDF5 File",
              "name": "hdf5_output",
              "value_type": "bool",
              "default_value": false,
              "value": false
            },
            {
              "display_name": "Output CSV File",
              "display_name_short": "Output CSV File",
              "name": "csv_output",
              "value_type": "bool",
              "default_value": true,
              "value": true
            },
            {
              "display_name": "Save QAQC Timeseries",
              "display_name_short": "Save QAQC Timeseries",
              "name": "save_qaqc",
              "value_type": "bool",
              "default_value": true,
              "value": true
            }
          ],
          "variables": [

          ],
          "workflow_index": 12
        }
      ]
    },
    "seed": {
      "file_type": "OSM",
      "path": "./seed/empty.osm"
    },
    "weather_file": {
      "file_type": "EPW",
      "path": "./weather/USA_CO_Akron-Washington.County.AP.724698_TMY3.epw"
    },
    "file_format_version": 1
  }
}