{
  "standard_reports": {
    "Building Name": "building_name",
    "Building Name_display_name": "Large Office",
    "CBECS 1980-2004 ExtRoof IEAD ClimateZone 5b": 38352.95405101922,
    "CBECS 1980-2004 ExtRoof IEAD ClimateZone 5b_units": "ft^2",
    "CBECS 1980-2004 ExtWall Mass ClimateZone 5b adj ext wall insulation": 69482.56169348607,
    "CBECS 1980-2004 ExtWall Mass ClimateZone 5b adj ext wall insulation_units": "ft^2",
    "CBECS 1980-2004 ExtWindow ClimateZone alt-lrgoff hosp 1-8": 55266.15515194762,
    "CBECS 1980-2004 ExtWindow ClimateZone alt-lrgoff hosp 1-8_units": "ft^2",
    "EUI": 56.944448966090064,
    "EUI_units": "kBtu/ft^2",
    "End Use - Cooling": 6335001.112407744,
    "End Use - Cooling_units": "kBtu",
    "End Use - Exterior Equipment": 0,
    "End Use - Exterior Equipment_units": "kBtu",
    "End Use - Exterior Lighting": 0,
    "End Use - Exterior Lighting_units": "kBtu",
    "End Use - Fans": 426176.48997768,
    "End Use - Fans_units": "kBtu",
    "End Use - Generators": 0,
    "End Use - Generators_units": "kBtu",
    "End Use - Heat Recovery": 0,
    "End Use - Heat Recovery_units": "kBtu",
    "End Use - Heat Rejection": 0,
    "End Use - Heat Rejection_units": "kBtu",
    "End Use - Heating": 9440722.948709592,
    "End Use - Heating_units": "kBtu",
    "End Use - Humidification": 0,
    "End Use - Humidification_units": "kBtu",
    "End Use - Interior Equipment": 7438307.631308461,
    "End Use - Interior Equipment_units": "kBtu",
    "End Use - Interior Lighting": 3816034.9426070563,
    "End Use - Interior Lighting_units": "kBtu",
    "End Use - Pumps": 935609.2358036818,
    "End Use - Pumps_units": "kBtu",
    "End Use - Refrigeration": 0,
    "End Use - Refrigeration_units": "kBtu",
    "End Use - Water Systems": 0,
    "End Use - Water Systems_units": "kBtu",
    "End Use Electricity - Cooling": 1856605.5555555557,
    "End Use Electricity - Cooling_units": "kWh",
    "End Use Electricity - Exterior Equipment": 0,
    "End Use Electricity - Exterior Equipment_units": "kWh",
    "End Use Electricity - Exterior Lighting": 0,
    "End Use Electricity - Exterior Lighting_units": "kWh",
    "End Use Electricity - Fans": 124900,
    "End Use Electricity - Fans_units": "kWh",
    "End Use Electricity - Generators": 0,
    "End Use Electricity - Generators_units": "kWh",
    "End Use Electricity - Heat Recovery": 0,
    "End Use Electricity - Heat Recovery_units": "kWh",
    "End Use Electricity - Heat Rejection": 0,
    "End Use Electricity - Heat Rejection_units": "kWh",
    "End Use Electricity - Heating": 0,
    "End Use Electricity - Heating_units": "kWh",
    "End Use Electricity - Humidification": 0,
    "End Use Electricity - Humidification_units": "kWh",
    "End Use Electricity - Interior Equipment": 2179952.7777777775,
    "End Use Electricity - Interior Equipment_units": "kWh",
    "End Use Electricity - Interior Lighting": 1118369.4444444445,
    "End Use Electricity - Interior Lighting_units": "kWh",
    "End Use Electricity - Pumps": 274200,
    "End Use Electricity - Pumps_units": "kWh",
    "End Use Electricity - Refrigeration": 0,
    "End Use Electricity - Refrigeration_units": "kWh",
    "End Use Electricity - Water Systems": 0,
    "End Use Electricity - Water Systems_units": "kWh",
    "End Use Natural Gas - Cooling": 0,
    "End Use Natural Gas - Cooling_units": "therms",
    "End Use Natural Gas - Exterior Equipment": 0,
    "End Use Natural Gas - Exterior Equipment_units": "therms",
    "End Use Natural Gas - Exterior Lighting": 0,
    "End Use Natural Gas - Exterior Lighting_units": "therms",
    "End Use Natural Gas - Fans": 0,
    "End Use Natural Gas - Fans_units": "therms",
    "End Use Natural Gas - Generators": 0,
    "End Use Natural Gas - Generators_units": "therms",
    "End Use Natural Gas - Heat Recovery": 0,
    "End Use Natural Gas - Heat Recovery_units": "therms",
    "End Use Natural Gas - Heat Rejection": 0,
    "End Use Natural Gas - Heat Rejection_units": "therms",
    "End Use Natural Gas - Heating": 94425.4452,
    "End Use Natural Gas - Heating_units": "therms",
    "End Use Natural Gas - Humidification": 0,
    "End Use Natural Gas - Humidification_units": "therms",
    "End Use Natural Gas - Interior Equipment": 0,
    "End Use Natural Gas - Interior Equipment_units": "therms",
    "End Use Natural Gas - Interior Lighting": 0,
    "End Use Natural Gas - Interior Lighting_units": "therms",
    "End Use Natural Gas - Pumps": 0,
    "End Use Natural Gas - Pumps_units": "therms",
    "End Use Natural Gas - Refrigeration": 0,
    "End Use Natural Gas - Refrigeration_units": "therms",
    "End Use Natural Gas - Water Systems": 0,
    "End Use Natural Gas - Water Systems_units": "therms",
    "Exterior Lighting Total - Consumption ": 0,
    "Exterior Lighting Total - Consumption _units": "kWh",
    "Exterior Lighting Total - Power ": 0,
    "Exterior Lighting Total - Power _units": "W",
    "Fuel - Additional Fuel": 0,
    "Fuel - Additional Fuel_units": "kBtu",
    "Fuel - District Cooling": 0,
    "Fuel - District Cooling_units": "kBtu",
    "Fuel - District Heating": 0,
    "Fuel - District Heating_units": "kBtu",
    "Fuel - Electricity": 18951119.93393342,
    "Fuel - Electricity_units": "kBtu",
    "Fuel - Natural Gas": 9440722.948709592,
    "Fuel - Natural Gas_units": "kBtu",
    "Gross Window-Wall Ratio": 42.14,
    "Gross Window-Wall Ratio_units": "%",
    "Net Site Energy": 28391842.882643014,
    "Net Site Energy_units": "kBtu",
    "Skylight-Roof Ratio": 0,
    "Skylight-Roof Ratio_units": "%",
    "Space Type - Attic": 460235.4486122305,
    "Space Type - Attic_units": "ft^2",
    "Space Type - CBECS 1980-2004 LargeOffice": 460235.4486122305,
    "Space Type - CBECS 1980-2004 LargeOffice_units": "ft^2",
    "Space Type - Empty Space Type 1": 38352.95405101922,
    "Space Type - Empty Space Type 1_units": "ft^2",
    "Total Building Area": 498588.42078795267,
    "Total Building Area_units": "ft^2",
    "Unmet Hours - During Cooling": 0,
    "Unmet Hours - During Cooling_units": "hr",
    "Unmet Hours - During Heating": 489.75,
    "Unmet Hours - During Heating_units": "hr",
    "Unmet Hours - During Occupied Cooling": 0,
    "Unmet Hours - During Occupied Cooling_units": "hr",
    "Unmet Hours - During Occupied Heating": 50.5,
    "Unmet Hours - During Occupied Heating_units": "hr",
    "additional_fuel_cooling_ip": 0,
    "additional_fuel_cooling_ip_units": "MBtu",
    "additional_fuel_exterior_equipment_ip": 0,
    "additional_fuel_exterior_equipment_ip_units": "MBtu",
    "additional_fuel_exterior_lighting_ip": 0,
    "additional_fuel_exterior_lighting_ip_units": "MBtu",
    "additional_fuel_fans_ip": 0,
    "additional_fuel_fans_ip_units": "MBtu",
    "additional_fuel_generators_ip": 0,
    "additional_fuel_generators_ip_units": "MBtu",
    "additional_fuel_heat_recovery_ip": 0,
    "additional_fuel_heat_recovery_ip_units": "MBtu",
    "additional_fuel_heat_rejection_ip": 0,
    "additional_fuel_heat_rejection_ip_units": "MBtu",
    "additional_fuel_heating_ip": 0,
    "additional_fuel_heating_ip_units": "MBtu",
    "additional_fuel_humidification_ip": 0,
    "additional_fuel_humidification_ip_units": "MBtu",
    "additional_fuel_interior_equipment_ip": 0,
    "additional_fuel_interior_equipment_ip_units": "MBtu",
    "additional_fuel_interior_lighting_ip": 0,
    "additional_fuel_interior_lighting_ip_units": "MBtu",
    "additional_fuel_ip": 0,
    "additional_fuel_ip_units": "MBtu",
    "additional_fuel_pumps_ip": 0,
    "additional_fuel_pumps_ip_units": "MBtu",
    "additional_fuel_refrigeration_ip": 0,
    "additional_fuel_refrigeration_ip_units": "MBtu",
    "additional_fuel_water_systems_ip": 0,
    "additional_fuel_water_systems_ip_units": "MBtu",
    "air_loops_detail_section": true,
    "annual_overview_section": true,
    "building_summary_section": true,
    "cost_summary_section": true,
    "district_cooling_cooling_ip": 0,
    "district_cooling_cooling_ip_units": "MBtu",
    "district_cooling_exterior_equipment_ip": 0,
    "district_cooling_exterior_equipment_ip_units": "MBtu",
    "district_cooling_exterior_lighting_ip": 0,
    "district_cooling_exterior_lighting_ip_units": "MBtu",
    "district_cooling_fans_ip": 0,
    "district_cooling_fans_ip_units": "MBtu",
    "district_cooling_generators_ip": 0,
    "district_cooling_generators_ip_units": "MBtu",
    "district_cooling_heat_recovery_ip": 0,
    "district_cooling_heat_recovery_ip_units": "MBtu",
    "district_cooling_heat_rejection_ip": 0,
    "district_cooling_heat_rejection_ip_units": "MBtu",
    "district_cooling_heating_ip": 0,
    "district_cooling_heating_ip_units": "MBtu",
    "district_cooling_humidification_ip": 0,
    "district_cooling_humidification_ip_units": "MBtu",
    "district_cooling_interior_equipment_ip": 0,
    "district_cooling_interior_equipment_ip_units": "MBtu",
    "district_cooling_interior_lighting_ip": 0,
    "district_cooling_interior_lighting_ip_units": "MBtu",
    "district_cooling_ip": 0,
    "district_cooling_ip_units": "MBtu",
    "district_cooling_pumps_ip": 0,
    "district_cooling_pumps_ip_units": "MBtu",
    "district_cooling_refrigeration_ip": 0,
    "district_cooling_refrigeration_ip_units": "MBtu",
    "district_cooling_water_systems_ip": 0,
    "district_cooling_water_systems_ip_units": "MBtu",
    "district_heating_cooling_ip": 0,
    "district_heating_cooling_ip_units": "MBtu",
    "district_heating_exterior_equipment_ip": 0,
    "district_heating_exterior_equipment_ip_units": "MBtu",
    "district_heating_exterior_lighting_ip": 0,
    "district_heating_exterior_lighting_ip_units": "MBtu",
    "district_heating_fans_ip": 0,
    "district_heating_fans_ip_units": "MBtu",
    "district_heating_generators_ip": 0,
    "district_heating_generators_ip_units": "MBtu",
    "district_heating_heat_recovery_ip": 0,
    "district_heating_heat_recovery_ip_units": "MBtu",
    "district_heating_heat_rejection_ip": 0,
    "district_heating_heat_rejection_ip_units": "MBtu",
    "district_heating_heating_ip": 0,
    "district_heating_heating_ip_units": "MBtu",
    "district_heating_humidification_ip": 0,
    "district_heating_humidification_ip_units": "MBtu",
    "district_heating_interior_equipment_ip": 0,
    "district_heating_interior_equipment_ip_units": "MBtu",
    "district_heating_interior_lighting_ip": 0,
    "district_heating_interior_lighting_ip_units": "MBtu",
    "district_heating_ip": 0,
    "district_heating_ip_units": "MBtu",
    "district_heating_pumps_ip": 0,
    "district_heating_pumps_ip_units": "MBtu",
    "district_heating_refrigeration_ip": 0,
    "district_heating_refrigeration_ip_units": "MBtu",
    "district_heating_water_systems_ip": 0,
    "district_heating_water_systems_ip_units": "MBtu",
    "electricity_cooling_ip": 1856603.6111111112,
    "electricity_cooling_ip_units": "kWh",
    "electricity_exterior_equipment_ip": 0,
    "electricity_exterior_equipment_ip_units": "kWh",
    "electricity_exterior_lighting_ip": 0,
    "electricity_exterior_lighting_ip_units": "kWh",
    "electricity_fans_ip": 124898.97222222223,
    "electricity_fans_ip_units": "kWh",
    "electricity_generators_ip": 0,
    "electricity_generators_ip_units": "kWh",
    "electricity_heat_recovery_ip": 0,
    "electricity_heat_recovery_ip_units": "kWh",
    "electricity_heat_rejection_ip": 0,
    "electricity_heat_rejection_ip_units": "kWh",
    "electricity_heating_ip": 0,
    "electricity_heating_ip_units": "kWh",
    "electricity_humidification_ip": 0,
    "electricity_humidification_ip_units": "kWh",
    "electricity_interior_equipment_ip": 2179952.5,
    "electricity_interior_equipment_ip_units": "kWh",
    "electricity_interior_lighting_ip": 1118368.3333333333,
    "electricity_interior_lighting_ip_units": "kWh",
    "electricity_ip": 5554023.388888889,
    "electricity_ip_units": "kWh",
    "electricity_pumps_ip": 274199.9722222222,
    "electricity_pumps_ip_units": "kWh",
    "electricity_refrigeration_ip": 0,
    "electricity_refrigeration_ip_units": "kWh",
    "electricity_water_systems_ip": 0,
    "electricity_water_systems_ip_units": "kWh",
    "envelope_section_section": true,
    "exterior_light_section": true,
    "hvac_load_profile": true,
    "interior_lighting_section": true,
    "monthly_overview_section": true,
    "natural_gas_cooling_ip": 0,
    "natural_gas_cooling_ip_units": "MBtu",
    "natural_gas_exterior_equipment_ip": 0,
    "natural_gas_exterior_equipment_ip_units": "MBtu",
    "natural_gas_exterior_lighting_ip": 0,
    "natural_gas_exterior_lighting_ip_units": "MBtu",
    "natural_gas_fans_ip": 0,
    "natural_gas_fans_ip_units": "MBtu",
    "natural_gas_generators_ip": 0,
    "natural_gas_generators_ip_units": "MBtu",
    "natural_gas_heat_recovery_ip": 0,
    "natural_gas_heat_recovery_ip_units": "MBtu",
    "natural_gas_heat_rejection_ip": 0,
    "natural_gas_heat_rejection_ip_units": "MBtu",
    "natural_gas_heating_ip": 9440.72939386601,
    "natural_gas_heating_ip_units": "MBtu",
    "natural_gas_humidification_ip": 0,
    "natural_gas_humidification_ip_units": "MBtu",
    "natural_gas_interior_equipment_ip": 0,
    "natural_gas_interior_equipment_ip_units": "MBtu",
    "natural_gas_interior_lighting_ip": 0,
    "natural_gas_interior_lighting_ip_units": "MBtu",
    "natural_gas_ip": 9440.72939386601,
    "natural_gas_ip_units": "MBtu",
    "natural_gas_pumps_ip": 0,
    "natural_gas_pumps_ip_units": "MBtu",
    "natural_gas_refrigeration_ip": 0,
    "natural_gas_refrigeration_ip_units": "MBtu",
    "natural_gas_water_systems_ip": 0,
    "natural_gas_water_systems_ip_units": "MBtu",
    "outdoor_air_section": true,
    "plant_loops_detail_section": true,
    "plug_loads_section": true,
    "schedules_overview_section": true,
    "source": "OpenStudio Results",
    "source_energy_section": true,
    "space_type_breakdown_section": true,
    "space_type_details_section": true,
    "utility_bills_rates_section": true,
    "water_cooling_ip": 0,
    "water_cooling_ip_units": "MBtu",
    "water_exterior_equipment_ip": 0,
    "water_exterior_equipment_ip_units": "MBtu",
    "water_exterior_lighting_ip": 0,
    "water_exterior_lighting_ip_units": "MBtu",
    "water_fans_ip": 0,
    "water_fans_ip_units": "MBtu",
    "water_generators_ip": 0,
    "water_generators_ip_units": "MBtu",
    "water_heat_recovery_ip": 0,
    "water_heat_recovery_ip_units": "MBtu",
    "water_heat_rejection_ip": 0,
    "water_heat_rejection_ip_units": "MBtu",
    "water_heating_ip": 0,
    "water_heating_ip_units": "MBtu",
    "water_humidification_ip": 0,
    "water_humidification_ip_units": "MBtu",
    "water_interior_equipment_ip": 0,
    "water_interior_equipment_ip_units": "MBtu",
    "water_interior_lighting_ip": 0,
    "water_interior_lighting_ip_units": "MBtu",
    "water_ip": 0,
    "water_ip_units": "MBtu",
    "water_pumps_ip": 0,
    "water_pumps_ip_units": "MBtu",
    "water_refrigeration_ip": 0,
    "water_refrigeration_ip_units": "MBtu",
    "water_use_section": true,
    "water_water_systems_ip": 0,
    "water_water_systems_ip_units": "MBtu",
    "zone_condition_section": true,
    "zone_equipment_detail_section": true,
    "zone_summary_section": true,
    "applicable": true
  },
  "dencity_reports": {
    "additional_fuel_cooling_eui": 0,
    "additional_fuel_cooling_eui_units": "MJ/m2",
    "additional_fuel_exterior_equipment_eui": 0,
    "additional_fuel_exterior_equipment_eui_units": "MJ/m2",
    "additional_fuel_exterior_lighting_eui": 0,
    "additional_fuel_exterior_lighting_eui_units": "MJ/m2",
    "additional_fuel_fans_eui": 0,
    "additional_fuel_fans_eui_units": "MJ/m2",
    "additional_fuel_generators_eui": 0,
    "additional_fuel_generators_eui_units": "MJ/m2",
    "additional_fuel_heat_recovery_eui": 0,
    "additional_fuel_heat_recovery_eui_units": "MJ/m2",
    "additional_fuel_heat_rejection_eui": 0,
    "additional_fuel_heat_rejection_eui_units": "MJ/m2",
    "additional_fuel_heating_eui": 0,
    "additional_fuel_heating_eui_units": "MJ/m2",
    "additional_fuel_humidification_eui": 0,
    "additional_fuel_humidification_eui_units": "MJ/m2",
    "additional_fuel_interior_equipment_eui": 0,
    "additional_fuel_interior_equipment_eui_units": "MJ/m2",
    "additional_fuel_interior_lighting_eui": 0,
    "additional_fuel_interior_lighting_eui_units": "MJ/m2",
    "additional_fuel_pumps_eui": 0,
    "additional_fuel_pumps_eui_units": "MJ/m2",
    "additional_fuel_refrigeration_eui": 0,
    "additional_fuel_refrigeration_eui_units": "MJ/m2",
    "additional_fuel_water_systems_eui": 0,
    "additional_fuel_water_systems_eui_units": "MJ/m2",
    "april_end_use_additional_fuel_eui": 0,
    "april_end_use_additional_fuel_eui_units": "MJ/m2",
    "april_end_use_district_cooling_eui": 0,
    "april_end_use_district_cooling_eui_units": "MJ/m2",
    "april_end_use_district_heating_eui": 0,
    "april_end_use_district_heating_eui_units": "MJ/m2",
    "april_end_use_electricity_eui": 29.70002620876599,
    "april_end_use_electricity_eui_units": "MJ/m2",
    "april_end_use_natural_gas_eui": 23.799243443166915,
    "april_end_use_natural_gas_eui_units": "MJ/m2",
    "aspect_ratio": 1.5,
    "aspect_ratio_units": "",
    "august_end_use_additional_fuel_eui": 0,
    "august_end_use_additional_fuel_eui_units": "MJ/m2",
    "august_end_use_district_cooling_eui": 0,
    "august_end_use_district_cooling_eui_units": "MJ/m2",
    "august_end_use_district_heating_eui": 0,
    "august_end_use_district_heating_eui_units": "MJ/m2",
    "august_end_use_electricity_eui": 47.93976431108726,
    "august_end_use_electricity_eui_units": "MJ/m2",
    "august_end_use_natural_gas_eui": 0.49177057701167387,
    "august_end_use_natural_gas_eui_units": "MJ/m2",
    "building_area": 46320.38,
    "building_area_units": "m2",
    "building_type": "",
    "building_type_display_name": "NIL",
    "conditioned_area": 46320.38,
    "conditioned_area_units": "m2",
    "december_end_use_additional_fuel_eui": 0,
    "december_end_use_additional_fuel_eui_units": "MJ/m2",
    "december_end_use_district_cooling_eui": 0,
    "december_end_use_district_cooling_eui_units": "MJ/m2",
    "december_end_use_district_heating_eui": 0,
    "december_end_use_district_heating_eui_units": "MJ/m2",
    "december_end_use_electricity_eui": 27.66794659283883,
    "december_end_use_electricity_eui_units": "MJ/m2",
    "december_end_use_natural_gas_eui": 37.81985380948947,
    "december_end_use_natural_gas_eui_units": "MJ/m2",
    "district_cooling_cooling_eui": 0,
    "district_cooling_cooling_eui_units": "MJ/m2",
    "district_cooling_exterior_equipment_eui": 0,
    "district_cooling_exterior_equipment_eui_units": "MJ/m2",
    "district_cooling_exterior_lighting_eui": 0,
    "district_cooling_exterior_lighting_eui_units": "MJ/m2",
    "district_cooling_fans_eui": 0,
    "district_cooling_fans_eui_units": "MJ/m2",
    "district_cooling_generators_eui": 0,
    "district_cooling_generators_eui_units": "MJ/m2",
    "district_cooling_heat_recovery_eui": 0,
    "district_cooling_heat_recovery_eui_units": "MJ/m2",
    "district_cooling_heat_rejection_eui": 0,
    "district_cooling_heat_rejection_eui_units": "MJ/m2",
    "district_cooling_heating_eui": 0,
    "district_cooling_heating_eui_units": "MJ/m2",
    "district_cooling_humidification_eui": 0,
    "district_cooling_humidification_eui_units": "MJ/m2",
    "district_cooling_interior_equipment_eui": 0,
    "district_cooling_interior_equipment_eui_units": "MJ/m2",
    "district_cooling_interior_lighting_eui": 0,
    "district_cooling_interior_lighting_eui_units": "MJ/m2",
    "district_cooling_pumps_eui": 0,
    "district_cooling_pumps_eui_units": "MJ/m2",
    "district_cooling_refrigeration_eui": 0,
    "district_cooling_refrigeration_eui_units": "MJ/m2",
    "district_cooling_water_systems_eui": 0,
    "district_cooling_water_systems_eui_units": "MJ/m2",
    "district_heating_cooling_eui": 0,
    "district_heating_cooling_eui_units": "MJ/m2",
    "district_heating_exterior_equipment_eui": 0,
    "district_heating_exterior_equipment_eui_units": "MJ/m2",
    "district_heating_exterior_lighting_eui": 0,
    "district_heating_exterior_lighting_eui_units": "MJ/m2",
    "district_heating_fans_eui": 0,
    "district_heating_fans_eui_units": "MJ/m2",
    "district_heating_generators_eui": 0,
    "district_heating_generators_eui_units": "MJ/m2",
    "district_heating_heat_recovery_eui": 0,
    "district_heating_heat_recovery_eui_units": "MJ/m2",
    "district_heating_heat_rejection_eui": 0,
    "district_heating_heat_rejection_eui_units": "MJ/m2",
    "district_heating_heating_eui": 0,
    "district_heating_heating_eui_units": "MJ/m2",
    "district_heating_humidification_eui": 0,
    "district_heating_humidification_eui_units": "MJ/m2",
    "district_heating_interior_equipment_eui": 0,
    "district_heating_interior_equipment_eui_units": "MJ/m2",
    "district_heating_interior_lighting_eui": 0,
    "district_heating_interior_lighting_eui_units": "MJ/m2",
    "district_heating_pumps_eui": 0,
    "district_heating_pumps_eui_units": "MJ/m2",
    "district_heating_refrigeration_eui": 0,
    "district_heating_refrigeration_eui_units": "MJ/m2",
    "district_heating_water_systems_eui": 0,
    "district_heating_water_systems_eui_units": "MJ/m2",
    "economizer_density": 0,
    "economizer_density_units": "",
    "electricity_cooling_eui": 144.294584802629,
    "electricity_cooling_eui_units": "MJ/m2",
    "electricity_exterior_equipment_eui": 0,
    "electricity_exterior_equipment_eui_units": "MJ/m2",
    "electricity_exterior_lighting_eui": 0,
    "electricity_exterior_lighting_eui_units": "MJ/m2",
    "electricity_fans_eui": 9.707174250297602,
    "electricity_fans_eui_units": "MJ/m2",
    "electricity_generators_eui": 0,
    "electricity_generators_eui_units": "MJ/m2",
    "electricity_heat_recovery_eui": 0,
    "electricity_heat_recovery_eui_units": "MJ/m2",
    "electricity_heat_rejection_eui": 0,
    "electricity_heat_rejection_eui_units": "MJ/m2",
    "electricity_heating_eui": 0,
    "electricity_heating_eui_units": "MJ/m2",
    "electricity_humidification_eui": 0,
    "electricity_humidification_eui_units": "MJ/m2",
    "electricity_interior_equipment_eui": 169.42499176388452,
    "electricity_interior_equipment_eui_units": "MJ/m2",
    "electricity_interior_lighting_eui": 86.91919194099876,
    "electricity_interior_lighting_eui_units": "MJ/m2",
    "electricity_pumps_eui": 21.31070600025302,
    "electricity_pumps_eui_units": "MJ/m2",
    "electricity_refrigeration_eui": 0,
    "electricity_refrigeration_eui_units": "MJ/m2",
    "electricity_water_systems_eui": 0,
    "electricity_water_systems_eui_units": "MJ/m2",
    "elevation": 1650,
    "elevation_units": "m",
    "exterior_fenestration_area": 1283.5984556818994,
    "exterior_fenestration_area_units": "m2",
    "exterior_roof_area": 3563.1060243200004,
    "exterior_roof_area_units": "m2",
    "exterior_wall_area": 1613.785302078101,
    "exterior_wall_area_units": "m2",
    "february_end_use_additional_fuel_eui": 0,
    "february_end_use_additional_fuel_eui_units": "MJ/m2",
    "february_end_use_district_cooling_eui": 0,
    "february_end_use_district_cooling_eui_units": "MJ/m2",
    "february_end_use_district_heating_eui": 0,
    "february_end_use_district_heating_eui_units": "MJ/m2",
    "february_end_use_electricity_eui": 24.98460936633076,
    "february_end_use_electricity_eui_units": "MJ/m2",
    "february_end_use_natural_gas_eui": 39.3258863593088,
    "february_end_use_natural_gas_eui_units": "MJ/m2",
    "ground_contact_area": 3563.1060243200004,
    "ground_contact_area_units": "m2",
    "infiltration_rate": 0.5297171452915552,
    "infiltration_rate_units": "ACH",
    "january_end_use_additional_fuel_eui": 0,
    "january_end_use_additional_fuel_eui_units": "MJ/m2",
    "january_end_use_district_cooling_eui": 0,
    "january_end_use_district_cooling_eui_units": "MJ/m2",
    "january_end_use_district_heating_eui": 0,
    "january_end_use_district_heating_eui_units": "MJ/m2",
    "january_end_use_electricity_eui": 27.88218706323221,
    "january_end_use_electricity_eui_units": "MJ/m2",
    "january_end_use_natural_gas_eui": 41.30212230555967,
    "january_end_use_natural_gas_eui_units": "MJ/m2",
    "july_end_use_additional_fuel_eui": 0,
    "july_end_use_additional_fuel_eui_units": "MJ/m2",
    "july_end_use_district_cooling_eui": 0,
    "july_end_use_district_cooling_eui_units": "MJ/m2",
    "july_end_use_district_heating_eui": 0,
    "july_end_use_district_heating_eui_units": "MJ/m2",
    "july_end_use_electricity_eui": 46.74576935681443,
    "july_end_use_electricity_eui_units": "MJ/m2",
    "july_end_use_natural_gas_eui": 0.6349732018606065,
    "july_end_use_natural_gas_eui_units": "MJ/m2",
    "june_end_use_additional_fuel_eui": 0,
    "june_end_use_additional_fuel_eui_units": "MJ/m2",
    "june_end_use_district_cooling_eui": 0,
    "june_end_use_district_cooling_eui_units": "MJ/m2",
    "june_end_use_district_heating_eui": 0,
    "june_end_use_district_heating_eui_units": "MJ/m2",
    "june_end_use_electricity_eui": 45.98056622160699,
    "june_end_use_electricity_eui_units": "MJ/m2",
    "june_end_use_natural_gas_eui": 0.4966194146075658,
    "june_end_use_natural_gas_eui_units": "MJ/m2",
    "latitude": 39.83,
    "latitude_units": "deg",
    "life_cycle_cost": 9622331.25,
    "life_cycle_cost_units": "dollars",
    "lighting_power": 346759.402560744,
    "lighting_power_density": 7.486109033780679,
    "lighting_power_density_units": "W/m2",
    "lighting_power_units": "W",
    "longitude": -104.7,
    "longitude_units": "deg",
    "march_end_use_additional_fuel_eui": 0,
    "march_end_use_additional_fuel_eui_units": "MJ/m2",
    "march_end_use_district_cooling_eui": 0,
    "march_end_use_district_cooling_eui_units": "MJ/m2",
    "march_end_use_district_heating_eui": 0,
    "march_end_use_district_heating_eui_units": "MJ/m2",
    "march_end_use_electricity_eui": 31.883412873555873,
    "march_end_use_electricity_eui_units": "MJ/m2",
    "march_end_use_natural_gas_eui": 20.772174148830384,
    "march_end_use_natural_gas_eui_units": "MJ/m2",
    "may_end_use_additional_fuel_eui": 0,
    "may_end_use_additional_fuel_eui_units": "MJ/m2",
    "may_end_use_district_cooling_eui": 0,
    "may_end_use_district_cooling_eui_units": "MJ/m2",
    "may_end_use_district_heating_eui": 0,
    "may_end_use_district_heating_eui_units": "MJ/m2",
    "may_end_use_electricity_eui": 42.31780266051358,
    "may_end_use_electricity_eui_units": "MJ/m2",
    "may_end_use_natural_gas_eui": 4.749421313037587,
    "may_end_use_natural_gas_eui_units": "MJ/m2",
    "natural_gas_cooling_eui": 0,
    "natural_gas_cooling_eui_units": "MJ/m2",
    "natural_gas_exterior_equipment_eui": 0,
    "natural_gas_exterior_equipment_eui_units": "MJ/m2",
    "natural_gas_exterior_lighting_eui": 0,
    "natural_gas_exterior_lighting_eui_units": "MJ/m2",
    "natural_gas_fans_eui": 0,
    "natural_gas_fans_eui_units": "MJ/m2",
    "natural_gas_generators_eui": 0,
    "natural_gas_generators_eui_units": "MJ/m2",
    "natural_gas_heat_recovery_eui": 0,
    "natural_gas_heat_recovery_eui_units": "MJ/m2",
    "natural_gas_heat_rejection_eui": 0,
    "natural_gas_heat_rejection_eui_units": "MJ/m2",
    "natural_gas_heating_eui": 215.0347212177448,
    "natural_gas_heating_eui_units": "MJ/m2",
    "natural_gas_humidification_eui": 0,
    "natural_gas_humidification_eui_units": "MJ/m2",
    "natural_gas_interior_equipment_eui": 0,
    "natural_gas_interior_equipment_eui_units": "MJ/m2",
    "natural_gas_interior_lighting_eui": 0,
    "natural_gas_interior_lighting_eui_units": "MJ/m2",
    "natural_gas_pumps_eui": 0,
    "natural_gas_pumps_eui_units": "MJ/m2",
    "natural_gas_refrigeration_eui": 0,
    "natural_gas_refrigeration_eui_units": "MJ/m2",
    "natural_gas_water_systems_eui": 0,
    "natural_gas_water_systems_eui_units": "MJ/m2",
    "november_end_use_additional_fuel_eui": 0,
    "november_end_use_additional_fuel_eui_units": "MJ/m2",
    "november_end_use_district_cooling_eui": 0,
    "november_end_use_district_cooling_eui_units": "MJ/m2",
    "november_end_use_district_heating_eui": 0,
    "november_end_use_district_heating_eui_units": "MJ/m2",
    "november_end_use_electricity_eui": 28.517477620002254,
    "november_end_use_electricity_eui_units": "MJ/m2",
    "november_end_use_natural_gas_eui": 32.05370940393839,
    "november_end_use_natural_gas_eui_units": "MJ/m2",
    "number_of_floors": "",
    "number_of_floors_display_name": "NIL",
    "occupant_density": 0.04967960792853422,
    "occupant_density_units": "people/m2",
    "october_end_use_additional_fuel_eui": 0,
    "october_end_use_additional_fuel_eui_units": "MJ/m2",
    "october_end_use_district_cooling_eui": 0,
    "october_end_use_district_cooling_eui_units": "MJ/m2",
    "october_end_use_district_heating_eui": 0,
    "october_end_use_district_heating_eui_units": "MJ/m2",
    "october_end_use_electricity_eui": 34.879208676612755,
    "october_end_use_electricity_eui_units": "MJ/m2",
    "october_end_use_natural_gas_eui": 11.791246099449097,
    "october_end_use_natural_gas_eui_units": "MJ/m2",
    "orientation": 331.412034641951,
    "orientation_units": "deg",
    "output_format": "CSV",
    "september_end_use_additional_fuel_eui": 0,
    "september_end_use_additional_fuel_eui_units": "MJ/m2",
    "september_end_use_district_cooling_eui": 0,
    "september_end_use_district_cooling_eui_units": "MJ/m2",
    "september_end_use_district_heating_eui": 0,
    "september_end_use_district_heating_eui_units": "MJ/m2",
    "september_end_use_electricity_eui": 43.15753670414621,
    "september_end_use_electricity_eui_units": "MJ/m2",
    "september_end_use_natural_gas_eui": 1.7978479451161669,
    "september_end_use_natural_gas_eui_units": "MJ/m2",
    "site_energy_use": 29954.989999999998,
    "site_energy_use_units": "GJ",
    "source": "Dencity Reports",
    "time_setpoint_not_met_during_occupied_cooling": 0,
    "time_setpoint_not_met_during_occupied_cooling_units": "hr",
    "time_setpoint_not_met_during_occupied_heating": 50.5,
    "time_setpoint_not_met_during_occupied_heating_units": "hr",
    "time_setpoint_not_met_during_occupied_hours": 50.5,
    "time_setpoint_not_met_during_occupied_hours_units": "hr",
    "total_additional_fuel_end_use": 0,
    "total_additional_fuel_end_use_units": "GJ",
    "total_district_cooling_end_use": 0,
    "total_district_cooling_end_use_units": "GJ",
    "total_district_heating_end_use": 0,
    "total_district_heating_end_use_units": "GJ",
    "total_electricity_end_use": 19994.499999999996,
    "total_electricity_end_use_units": "GJ",
    "total_natural_gas_end_use": 9960.49,
    "total_natural_gas_end_use_units": "GJ",
    "total_occupancy": 2301.178233848207,
    "total_occupancy_units": "people",
    "total_site_eui": 646.69,
    "total_site_eui_units": "MJ/m2",
    "total_source_eui": 1600.15,
    "total_source_eui_units": "MJ/m2",
    "total_water_end_use": 0,
    "total_water_end_use_units": "m3",
    "unconditioned_area": 0,
    "unconditioned_area_units": "m2",
    "water_cooling_eui": 0,
    "water_cooling_eui_units": "m",
    "water_exterior_equipment_eui": 0,
    "water_exterior_equipment_eui_units": "m",
    "water_exterior_lighting_eui": 0,
    "water_exterior_lighting_eui_units": "m",
    "water_fans_eui": 0,
    "water_fans_eui_units": "m",
    "water_generators_eui": 0,
    "water_generators_eui_units": "m",
    "water_heat_recovery_eui": 0,
    "water_heat_recovery_eui_units": "m",
    "water_heat_rejection_eui": 0,
    "water_heat_rejection_eui_units": "m",
    "water_heating_eui": 0,
    "water_heating_eui_units": "m",
    "water_humidification_eui": 0,
    "water_humidification_eui_units": "m",
    "water_interior_equipment_eui": 0,
    "water_interior_equipment_eui_units": "m",
    "water_interior_lighting_eui": 0,
    "water_interior_lighting_eui_units": "m",
    "water_pumps_eui": 0,
    "water_pumps_eui_units": "m",
    "water_refrigeration_eui": 0,
    "water_refrigeration_eui_units": "m",
    "water_water_systems_eui": 0,
    "water_water_systems_eui_units": "m",
    "weather_file": 0,
    "weather_file_units": "deg",
    "window_to_wall_ratio_east": 33,
    "window_to_wall_ratio_east_units": "%",
    "window_to_wall_ratio_north": 38.05,
    "window_to_wall_ratio_north_units": "%",
    "window_to_wall_ratio_south": 38.05,
    "window_to_wall_ratio_south_units": "%",
    "window_to_wall_ratio_west": 63.55,
    "window_to_wall_ratio_west_units": "%",
    "applicable": true
  }
}