{
  "additional_fuel_cooling_eui":0,
  "additional_fuel_exterior_equipment_eui":0,
  "additional_fuel_exterior_lighting_eui":0,
  "additional_fuel_fans_eui":0,
  "additional_fuel_generators_eui":0,
  "additional_fuel_heat_recovery_eui":0,
  "additional_fuel_heat_rejection_eui":0,
  "additional_fuel_heating_eui":0,
  "additional_fuel_humidification_eui":0,
  "additional_fuel_interior_equipment_eui":0,
  "additional_fuel_interior_lighting_eui":0,
  "additional_fuel_pumps_eui":0,
  "additional_fuel_refrigeration_eui":0,
  "additional_fuel_water_systems_eui":0,
  "april_end_use_additional_fuel_eui":0,
  "april_end_use_district_cooling_eui":0,
  "april_end_use_district_heating_eui":0,
  "april_end_use_electricity_eui":0.2970002620876599E2,
  "april_end_use_natural_gas_eui":0.23799243443166915E2,
  "aspect_ratio":1.5,
  "august_end_use_additional_fuel_eui":0,
  "august_end_use_district_cooling_eui":0,
  "august_end_use_district_heating_eui":0,
  "august_end_use_electricity_eui":0.4793976431108726E2,
  "august_end_use_natural_gas_eui":0.49177057701167387E0,
  "building_area":46320.38,
  "building_type":"",
  "building_type_display_name":"NIL",
  "conditioned_area":46320.38,
  "december_end_use_additional_fuel_eui":0,
  "december_end_use_district_cooling_eui":0,
  "december_end_use_district_heating_eui":0,
  "december_end_use_electricity_eui":0.2766794659283883E2,
  "december_end_use_natural_gas_eui":0.3781985380948947E2,
  "district_cooling_cooling_eui":0,
  "district_cooling_exterior_equipment_eui":0,
  "district_cooling_exterior_lighting_eui":0,
  "district_cooling_fans_eui":0,
  "district_cooling_generators_eui":0,
  "district_cooling_heat_recovery_eui":0,
  "district_cooling_heat_rejection_eui":0,
  "district_cooling_heating_eui":0,
  "district_cooling_humidification_eui":0,
  "district_cooling_interior_equipment_eui":0,
  "district_cooling_interior_lighting_eui":0,
  "district_cooling_pumps_eui":0,
  "district_cooling_refrigeration_eui":0,
  "district_cooling_water_systems_eui":0,
  "district_heating_cooling_eui":0,
  "district_heating_exterior_equipment_eui":0,
  "district_heating_exterior_lighting_eui":0,
  "district_heating_fans_eui":0,
  "district_heating_generators_eui":0,
  "district_heating_heat_recovery_eui":0,
  "district_heating_heat_rejection_eui":0,
  "district_heating_heating_eui":0,
  "district_heating_humidification_eui":0,
  "district_heating_interior_equipment_eui":0,
  "district_heating_interior_lighting_eui":0,
  "district_heating_pumps_eui":0,
  "district_heating_refrigeration_eui":0,
  "district_heating_water_systems_eui":0,
  "economizer_density":0,
  "electricity_cooling_eui":144.294584802629,
  "electricity_exterior_equipment_eui":0,
  "electricity_exterior_lighting_eui":0,
  "electricity_fans_eui":0.9707174250297602E1,
  "electricity_generators_eui":0,
  "electricity_heat_recovery_eui":0,
  "electricity_heat_rejection_eui":0,
  "electricity_heating_eui":0,
  "electricity_humidification_eui":0,
  "electricity_interior_equipment_eui":0.16942499176388452E3,
  "electricity_interior_lighting_eui":0.8691919194099876E2,
  "electricity_pumps_eui":0.2131070600025302E2,
  "electricity_refrigeration_eui":0,
  "electricity_water_systems_eui":0,
  "elevation":1650,
  "exterior_fenestration_area":0.12835984556818994E4,
  "exterior_roof_area":0.35631060243200004E4,
  "exterior_wall_area":0.1613785302078101E4,
  "february_end_use_additional_fuel_eui":0,
  "february_end_use_district_cooling_eui":0,
  "february_end_use_district_heating_eui":0,
  "february_end_use_electricity_eui":0.2498460936633076E2,
  "february_end_use_natural_gas_eui":39.3258863593088,
  "ground_contact_area":0.35631060243200004E4,
  "infiltration_rate":0.5297171452915552E0,
  "january_end_use_additional_fuel_eui":0,
  "january_end_use_district_cooling_eui":0,
  "january_end_use_district_heating_eui":0,
  "january_end_use_electricity_eui":0.2788218706323221E2,
  "january_end_use_natural_gas_eui":0.4130212230555967E2,
  "july_end_use_additional_fuel_eui":0,
  "july_end_use_district_cooling_eui":0,
  "july_end_use_district_heating_eui":0,
  "july_end_use_electricity_eui":0.4674576935681443E2,
  "july_end_use_natural_gas_eui":0.6349732018606065E0,
  "june_end_use_additional_fuel_eui":0,
  "june_end_use_district_cooling_eui":0,
  "june_end_use_district_heating_eui":0,
  "june_end_use_electricity_eui":0.4598056622160699E2,
  "june_end_use_natural_gas_eui":0.4966194146075658E0,
  "latitude":39.83,
  "life_cycle_cost":9622331.25,
  "lighting_power":346759.402560744,
  "lighting_power_density":0.7486109033780679E1,
  "longitude":-104.7,
  "march_end_use_additional_fuel_eui":0,
  "march_end_use_district_cooling_eui":0,
  "march_end_use_district_heating_eui":0,
  "march_end_use_electricity_eui":0.31883412873555873E2,
  "march_end_use_natural_gas_eui":0.20772174148830384E2,
  "may_end_use_additional_fuel_eui":0,
  "may_end_use_district_cooling_eui":0,
  "may_end_use_district_heating_eui":0,
  "may_end_use_electricity_eui":0.4231780266051358E2,
  "may_end_use_natural_gas_eui":0.4749421313037587E1,
  "natural_gas_cooling_eui":0,
  "natural_gas_exterior_equipment_eui":0,
  "natural_gas_exterior_lighting_eui":0,
  "natural_gas_fans_eui":0,
  "natural_gas_generators_eui":0,
  "natural_gas_heat_recovery_eui":0,
  "natural_gas_heat_rejection_eui":0,
  "natural_gas_heating_eui":0.2150347212177448E3,
  "natural_gas_humidification_eui":0,
  "natural_gas_interior_equipment_eui":0,
  "natural_gas_interior_lighting_eui":0,
  "natural_gas_pumps_eui":0,
  "natural_gas_refrigeration_eui":0,
  "natural_gas_water_systems_eui":0,
  "november_end_use_additional_fuel_eui":0,
  "november_end_use_district_cooling_eui":0,
  "november_end_use_district_heating_eui":0,
  "november_end_use_electricity_eui":0.28517477620002254E2,
  "november_end_use_natural_gas_eui":0.3205370940393839E2,
  "number_of_floors":"",
  "number_of_floors_display_name":"NIL",
  "occupant_density":0.4967960792853422E-1,
  "october_end_use_additional_fuel_eui":0,
  "october_end_use_district_cooling_eui":0,
  "october_end_use_district_heating_eui":0,
  "october_end_use_electricity_eui":0.34879208676612755E2,
  "october_end_use_natural_gas_eui":0.11791246099449097E2,
  "orientation":331.412034641951,
  "output_format":"CSV",
  "september_end_use_additional_fuel_eui":0,
  "september_end_use_district_cooling_eui":0,
  "september_end_use_district_heating_eui":0,
  "september_end_use_electricity_eui":0.4315753670414621E2,
  "september_end_use_natural_gas_eui":0.17978479451161669E1,
  "site_energy_use":0.29954989999999998E5,
  "source":"Dencity Reports",
  "time_setpoint_not_met_during_occupied_cooling":0,
  "time_setpoint_not_met_during_occupied_heating":50.5,
  "time_setpoint_not_met_during_occupied_hours":50.5,
  "total_additional_fuel_end_use":0,
  "total_district_cooling_end_use":0,
  "total_district_heating_end_use":0,
  "total_electricity_end_use":0.19994499999999996E5,
  "total_natural_gas_end_use":9960.49,
  "total_occupancy":0.2301178233848207E4,
  "total_site_eui":646.69,
  "total_source_eui":1600.15,
  "total_water_end_use":0,
  "unconditioned_area":0,
  "water_cooling_eui":0,
  "water_exterior_equipment_eui":0,
  "water_exterior_lighting_eui":0,
  "water_fans_eui":0,
  "water_generators_eui":0,
  "water_heat_recovery_eui":0,
  "water_heat_rejection_eui":0,
  "water_heating_eui":0,
  "water_humidification_eui":0,
  "water_interior_equipment_eui":0,
  "water_interior_lighting_eui":0,
  "water_pumps_eui":0,
  "water_refrigeration_eui":0,
  "water_water_systems_eui":0,
  "weather_file":0,
  "window_to_wall_ratio_east":33,
  "window_to_wall_ratio_north":38.05,
  "window_to_wall_ratio_south":38.05,
  "window_to_wall_ratio_west":63.55,
  "applicable":true
}
