{
  "classname": "ProcessConstructionsInteriorUninsulatedWalls",
  "name": "process_constructions_interior_uninsulated_walls",
  "display_name": "Process Constructions Interior Uninsulated Walls",
  "measure_type": "RubyMeasure",
  "arguments": [
    {
      "local_variable": "# selected_partitionwallmass",
      "variable_type": "Choice",
      "name": "selectedpartitionwallmass",
      "display_name": "Partition wall massFor manually entering partition wall mass properties, leave blank",
      "units": null,
      "description": null,
      "choices": [

      ]
    },
    {
      "local_variable": "userdefined_partitionwallmassth",
      "variable_type": "Double",
      "name": "userdefinedpartitionwallmassth",
      "display_name": "Partition wall mass thickness",
      "units": null,
      "description": null,
      "default_value": 0.5
    },
    {
      "local_variable": "userdefined_partitionwallmasscond",
      "variable_type": "Double",
      "name": "userdefinedpartitionwallmasscond",
      "display_name": "Partition wall mass conductivity",
      "units": null,
      "description": null,
      "default_value": 1.1112
    },
    {
      "local_variable": "userdefined_partitionwallmassdens",
      "variable_type": "Double",
      "name": "userdefinedpartitionwallmassdens",
      "display_name": "Partition wall mass density",
      "units": null,
      "description": null,
      "default_value": 50.0
    },
    {
      "local_variable": "userdefined_partitionwallmasssh",
      "variable_type": "Double",
      "name": "userdefinedpartitionwallmasssh",
      "display_name": "Partition wall mass specific heat",
      "units": null,
      "description": null,
      "default_value": 0.2
    }
  ],
  "name_xml": "process_constructions_interior_uninsulated_walls",
  "uid": "077812cf-b013-4103-8cdb-77eb05549d35",
  "version_id": "5818fd3a-21e6-48fc-918b-afbcbb7b74a4",
  "modeler_description": "",
  "description": "This measure is incomplete, but it should create constructions for interior partition walls.",
  "tags": [
    "Envelope.Opaque"
  ]
}