{
  "classname": "AddOSWaterHeaterMixedStorageElectric",
  "name": "add_os_water_heater_mixed_storage_electric",
  "display_name": "Add Os Water Heater Mixed Storage Electric",
  "measure_type": "RubyMeasure",
  "arguments": [

  ],
  "name_xml": "add_os_water_heater_mixed_storage_electric",
  "uid": "cfbe1e78-78db-4902-aba3-95d23310802e",
  "version_id": "b7e61901-fd46-408a-ba1d-a7a88e7b9c17",
  "modeler_description": "The measure will create a new instance of the OS:WaterHeater:Mixed object. The object will either create a new plant loop, or be assigned to an existing plant loop. The object will be configured be to use the user arguments. The EIO file reports the industry standard ratings of Recovery Efficiency and Energy Factor for water heater objects.",
  "description": "This measure adds an OS:WaterHeater:Mixed object representing an Electric Storage Water Heater. Users will be asked to provide \r\r\r\r\r\n1) Plant Loop Assignment\r\r\r\r\r\n2) Tank Volume\r\r\r\r\r\n3) Energy Factor\r\r\r\r\r\n4) Tank Location\r\r\r\r\r\n5) SHW Setpoint\r\r\r\r\r\n6) Deadband Temperature",
  "tags": [
    "Service Water Heating.Water Heating"
  ]
}