{
  "classname": "ProcessConstructionsInteriorInsulatedFloors",
  "name": "process_constructions_interior_insulated_floors",
  "display_name": "Process Constructions Interior Insulated Floors",
  "measure_type": "RubyMeasure",
  "arguments": [
    {
      "local_variable": "selected_living",
      "variable_type": "Choice",
      "name": "selectedliving",
      "display_name": "Of what space type is the living space",
      "units": null,
      "description": null,
      "choices": [

      ]
    },
    {
      "local_variable": "selected_garage",
      "variable_type": "Choice",
      "name": "selectedgarage",
      "display_name": "Of what space type is the garage",
      "units": null,
      "description": null,
      "choices": [

      ]
    },
    {
      "local_variable": "userdefined_instcavr",
      "variable_type": "Double",
      "name": "userdefinedinstcavr",
      "display_name": "R-value of cavity insulation",
      "units": null,
      "description": null
    },
    {
      "local_variable": "userdefined_floorff",
      "variable_type": "Double",
      "name": "userdefinedfloorff",
      "display_name": "Interzonal floor framing factor",
      "units": null,
      "description": null,
      "default_value": 0.13
    },
    {
      "local_variable": "# selected_floormass",
      "variable_type": "Choice",
      "name": "selectedfloormass",
      "display_name": "Floor massFor manually entering floor mass properties, leave blank",
      "units": null,
      "description": null,
      "choices": [

      ]
    },
    {
      "local_variable": "userdefined_floormassth",
      "variable_type": "Double",
      "name": "userdefinedfloormassth",
      "display_name": "Floor mass thickness",
      "units": null,
      "description": null,
      "default_value": 0.625
    },
    {
      "local_variable": "userdefined_floormasscond",
      "variable_type": "Double",
      "name": "userdefinedfloormasscond",
      "display_name": "Floor mass conductivity",
      "units": null,
      "description": null,
      "default_value": 0.8004
    },
    {
      "local_variable": "userdefined_floormassdens",
      "variable_type": "Double",
      "name": "userdefinedfloormassdens",
      "display_name": "Floor mass density",
      "units": null,
      "description": null,
      "default_value": 34.0
    },
    {
      "local_variable": "userdefined_floormasssh",
      "variable_type": "Double",
      "name": "userdefinedfloormasssh",
      "display_name": "Floor mass specific heat",
      "units": null,
      "description": null,
      "default_value": 0.29
    },
    {
      "local_variable": "# selected_carpet",
      "variable_type": "Choice",
      "name": "selectedcarpet",
      "display_name": "CarpetFor manually entering carpet properties, leave blank",
      "units": null,
      "description": null,
      "choices": [

      ]
    },
    {
      "local_variable": "userdefined_carpetr",
      "variable_type": "Double",
      "name": "userdefinedcarpetr",
      "display_name": "Carpet pad R-value",
      "units": null,
      "description": null,
      "default_value": 2.08
    },
    {
      "local_variable": "userdefined_carpetfrac",
      "variable_type": "Double",
      "name": "userdefinedcarpetfrac",
      "display_name": "Carpet floor fraction",
      "units": null,
      "description": null,
      "default_value": 0.8
    }
  ],
  "name_xml": "process_constructions_interior_insulated_floors",
  "uid": "65e577ab-327e-4afa-af30-0f6b4e6b1ebf",
  "version_id": "147c6084-62c0-4388-a016-383489e29c77",
  "modeler_description": "Calculates material layer properties of insulated constructions for the interzonal floors between the living space and the garage. Finds surfaces adjacent to the living space and garage and sets applicable constructions.",
  "description": "This measure creates insulated constructions for the interzonal floors between the living space and the garage.",
  "tags": [
    "Envelope.Opaque"
  ]
}