{
  "classname": "ProcessConstructionsSlab",
  "name": "process_constructions_slab",
  "display_name": "Process Constructions Slab",
  "measure_type": "RubyMeasure",
  "arguments": [
    {
      "local_variable": "selected_living",
      "variable_type": "Choice",
      "name": "selectedliving",
      "display_name": "Of what space type is the living space",
      "units": null,
      "description": null,
      "choices": [

      ]
    },
    {
      "local_variable": "selected_slabins",
      "variable_type": "Choice",
      "name": "selectedslabins",
      "display_name": "Slab insulation type",
      "units": null,
      "description": null,
      "choices": [
        "Uninsulated",
        "Perimeter",
        "Exterior",
        "Whole Slab"
      ]
    },
    {
      "local_variable": "# selected_slabperiext",
      "variable_type": "Choice",
      "name": "selectedslabperiext",
      "display_name": "Slab perimeter or exterior insulationFor manually entering slab perimeter or exterior insulation properties, leave blank",
      "units": null,
      "description": null,
      "choices": [

      ]
    },
    {
      "local_variable": "userdefined_slabperiextr",
      "variable_type": "Double",
      "name": "userdefinedslabperiextr",
      "display_name": "Slab perimeter insulation R-value or exterior insulation R-value",
      "units": null,
      "description": null
    },
    {
      "local_variable": "userdefined_slabperiextwidthdepth",
      "variable_type": "Double",
      "name": "userdefinedslabperiextwidthdepth",
      "display_name": "Slab perimeter insulation width or exterior insulation depth",
      "units": null,
      "description": null
    },
    {
      "local_variable": "# selected_slabgap",
      "variable_type": "Choice",
      "name": "selectedslabgap",
      "display_name": "Perimeter or whole slab gapFor manually entering slab gap properties, leave blank",
      "units": null,
      "description": null,
      "choices": [

      ]
    },
    {
      "local_variable": "userdefined_slabgapr",
      "variable_type": "Double",
      "name": "userdefinedslabgapr",
      "display_name": "Perimeter gap R-value or whole slab gap R-value",
      "units": null,
      "description": null
    },
    {
      "local_variable": "userdefined_slabwholer",
      "variable_type": "Double",
      "name": "userdefinedslabwholer",
      "display_name": "Whole slab insulation R-value",
      "units": null,
      "description": null
    },
    {
      "local_variable": "# selected_carpet",
      "variable_type": "Choice",
      "name": "selectedcarpet",
      "display_name": "CarpetFor manually entering carpet properties, leave blank",
      "units": null,
      "description": null,
      "choices": [

      ]
    },
    {
      "local_variable": "userdefined_carpetr",
      "variable_type": "Double",
      "name": "userdefinedcarpetr",
      "display_name": "Carpet pad R-value",
      "units": null,
      "description": null,
      "default_value": 2.08
    },
    {
      "local_variable": "userdefined_carpetfrac",
      "variable_type": "Double",
      "name": "userdefinedcarpetfrac",
      "display_name": "Carpet floor fraction",
      "units": null,
      "description": null,
      "default_value": 0.8
    },
    {
      "local_variable": "userdefinedslabarea",
      "variable_type": "Double",
      "name": "userdefinedslabarea",
      "display_name": "Area of the slab foundation",
      "units": null,
      "description": null,
      "default_value": 1200.0
    },
    {
      "local_variable": "userdefinedslabextperim",
      "variable_type": "Double",
      "name": "userdefinedslabextperim",
      "display_name": "Perimeter of the slab foundation",
      "units": null,
      "description": null,
      "default_value": 140.0
    }
  ],
  "name_xml": "process_constructions_slab",
  "uid": "4fd36916-5b69-43d2-a7bb-e7fad34508db",
  "version_id": "ee25af34-7715-46de-9f33-0867c60bc25d",
  "modeler_description": "Calculates material layer properties of slab constructions for the living space floor. Finds surfaces adjacent to the living space and sets applicable constructions.",
  "description": "This measure creates slab constructions for the living space floor.",
  "tags": [
    "Envelope.Opaque"
  ]
}