{
  "classname": "ProcessConstructionsCrawlspace",
  "name": "process_constructions_crawlspace",
  "display_name": "Process Constructions Crawlspace",
  "measure_type": "RubyMeasure",
  "arguments": [
    {
      "local_variable": "selected_living",
      "variable_type": "Choice",
      "name": "selectedliving",
      "display_name": "Of what space type is the living space",
      "units": null,
      "description": null,
      "choices": [

      ]
    },
    {
      "local_variable": "selected_crawlspace",
      "variable_type": "Choice",
      "name": "selectedcrawlspace",
      "display_name": "Of what space type is the crawlspace",
      "units": null,
      "description": null,
      "choices": [

      ]
    },
    {
      "local_variable": "selected_csins",
      "variable_type": "Choice",
      "name": "selectedcsins",
      "display_name": "Crawlspace insulation type",
      "units": null,
      "description": null,
      "choices": [
        "Uninsulated",
        "Wall",
        "Ceiling"
      ]
    },
    {
      "local_variable": "# selected_cswallceil",
      "variable_type": "Choice",
      "name": "selectedcswallceil",
      "display_name": "Crawlspace wall or ceiling insulationFor manually entering crawlspace wall or ceiling insulation properties, leave blank",
      "units": null,
      "description": null,
      "choices": [

      ]
    },
    {
      "local_variable": "userdefined_cswallceilr",
      "variable_type": "Double",
      "name": "userdefinedcswallceilr",
      "display_name": "Crawlspace wall continuous insulation or ceiling cavity insulation R-value",
      "units": null,
      "description": null,
      "default_value": 0.0
    },
    {
      "local_variable": "selected_csceiljoistheight",
      "variable_type": "Choice",
      "name": "selectedcsceiljoistheight",
      "display_name": "Crawlspace ceiling joist height",
      "units": null,
      "description": null,
      "choices": [
        "9.25"
      ]
    },
    {
      "local_variable": "userdefined_csceilff",
      "variable_type": "Double",
      "name": "userdefinedcsceilff",
      "display_name": "Crawlspace ceiling framing factor",
      "units": null,
      "description": null,
      "default_value": 0.13
    },
    {
      "local_variable": "# selected_csrimjoist",
      "variable_type": "Choice",
      "name": "selectedcsrimjoist",
      "display_name": "Crawlspace rim joist insulationApplies only to crawlspace with wall insulationFor crawlspace with ceiling insulation, rim joist insulation assumes ceiling cavity insulationFor manually entering crawlspace rim joist insulation properties, leave blank",
      "units": null,
      "description": null,
      "choices": [

      ]
    },
    {
      "local_variable": "userdefined_csrimjoistr",
      "variable_type": "Double",
      "name": "userdefinedcsrimjoistr",
      "display_name": "Crawlspace rim joist insulation R-value",
      "units": null,
      "description": null,
      "default_value": 0.0
    },
    {
      "local_variable": "# selected_floormass",
      "variable_type": "Choice",
      "name": "selectedfloormass",
      "display_name": "Floor massFor manually entering floor mass properties, leave blank",
      "units": null,
      "description": null,
      "choices": [

      ]
    },
    {
      "local_variable": "userdefined_floormassth",
      "variable_type": "Double",
      "name": "userdefinedfloormassth",
      "display_name": "Floor mass thickness",
      "units": null,
      "description": null,
      "default_value": 0.625
    },
    {
      "local_variable": "userdefined_floormasscond",
      "variable_type": "Double",
      "name": "userdefinedfloormasscond",
      "display_name": "Floor mass conductivity",
      "units": null,
      "description": null,
      "default_value": 0.8004
    },
    {
      "local_variable": "userdefined_floormassdens",
      "variable_type": "Double",
      "name": "userdefinedfloormassdens",
      "display_name": "Floor mass density",
      "units": null,
      "description": null,
      "default_value": 34.0
    },
    {
      "local_variable": "userdefined_floormasssh",
      "variable_type": "Double",
      "name": "userdefinedfloormasssh",
      "display_name": "Floor mass specific heat",
      "units": null,
      "description": null,
      "default_value": 0.29
    },
    {
      "local_variable": "# selected_carpet",
      "variable_type": "Choice",
      "name": "selectedcarpet",
      "display_name": "CarpetFor manually entering carpet properties, leave blank",
      "units": null,
      "description": null,
      "choices": [

      ]
    },
    {
      "local_variable": "userdefined_carpetr",
      "variable_type": "Double",
      "name": "userdefinedcarpetr",
      "display_name": "Carpet pad R-value",
      "units": null,
      "description": null,
      "default_value": 2.08
    },
    {
      "local_variable": "userdefined_carpetfrac",
      "variable_type": "Double",
      "name": "userdefinedcarpetfrac",
      "display_name": "Carpet floor fraction",
      "units": null,
      "description": null,
      "default_value": 0.8
    },
    {
      "local_variable": "userdefinedcsheight",
      "variable_type": "Double",
      "name": "userdefinedcsheight",
      "display_name": "Height of the crawlspace",
      "units": null,
      "description": null,
      "default_value": 4.0
    },
    {
      "local_variable": "userdefinedcsextperim",
      "variable_type": "Double",
      "name": "userdefinedcsextperim",
      "display_name": "Perimeter of the crawlspace",
      "units": null,
      "description": null,
      "default_value": 140.0
    },
    {
      "local_variable": "userdefinedcswallarea",
      "variable_type": "Double",
      "name": "userdefinedcswallarea",
      "display_name": "Wall area of the crawlspace",
      "units": null,
      "description": null,
      "default_value": 560.0
    }
  ],
  "name_xml": "process_constructions_crawlspace",
  "uid": "c30a490e-4ff6-4fe9-88ae-a949421a287d",
  "version_id": "1493975b-fc06-4e67-80a8-a40c94e15df8",
  "modeler_description": "Calculates material layer properties of constructions for the crawlspace ceiling, walls, floor, and rim joists. Finds surfaces adjacent to the crawlspace and sets applicable constructions.",
  "description": "This measure creates constructions for the crawlspace ceiling, walls, floor, and rim joists.",
  "tags": [
    "Envelope.Opaque"
  ]
}