<measure>
  <schema_version>3.0</schema_version>
  <name>add_os_water_heater_mixed_tankless_gas</name>
  <uid>caf92375-4c0c-47d1-9fe1-7aa5d3b1a734</uid>
  <version_id>b99a5280-4f62-4b41-bb00-c1e38e9d8475</version_id>
  <xml_checksum>9882CBDB</xml_checksum>
  <class_name>AddOSWaterHeaterMixedTanklessGas</class_name>
  <display_name>AddOSWaterHeaterMixedTanklessGas</display_name>
  <description>This measure adds an OS:WaterHeater:Mixed object representing an Gas Tankless Water Heater. Users will be asked to provide 6 inputs: 1) Plant Loop Assignment; 2)Rated  Energy Factor; 3) SHW Setpoint; 4) Water Heater Capacity; 5) Water Heater Location; 6) Derate for cycling inefficiencies; 7) Fuel Type</description>
  <modeler_description>The measure will create a new instance of the OS:WaterHeater:Mixed object. The measure will either create a new plant loop, or be assigned to an existing plant loop. The object will be configured be to use the user arguments. The EIO file (generated upon sucessful simulation) can be viewed to compare the industry standard ratings of Recovery Efficiency and Energy Factor for water heater objects as compared to the user input values for these ratings. Tankless water heaters are assumed to have 1 gallon of storage (0.00379 m^3).</modeler_description>
  <arguments>
    <argument>
      <name>existing_plant_loop_name</name>
      <display_name>Plant Loop to assign Water heater as a Supply Equipment</display_name>
      <type>Choice</type>
      <required>true</required>
      <model_dependent>false</model_dependent>
      <choices>
        <choice>
          <value>New Plant Loop</value>
          <display_name>New Plant Loop</display_name>
        </choice>
      </choices>
    </argument>
    <argument>
      <name>rated_energy_factor</name>
      <display_name>Rated Energy Factor of Gas Tankless Water Heater. This field is ignored for NCTH and B10 protocols.</display_name>
      <type>Double</type>
      <required>true</required>
      <model_dependent>false</model_dependent>
    </argument>
    <argument>
      <name>shw_setpoint_temperature</name>
      <display_name>Hot Water Temperature Setpoint</display_name>
      <type>Double</type>
      <required>true</required>
      <model_dependent>false</model_dependent>
    </argument>
    <argument>
      <name>water_heater_location</name>
      <display_name>Thermal Zone where the Gas Tankless Water Heater is located</display_name>
      <type>Choice</type>
      <required>true</required>
      <model_dependent>false</model_dependent>
    </argument>
    <argument>
      <name>water_heater_capacity</name>
      <display_name>The nominal capacity [kBtu/hr] of the gas storage water heater. Set to 0 to have this field autosized.</display_name>
      <type>Double</type>
      <required>true</required>
      <model_dependent>false</model_dependent>
    </argument>
    <argument>
      <name>derate_for_cycling_inefficiencies</name>
      <display_name>Annual Energy Derate for Cycling Inefficiencies - this factor accounts for the small water draws on the heat exchanger that are not currently reflected in the DOE Energy Factor test procedure. CEC 2008 Title 24 implemented an 8% derate for tankless water heaters.</display_name>
      <type>Double</type>
      <required>true</required>
      <model_dependent>false</model_dependent>
    </argument>
    <argument>
      <name>fuel_type</name>
      <display_name>Type of Fuel Used for Heating</display_name>
      <type>Choice</type>
      <required>true</required>
      <model_dependent>false</model_dependent>
      <choices>
        <choice>
          <value>Natural Gas</value>
          <display_name>Natural Gas</display_name>
        </choice>
        <choice>
          <value>Propane Gas</value>
          <display_name>Propane Gas</display_name>
        </choice>
      </choices>
    </argument>
  </arguments>
  <provenances/>
  <tags>
    <tag>Service Water Heating.Water Heating</tag>
  </tags>
  <attributes>
    <attribute>
      <name>Measure Type</name>
      <value>ModelMeasure</value>
      <datatype>string</datatype>
    </attribute>
    <attribute>
      <name>Uses SketchUp API</name>
      <value>false</value>
      <datatype>boolean</datatype>
    </attribute>
  </attributes>
  <files>
    <file>
      <filename>AddOSWaterHeaterMixedTanklessGas_Test.rb</filename>
      <filetype>rb</filetype>
      <usage_type>test</usage_type>
      <checksum>62EF04AD</checksum>
    </file>
    <file>
      <filename>ba_protocol_table_8_page_13.rb</filename>
      <filetype>rb</filetype>
      <usage_type>resource</usage_type>
      <checksum>61747C72</checksum>
    </file>
    <file>
      <version>
        <software_program>OpenStudio</software_program>
        <identifier>1.4.1</identifier>
        <min_compatible>1.4.1</min_compatible>
      </version>
      <filename>measure.rb</filename>
      <filetype>rb</filetype>
      <usage_type>script</usage_type>
      <checksum>6B608A0C</checksum>
    </file>
    <file>
      <filename>constants.rb</filename>
      <filetype>rb</filetype>
      <usage_type>resource</usage_type>
      <checksum>3E621BBD</checksum>
    </file>
  </files>
</measure>
