<measure>
  <schema_version>3.0</schema_version>
  <name>process_ground_temperature</name>
  <uid>4a3a96e7-00ea-4b61-9433-3d6fc3395a62</uid>
  <version_id>0e72aa1d-c2cc-4c55-b1ae-7768a9a33006</version_id>
  <version_modified>20160516T194354Z</version_modified>
  <xml_checksum>3BE1CF9C</xml_checksum>
  <class_name>ProcessGroundTemperature</class_name>
  <display_name>Set Residential Ground Temperatures</display_name>
  <description>This measure calculates ground temperatures using weather data.</description>
  <modeler_description>This measure writes monthly ground temperatures to the EnergyPlus objects Site:GroundTemperature:BuildingSurface and Site:GroundTemperature:Deep.</modeler_description>
  <arguments/>
  <provenances/>
  <tags>
    <tag>Envelope.Form</tag>
  </tags>
  <attributes>
    <attribute>
      <name>Measure Type</name>
      <value>EnergyPlusMeasure</value>
      <datatype>string</datatype>
    </attribute>
    <attribute>
      <name>Uses SketchUp API</name>
      <value>false</value>
      <datatype>boolean</datatype>
    </attribute>
  </attributes>
  <files>
    <file>
      <filename>ProcessGroundTemperature_Test.rb</filename>
      <filetype>rb</filetype>
      <usage_type>test</usage_type>
      <checksum>4EE9ECE3</checksum>
    </file>
    <file>
      <version>
        <software_program>OpenStudio</software_program>
        <identifier>1.4.0</identifier>
        <min_compatible>1.4.0</min_compatible>
      </version>
      <filename>measure.rb</filename>
      <filetype>rb</filetype>
      <usage_type>script</usage_type>
      <checksum>FBAA3C35</checksum>
    </file>
    <file>
      <filename>unit_conversions.rb</filename>
      <filetype>rb</filetype>
      <usage_type>resource</usage_type>
      <checksum>DCBEF242</checksum>
    </file>
    <file>
      <filename>psychrometrics.rb</filename>
      <filetype>rb</filetype>
      <usage_type>resource</usage_type>
      <checksum>640596F1</checksum>
    </file>
    <file>
      <filename>weather.rb</filename>
      <filetype>rb</filetype>
      <usage_type>resource</usage_type>
      <checksum>08929059</checksum>
    </file>
    <file>
      <filename>util.rb</filename>
      <filetype>rb</filetype>
      <usage_type>resource</usage_type>
      <checksum>D4E9327D</checksum>
    </file>
    <file>
      <filename>constants.rb</filename>
      <filetype>rb</filetype>
      <usage_type>resource</usage_type>
      <checksum>A31A08D6</checksum>
    </file>
  </files>
</measure>
