<measure>
  <schema_version>3.0</schema_version>
  <name>process_constructions_walls_exterior_thermal_mass</name>
  <uid>b2da04af-0f9f-4a30-b2a0-cc2dbc20d5aa</uid>
  <version_id>7ed75468-4972-4fd8-bb3c-ac74bc3c42f8</version_id>
  <version_modified>20160524T202900Z</version_modified>
  <xml_checksum>5091078B</xml_checksum>
  <class_name>ProcessConstructionsWallsExteriorThermalMass</class_name>
  <display_name>Set Residential Walls - Exterior Thermal Mass</display_name>
  <description>This measure assigns wall mass to above-grade exterior walls adjacent to finished space.</description>
  <modeler_description>Assigns material layer properties for above-grade walls between finished space and outside.</modeler_description>
  <arguments>
    <argument>
      <name>thick_in1</name>
      <display_name>Thickness 1</display_name>
      <description>Thickness of the layer.</description>
      <type>Double</type>
      <units>in</units>
      <required>true</required>
      <model_dependent>false</model_dependent>
      <default_value>0.5</default_value>
    </argument>
    <argument>
      <name>thick_in2</name>
      <display_name>Thickness 2</display_name>
      <description>Thickness of the second layer. Leave blank if no second layer.</description>
      <type>Double</type>
      <units>in</units>
      <required>false</required>
      <model_dependent>false</model_dependent>
    </argument>
    <argument>
      <name>cond1</name>
      <display_name>Conductivity 1</display_name>
      <description>Conductivity of the layer.</description>
      <type>Double</type>
      <units>Btu-in/h-ft^2-R</units>
      <required>true</required>
      <model_dependent>false</model_dependent>
      <default_value>1.1112</default_value>
    </argument>
    <argument>
      <name>cond2</name>
      <display_name>Conductivity 2</display_name>
      <description>Conductivity of the second layer. Leave blank if no second layer.</description>
      <type>Double</type>
      <units>Btu-in/h-ft^2-R</units>
      <required>false</required>
      <model_dependent>false</model_dependent>
    </argument>
    <argument>
      <name>dens1</name>
      <display_name>Density 1</display_name>
      <description>Density of the layer.</description>
      <type>Double</type>
      <units>lb/ft^3</units>
      <required>true</required>
      <model_dependent>false</model_dependent>
      <default_value>50</default_value>
    </argument>
    <argument>
      <name>dens2</name>
      <display_name>Density 2</display_name>
      <description>Density of the second layer. Leave blank if no second layer.</description>
      <type>Double</type>
      <units>lb/ft^3</units>
      <required>false</required>
      <model_dependent>false</model_dependent>
    </argument>
    <argument>
      <name>specheat1</name>
      <display_name>Specific Heat 1</display_name>
      <description>Specific heat of the layer.</description>
      <type>Double</type>
      <units>Btu/lb-R</units>
      <required>true</required>
      <model_dependent>false</model_dependent>
      <default_value>0.2</default_value>
    </argument>
    <argument>
      <name>specheat2</name>
      <display_name>Specific Heat 2</display_name>
      <description>Specific heat of the second layer. Leave blank if no second layer.</description>
      <type>Double</type>
      <units>Btu/lb-R</units>
      <required>false</required>
      <model_dependent>false</model_dependent>
    </argument>
  </arguments>
  <provenances/>
  <tags>
    <tag>Envelope.Opaque</tag>
  </tags>
  <attributes>
    <attribute>
      <name>Uses SketchUp API</name>
      <value>false</value>
      <datatype>boolean</datatype>
    </attribute>
    <attribute>
      <name>Measure Type</name>
      <value>ModelMeasure</value>
      <datatype>string</datatype>
    </attribute>
  </attributes>
  <files>
    <file>
      <filename>ProcessThermalMassPartitionWall_Test.rb</filename>
      <filetype>rb</filetype>
      <usage_type>test</usage_type>
      <checksum>B8E76E2B</checksum>
    </file>
    <file>
      <version>
        <software_program>OpenStudio</software_program>
        <identifier>1.4.0</identifier>
        <min_compatible>1.4.0</min_compatible>
      </version>
      <filename>measure.rb</filename>
      <filetype>rb</filetype>
      <usage_type>script</usage_type>
      <checksum>64E55E90</checksum>
    </file>
    <file>
      <filename>geometry.rb</filename>
      <filetype>rb</filetype>
      <usage_type>resource</usage_type>
      <checksum>75AC76FD</checksum>
    </file>
    <file>
      <filename>constants.rb</filename>
      <filetype>rb</filetype>
      <usage_type>resource</usage_type>
      <checksum>47EA779B</checksum>
    </file>
    <file>
      <filename>util.rb</filename>
      <filetype>rb</filetype>
      <usage_type>resource</usage_type>
      <checksum>E4784B5E</checksum>
    </file>
  </files>
</measure>
