<measure>
  <schema_version>3.0</schema_version>
  <name>residential_freezer</name>
  <uid>8cf2bd55-56a1-416f-b2a1-ff6a8f617e49</uid>
  <version_id>64f298b4-dd35-43ef-bf8d-25ade8296c55</version_id>
  <version_modified>20160420T163010Z</version_modified>
  <xml_checksum>126F1C43</xml_checksum>
  <class_name>ResidentialFreezer</class_name>
  <display_name>Set Residential Freezer</display_name>
  <description>Adds (or replaces) a residential freezer with the specified efficiency, operation, and schedule in the given space.</description>
  <modeler_description>Since there is no Freezer object in OpenStudio/EnergyPlus, we look for an ElectricEquipment object with the name that denotes it is a residential freezer. If one is found, it is replaced with the specified properties. Otherwise, a new such object is added to the model.</modeler_description>
  <arguments>
    <argument>
      <name>freezer_E</name>
      <display_name>Rated Annual Consumption</display_name>
      <description>The EnergyGuide rated annual energy consumption for a freezer.</description>
      <type>Double</type>
      <units>kWh/yr</units>
      <required>true</required>
      <model_dependent>false</model_dependent>
      <default_value>935</default_value>
    </argument>
    <argument>
      <name>mult</name>
      <display_name>Occupancy Energy Multiplier</display_name>
      <description>Appliance energy use is multiplied by this factor to account for occupancy usage that differs from the national average.</description>
      <type>Double</type>
      <required>true</required>
      <model_dependent>false</model_dependent>
      <default_value>1</default_value>
    </argument>
    <argument>
      <name>weekday_sch</name>
      <display_name>Weekday schedule</display_name>
      <description>Specify the 24-hour weekday schedule.</description>
      <type>String</type>
      <required>true</required>
      <model_dependent>false</model_dependent>
      <default_value>0.040, 0.039, 0.038, 0.037, 0.036, 0.036, 0.038, 0.040, 0.041, 0.041, 0.040, 0.040, 0.042, 0.042, 0.042, 0.041, 0.044, 0.048, 0.050, 0.048, 0.047, 0.046, 0.044, 0.041</default_value>
    </argument>
    <argument>
      <name>weekend_sch</name>
      <display_name>Weekend schedule</display_name>
      <description>Specify the 24-hour weekend schedule.</description>
      <type>String</type>
      <required>true</required>
      <model_dependent>false</model_dependent>
      <default_value>0.040, 0.039, 0.038, 0.037, 0.036, 0.036, 0.038, 0.040, 0.041, 0.041, 0.040, 0.040, 0.042, 0.042, 0.042, 0.041, 0.044, 0.048, 0.050, 0.048, 0.047, 0.046, 0.044, 0.041</default_value>
    </argument>
    <argument>
      <name>monthly_sch</name>
      <display_name>Month schedule</display_name>
      <description>Specify the 12-month schedule.</description>
      <type>String</type>
      <required>true</required>
      <model_dependent>false</model_dependent>
      <default_value>0.837, 0.835, 1.084, 1.084, 1.084, 1.096, 1.096, 1.096, 1.096, 0.931, 0.925, 0.837</default_value>
    </argument>
    <argument>
      <name>space</name>
      <display_name>Location</display_name>
      <description>Select the space where the freezer is located</description>
      <type>Choice</type>
      <required>true</required>
      <model_dependent>false</model_dependent>
      <default_value>living space</default_value>
      <choices>
        <choice>
          <value>living space</value>
          <display_name>living space</display_name>
        </choice>
      </choices>
    </argument>
  </arguments>
  <provenances/>
  <tags>
    <tag>Equipment.Electric Equipment</tag>
  </tags>
  <attributes>
    <attribute>
      <name>Measure Type</name>
      <value>ModelMeasure</value>
      <datatype>string</datatype>
    </attribute>
    <attribute>
      <name>Uses SketchUp API</name>
      <value>false</value>
      <datatype>boolean</datatype>
    </attribute>
  </attributes>
  <files>
    <file>
      <filename>ResidentialRefrigerator_Test.rb</filename>
      <filetype>rb</filetype>
      <usage_type>test</usage_type>
      <checksum>4BBF53E0</checksum>
    </file>
    <file>
      <filename>constants.rb</filename>
      <filetype>rb</filetype>
      <usage_type>resource</usage_type>
      <checksum>D28DC6BC</checksum>
    </file>
    <file>
      <version>
        <software_program>OpenStudio</software_program>
        <identifier>1.9.0</identifier>
        <min_compatible>1.9.0</min_compatible>
      </version>
      <filename>measure.rb</filename>
      <filetype>rb</filetype>
      <usage_type>script</usage_type>
      <checksum>E8B0A63A</checksum>
    </file>
    <file>
      <filename>schedules.rb</filename>
      <filetype>rb</filetype>
      <usage_type>resource</usage_type>
      <checksum>316DAC30</checksum>
    </file>
    <file>
      <filename>geometry.rb</filename>
      <filetype>rb</filetype>
      <usage_type>resource</usage_type>
      <checksum>151F115E</checksum>
    </file>
  </files>
</measure>
