{
  "classname": "ProcessConstructionsWindows",
  "name": "process_constructions_windows",
  "display_name": "Process Constructions Windows",
  "measure_type": "RubyMeasure",
  "arguments": [
    {
      "local_variable": "# selected_windowglazing",
      "variable_type": "Choice",
      "name": "selectedwindowglazing",
      "display_name": "Window simple glazingFor manually entering window simple glazing properties, leave blank",
      "units": null,
      "description": null,
      "choices": [

      ]
    },
    {
      "local_variable": "userdefined_ufactor",
      "variable_type": "Double",
      "name": "ufactor",
      "display_name": "U-Value",
      "units": null,
      "description": null,
      "default_value": 0.0
    },
    {
      "local_variable": "userdefined_shgc",
      "variable_type": "Double",
      "name": "shgc",
      "display_name": "SHGC",
      "units": null,
      "description": null,
      "default_value": 0.0
    },
    {
      "local_variable": "userdefined_intshadeheatingmult",
      "variable_type": "Double",
      "name": "userdefinedintshadeheatingmult",
      "display_name": "Heating shade multiplier",
      "units": null,
      "description": null,
      "default_value": 0.7
    },
    {
      "local_variable": "userdefined_intshadecoolingmult",
      "variable_type": "Double",
      "name": "userdefinedintshadecoolingmult",
      "display_name": "Cooling shade multiplier",
      "units": null,
      "description": null,
      "default_value": 0.7
    }
  ],
  "name_xml": "process_constructions_windows",
  "uid": "648dc42f-f079-4d97-913e-6dc3e19560b1",
  "version_id": "48d6e118-96e0-4f85-96ef-21daf4beb74f",
  "modeler_description": "Calculates material layer properties of constructions for windows. Finds sub surfaces and sets applicable constructions. Using interior heating and cooling shading multipliers and the Building America heating and cooling season logic, creates schedule rulesets for window shade and shading control.",
  "description": "This measure creates constructions for windows. This measure also creates the interior shading schedule, which is based on shade multipliers and the heating and cooling season logic defined in the Building America House Simulation Protocols.",
  "tags": [
    "Envelope.Fenestration"
  ]
}