<measure>
  <schema_version>3.0</schema_version>
  <name>process_constructions_walls_partition</name>
  <uid>077812cf-b013-4103-8cdb-77eb05549d35</uid>
  <version_id>ac3163f1-8b87-4fe5-9aa6-1bf5d4fb8704</version_id>
  <version_modified>20160420T163015Z</version_modified>
  <xml_checksum>1E963D9C</xml_checksum>
  <class_name>ProcessConstructionsWallsPartition</class_name>
  <display_name>Set Residential Walls - Partition Construction</display_name>
  <description>This measure assigns a construction to the walls between two unfinished spaces or two finished spaces.</description>
  <modeler_description>Calculates and assigns material layer properties of uninsulated constructions for the walls 1) between two unfinished spaces, 2) between two finished spaces, or 3) with adiabatic outside boundary condition.</modeler_description>
  <arguments/>
  <provenances/>
  <tags>
    <tag>Envelope.Opaque</tag>
  </tags>
  <attributes>
    <attribute>
      <name>Measure Type</name>
      <value>ModelMeasure</value>
      <datatype>string</datatype>
    </attribute>
    <attribute>
      <name>Uses SketchUp API</name>
      <value>false</value>
      <datatype>boolean</datatype>
    </attribute>
  </attributes>
  <files>
    <file>
      <filename>ProcessConstructionsInteriorUninsulatedWalls_Test.rb</filename>
      <filetype>rb</filetype>
      <usage_type>test</usage_type>
      <checksum>30741FA0</checksum>
    </file>
    <file>
      <version>
        <software_program>OpenStudio</software_program>
        <identifier>1.4.0</identifier>
        <min_compatible>1.4.0</min_compatible>
      </version>
      <filename>measure.rb</filename>
      <filetype>rb</filetype>
      <usage_type>script</usage_type>
      <checksum>29117320</checksum>
    </file>
    <file>
      <filename>constants.rb</filename>
      <filetype>rb</filetype>
      <usage_type>resource</usage_type>
      <checksum>D28DC6BC</checksum>
    </file>
    <file>
      <filename>util.rb</filename>
      <filetype>rb</filetype>
      <usage_type>resource</usage_type>
      <checksum>5D8C22C7</checksum>
    </file>
    <file>
      <filename>geometry.rb</filename>
      <filetype>rb</filetype>
      <usage_type>resource</usage_type>
      <checksum>151F115E</checksum>
    </file>
  </files>
</measure>
