<measure>
  <schema_version>3.0</schema_version>
  <name>process_constructions_windows</name>
  <uid>648dc42f-f079-4d97-913e-6dc3e19560b1</uid>
  <version_id>b012d258-e0d2-4a98-8125-f90a073ec5b0</version_id>
  <version_modified>20160429T163713Z</version_modified>
  <xml_checksum>6FAFA9DE</xml_checksum>
  <class_name>ProcessConstructionsWindows</class_name>
  <display_name>Set Residential Window Construction</display_name>
  <description>This measure assigns a construction to windows. This measure also creates the interior shading schedule, which is based on shade multipliers and the heating and cooling season logic defined in the Building America House Simulation Protocols.</description>
  <modeler_description>Calculates material layer properties of constructions for windows. Finds sub surfaces and sets applicable constructions. Using interior heating and cooling shading multipliers and the Building America heating and cooling season logic, creates schedule rulesets for window shade and shading control.</modeler_description>
  <arguments>
    <argument>
      <name>ufactor</name>
      <display_name>U-Value</display_name>
      <description>The heat transfer coefficient of the windows.</description>
      <type>Double</type>
      <units>Btu/hr-ft^2-R</units>
      <required>false</required>
      <model_dependent>false</model_dependent>
      <default_value>0.37</default_value>
    </argument>
    <argument>
      <name>shgc</name>
      <display_name>SHGC</display_name>
      <description>The ratio of solar heat gain through a glazing system compared to that of an unobstructed opening.</description>
      <type>Double</type>
      <required>false</required>
      <model_dependent>false</model_dependent>
      <default_value>0.3</default_value>
    </argument>
    <argument>
      <name>userdefinedintshadeheatingmult</name>
      <display_name>Heating Shade Multiplier</display_name>
      <description>Interior shading multiplier for heating season.</description>
      <type>Double</type>
      <required>false</required>
      <model_dependent>false</model_dependent>
      <default_value>0.7</default_value>
    </argument>
    <argument>
      <name>userdefinedintshadecoolingmult</name>
      <display_name>Cooling Shade Multiplier</display_name>
      <description>Interior shading multiplier for cooling season.</description>
      <type>Double</type>
      <required>false</required>
      <model_dependent>false</model_dependent>
      <default_value>0.7</default_value>
    </argument>
  </arguments>
  <provenances/>
  <tags>
    <tag>Envelope.Fenestration</tag>
  </tags>
  <attributes>
    <attribute>
      <name>Measure Type</name>
      <value>ModelMeasure</value>
      <datatype>string</datatype>
    </attribute>
    <attribute>
      <name>Uses SketchUp API</name>
      <value>false</value>
      <datatype>boolean</datatype>
    </attribute>
  </attributes>
  <files>
    <file>
      <filename>ProcessConstructionsWindows_Test.rb</filename>
      <filetype>rb</filetype>
      <usage_type>test</usage_type>
      <checksum>F0AD6328</checksum>
    </file>
    <file>
      <filename>unit_conversions.rb</filename>
      <filetype>rb</filetype>
      <usage_type>resource</usage_type>
      <checksum>DCBEF242</checksum>
    </file>
    <file>
      <filename>psychrometrics.rb</filename>
      <filetype>rb</filetype>
      <usage_type>resource</usage_type>
      <checksum>640596F1</checksum>
    </file>
    <file>
      <filename>weather.rb</filename>
      <filetype>rb</filetype>
      <usage_type>resource</usage_type>
      <checksum>C2265CC0</checksum>
    </file>
    <file>
      <version>
        <software_program>OpenStudio</software_program>
        <identifier>1.4.0</identifier>
        <min_compatible>1.4.0</min_compatible>
      </version>
      <filename>measure.rb</filename>
      <filetype>rb</filetype>
      <usage_type>script</usage_type>
      <checksum>A352551B</checksum>
    </file>
    <file>
      <filename>constants.rb</filename>
      <filetype>rb</filetype>
      <usage_type>resource</usage_type>
      <checksum>DFE4EFD1</checksum>
    </file>
    <file>
      <filename>util.rb</filename>
      <filetype>rb</filetype>
      <usage_type>resource</usage_type>
      <checksum>FFB87057</checksum>
    </file>
  </files>
</measure>
