<measure>
  <schema_version>3.0</schema_version>
  <name>residential_hot_tub_heater</name>
  <uid>05dab71a-88e0-4c98-84c4-232e380b9944</uid>
  <version_id>e4544ef6-6dce-4b0c-b805-f514d6668c49</version_id>
  <version_modified>20160618T170340Z</version_modified>
  <xml_checksum>126F1C43</xml_checksum>
  <class_name>ResidentialHotTubHeater</class_name>
  <display_name>Set Residential Hot Tub Electric Heater</display_name>
  <description>Adds (or replaces) a residential hot tub heater with the specified efficiency and schedule. The hot tub is assumed to be outdoors.</description>
  <modeler_description>Since there is no Hot Tub Heater object in OpenStudio/EnergyPlus, we look for an ElectricEquipment or GasEquipment object with the name that denotes it is a residential hot tub heater. If one is found, it is replaced with the specified properties. Otherwise, a new such object is added to the model. Note: This measure requires the number of bedrooms/bathrooms to have already been assigned.</modeler_description>
  <arguments>
    <argument>
      <name>base_energy</name>
      <display_name>Base Energy Use</display_name>
      <description>The national average (Building America Benchmark) energy use.</description>
      <type>Double</type>
      <units>kWh/yr</units>
      <required>true</required>
      <model_dependent>false</model_dependent>
      <default_value>1027.3</default_value>
    </argument>
    <argument>
      <name>mult</name>
      <display_name>Energy Multiplier</display_name>
      <description>Sets the annual energy use equal to the base energy use times this multiplier.</description>
      <type>Double</type>
      <required>true</required>
      <model_dependent>false</model_dependent>
      <default_value>1</default_value>
    </argument>
    <argument>
      <name>scale_energy</name>
      <display_name>Scale Energy Use</display_name>
      <description>If true, scales the energy use relative to a 3-bedroom, 1920 sqft house using the following equation: Fscale = (0.5 + 0.25 x Nbr/3 + 0.25 x FFA/1920) where Nbr is the number of bedrooms and FFA is the finished floor area.</description>
      <type>Boolean</type>
      <required>true</required>
      <model_dependent>false</model_dependent>
      <default_value>true</default_value>
      <choices>
        <choice>
          <value>true</value>
          <display_name>true</display_name>
        </choice>
        <choice>
          <value>false</value>
          <display_name>false</display_name>
        </choice>
      </choices>
    </argument>
    <argument>
      <name>weekday_sch</name>
      <display_name>Weekday schedule</display_name>
      <description>Specify the 24-hour weekday schedule.</description>
      <type>String</type>
      <required>true</required>
      <model_dependent>false</model_dependent>
      <default_value>0.024, 0.029, 0.024, 0.029, 0.047, 0.067, 0.057, 0.024, 0.024, 0.019, 0.015, 0.014, 0.014, 0.014, 0.024, 0.058, 0.126, 0.122, 0.068, 0.061, 0.051, 0.043, 0.024, 0.024</default_value>
    </argument>
    <argument>
      <name>weekend_sch</name>
      <display_name>Weekend schedule</display_name>
      <description>Specify the 24-hour weekend schedule.</description>
      <type>String</type>
      <required>true</required>
      <model_dependent>false</model_dependent>
      <default_value>0.024, 0.029, 0.024, 0.029, 0.047, 0.067, 0.057, 0.024, 0.024, 0.019, 0.015, 0.014, 0.014, 0.014, 0.024, 0.058, 0.126, 0.122, 0.068, 0.061, 0.051, 0.043, 0.024, 0.024</default_value>
    </argument>
    <argument>
      <name>monthly_sch</name>
      <display_name>Month schedule</display_name>
      <description>Specify the 12-month schedule.</description>
      <type>String</type>
      <required>true</required>
      <model_dependent>false</model_dependent>
      <default_value>0.837, 0.835, 1.084, 1.084, 1.084, 1.096, 1.096, 1.096, 1.096, 0.931, 0.925, 0.837</default_value>
    </argument>
  </arguments>
  <provenances/>
  <tags>
    <tag>Equipment.Electric Equipment</tag>
  </tags>
  <attributes>
    <attribute>
      <name>Measure Type</name>
      <value>ModelMeasure</value>
      <datatype>string</datatype>
    </attribute>
    <attribute>
      <name>Uses SketchUp API</name>
      <value>false</value>
      <datatype>boolean</datatype>
    </attribute>
  </attributes>
  <files>
    <file>
      <filename>geometry.rb</filename>
      <filetype>rb</filetype>
      <usage_type>resource</usage_type>
      <checksum>2285CA0B</checksum>
    </file>
    <file>
      <filename>schedules.rb</filename>
      <filetype>rb</filetype>
      <usage_type>resource</usage_type>
      <checksum>CFF29151</checksum>
    </file>
    <file>
      <filename>2000sqft_2story_FB_GRG_UA.osm</filename>
      <filetype>osm</filetype>
      <usage_type>test</usage_type>
      <checksum>A2C693E7</checksum>
    </file>
    <file>
      <filename>2000sqft_2story_FB_GRG_UA_3Beds_2Baths.osm</filename>
      <filetype>osm</filetype>
      <usage_type>test</usage_type>
      <checksum>CBEE7249</checksum>
    </file>
    <file>
      <version>
        <software_program>OpenStudio</software_program>
        <identifier>1.9.0</identifier>
        <min_compatible>1.9.0</min_compatible>
      </version>
      <filename>measure.rb</filename>
      <filetype>rb</filetype>
      <usage_type>script</usage_type>
      <checksum>3E597B03</checksum>
    </file>
    <file>
      <filename>2000sqft_2story_FB_GRG_UA_3Beds_2Baths_GasHotTubHeater.osm</filename>
      <filetype>osm</filetype>
      <usage_type>test</usage_type>
      <checksum>2390D5CF</checksum>
    </file>
    <file>
      <filename>ResidentialHotTubHeaterElec_Test.rb</filename>
      <filetype>rb</filetype>
      <usage_type>test</usage_type>
      <checksum>4C895061</checksum>
    </file>
    <file>
      <filename>constants.rb</filename>
      <filetype>rb</filetype>
      <usage_type>resource</usage_type>
      <checksum>6FEC70C2</checksum>
    </file>
  </files>
</measure>
