<measure>
  <schema_version>3.0</schema_version>
  <name>process_constructions_walls_exterior_finish</name>
  <uid>d7e5d5a3-38bf-40ea-abc9-2d50024a7090</uid>
  <version_id>d271d5a9-2948-48cd-8a06-ef7b2f0ece93</version_id>
  <version_modified>20161221T215457Z</version_modified>
  <xml_checksum>2609226D</xml_checksum>
  <class_name>ProcessConstructionsWallsExteriorFinish</class_name>
  <display_name>Set Residential Walls - Exterior Finish</display_name>
  <description>This measure assigns the exterior finish to all above-grade exterior walls.</description>
  <modeler_description>Assigns material layer properties for all above-grade walls adjacent to outside.</modeler_description>
  <arguments>
    <argument>
      <name>solar_abs</name>
      <display_name>Solar Absorptivity</display_name>
      <description>Fraction of the incident radiation that is absorbed.</description>
      <type>Double</type>
      <required>true</required>
      <model_dependent>false</model_dependent>
      <default_value>0.3</default_value>
    </argument>
    <argument>
      <name>conductivity</name>
      <display_name>Conductivity</display_name>
      <description>Conductivity of the exterior finish assembly.</description>
      <type>Double</type>
      <units>Btu-in/h-ft^2-R</units>
      <required>true</required>
      <model_dependent>false</model_dependent>
      <default_value>0.62</default_value>
    </argument>
    <argument>
      <name>density</name>
      <display_name>Density</display_name>
      <description>Density of the exterior finish assembly.</description>
      <type>Double</type>
      <units>lb/ft^3</units>
      <required>true</required>
      <model_dependent>false</model_dependent>
      <default_value>11.1</default_value>
    </argument>
    <argument>
      <name>specific_heat</name>
      <display_name>Specific Heat</display_name>
      <description>Specific heat of the exterior finish assembly.</description>
      <type>Double</type>
      <units>Btu/lb-R</units>
      <required>true</required>
      <model_dependent>false</model_dependent>
      <default_value>0.25</default_value>
    </argument>
    <argument>
      <name>thick_in</name>
      <display_name>Thickness</display_name>
      <description>Thickness of the exterior finish assembly.</description>
      <type>Double</type>
      <units>in</units>
      <required>true</required>
      <model_dependent>false</model_dependent>
      <default_value>0.375</default_value>
    </argument>
    <argument>
      <name>emissivity</name>
      <display_name>Emissivity</display_name>
      <description>Measure of the material's ability to emit infrared energy.</description>
      <type>Double</type>
      <required>true</required>
      <model_dependent>false</model_dependent>
      <default_value>0.9</default_value>
    </argument>
  </arguments>
  <provenances/>
  <tags>
    <tag>Envelope.Opaque</tag>
  </tags>
  <attributes>
    <attribute>
      <name>Measure Type</name>
      <value>ModelMeasure</value>
      <datatype>string</datatype>
    </attribute>
    <attribute>
      <name>Intended Software Tool</name>
      <value>Apply Measure Now</value>
      <datatype>string</datatype>
    </attribute>
    <attribute>
      <name>Intended Software Tool</name>
      <value>OpenStudio Application</value>
      <datatype>string</datatype>
    </attribute>
    <attribute>
      <name>Intended Software Tool</name>
      <value>Parametric Analysis Tool</value>
      <datatype>string</datatype>
    </attribute>
  </attributes>
  <files>
    <file>
      <version>
        <software_program>OpenStudio</software_program>
        <identifier>1.10.0</identifier>
        <min_compatible>1.13.1</min_compatible>
      </version>
      <filename>measure.rb</filename>
      <filetype>rb</filetype>
      <usage_type>script</usage_type>
      <checksum>BEF2D235</checksum>
    </file>
    <file>
      <filename>2000sqft_2story_SL_UA.osm</filename>
      <filetype>osm</filetype>
      <usage_type>test</usage_type>
      <checksum>CDD25A07</checksum>
    </file>
    <file>
      <filename>2000sqft_2story_SL_FA.osm</filename>
      <filetype>osm</filetype>
      <usage_type>test</usage_type>
      <checksum>9B28333E</checksum>
    </file>
    <file>
      <filename>ExteriorFinish_Test.rb</filename>
      <filetype>rb</filetype>
      <usage_type>test</usage_type>
      <checksum>67AA0C16</checksum>
    </file>
    <file>
      <filename>2000sqft_2story_SL_FA_AllLayersButExteriorFinish.osm</filename>
      <filetype>osm</filetype>
      <usage_type>test</usage_type>
      <checksum>C8465C2E</checksum>
    </file>
    <file>
      <filename>2000sqft_2story_SL_UA_AllLayersButExteriorFinish.osm</filename>
      <filetype>osm</filetype>
      <usage_type>test</usage_type>
      <checksum>6E4F37E1</checksum>
    </file>
    <file>
      <filename>util.rb</filename>
      <filetype>rb</filetype>
      <usage_type>resource</usage_type>
      <checksum>108E0E50</checksum>
    </file>
    <file>
      <filename>geometry.rb</filename>
      <filetype>rb</filetype>
      <usage_type>resource</usage_type>
      <checksum>DC36E8B8</checksum>
    </file>
    <file>
      <filename>constants.rb</filename>
      <filetype>rb</filetype>
      <usage_type>resource</usage_type>
      <checksum>654268E9</checksum>
    </file>
  </files>
</measure>
