<measure>
  <schema_version>3.0</schema_version>
  <name>create_residential_neighbors</name>
  <uid>11051b4a-4f5b-43b5-8c78-6303e084dbd9</uid>
  <version_id>c1de1a8f-3c99-46eb-aadc-265effcfd51d</version_id>
  <version_modified>20170105T204932Z</version_modified>
  <xml_checksum>2AF3A68E</xml_checksum>
  <class_name>CreateResidentialNeighbors</class_name>
  <display_name>Set Residential Neighbors</display_name>
  <description>Sets the neighbors (front, back, left, and/or right) of the building for shading purposes. Neighboring buildings will have the same geometry as the model building.</description>
  <modeler_description>Creates shading surfaces by shifting the building's exterior surfaces in the specified directions (front, back, left, and/or right).</modeler_description>
  <arguments>
    <argument>
      <name>left_offset</name>
      <display_name>Left Neighbor Offset</display_name>
      <description>The minimum distance between the simulated house and the neighboring house to the left (not including eaves). A value of zero indicates no neighbors.</description>
      <type>Double</type>
      <units>ft</units>
      <required>false</required>
      <model_dependent>false</model_dependent>
      <default_value>0</default_value>
    </argument>
    <argument>
      <name>right_offset</name>
      <display_name>Right Neighbor Offset</display_name>
      <description>The minimum distance between the simulated house and the neighboring house to the right (not including eaves). A value of zero indicates no neighbors.</description>
      <type>Double</type>
      <units>ft</units>
      <required>false</required>
      <model_dependent>false</model_dependent>
      <default_value>0</default_value>
    </argument>
    <argument>
      <name>back_offset</name>
      <display_name>Back Neighbor Offset</display_name>
      <description>The minimum distance between the simulated house and the neighboring house to the back (not including eaves). A value of zero indicates no neighbors.</description>
      <type>Double</type>
      <units>ft</units>
      <required>false</required>
      <model_dependent>false</model_dependent>
      <default_value>0</default_value>
    </argument>
    <argument>
      <name>front_offset</name>
      <display_name>Front Neighbor Offset</display_name>
      <description>The minimum distance between the simulated house and the neighboring house to the front (not including eaves). A value of zero indicates no neighbors.</description>
      <type>Double</type>
      <units>ft</units>
      <required>false</required>
      <model_dependent>false</model_dependent>
      <default_value>0</default_value>
    </argument>
    <argument>
      <name>all_surfaces</name>
      <display_name>Copy all surfaces?</display_name>
      <description>Indicates whether to copy all house surfaces (useful for rendering purposes). Otherwise, only the minimal required surfaces are copied (e.g., only the left-most surfaces for the right neighbor) in order to reduce simulation runtime.</description>
      <type>Boolean</type>
      <required>false</required>
      <model_dependent>false</model_dependent>
      <default_value>false</default_value>
      <choices>
        <choice>
          <value>true</value>
          <display_name>true</display_name>
        </choice>
        <choice>
          <value>false</value>
          <display_name>false</display_name>
        </choice>
      </choices>
    </argument>
  </arguments>
  <provenances/>
  <tags>
    <tag>Envelope.Form</tag>
  </tags>
  <attributes>
    <attribute>
      <name>Measure Type</name>
      <value>ModelMeasure</value>
      <datatype>string</datatype>
    </attribute>
    <attribute>
      <name>Intended Software Tool</name>
      <value>Apply Measure Now</value>
      <datatype>string</datatype>
    </attribute>
    <attribute>
      <name>Intended Software Tool</name>
      <value>OpenStudio Application</value>
      <datatype>string</datatype>
    </attribute>
    <attribute>
      <name>Intended Software Tool</name>
      <value>Parametric Analysis Tool</value>
      <datatype>string</datatype>
    </attribute>
  </attributes>
  <files>
    <file>
      <filename>USA_CO_Denver_Intl_AP_725650_TMY3.ddy</filename>
      <filetype>ddy</filetype>
      <usage_type>test</usage_type>
      <checksum>FB253570</checksum>
    </file>
    <file>
      <filename>USA_CO_Denver_Intl_AP_725650_TMY3.epw</filename>
      <filetype>epw</filetype>
      <usage_type>test</usage_type>
      <checksum>E23378AA</checksum>
    </file>
    <file>
      <filename>default_geometry_location.osm</filename>
      <filetype>osm</filetype>
      <usage_type>test</usage_type>
      <checksum>74673C04</checksum>
    </file>
    <file>
      <version>
        <software_program>OpenStudio</software_program>
        <identifier>1.9.0</identifier>
        <min_compatible>1.13.1</min_compatible>
      </version>
      <filename>measure.rb</filename>
      <filetype>rb</filetype>
      <usage_type>script</usage_type>
      <checksum>B931CAEE</checksum>
    </file>
    <file>
      <filename>create_residential_neighbors_test.rb</filename>
      <filetype>rb</filetype>
      <usage_type>test</usage_type>
      <checksum>C7C4E338</checksum>
    </file>
    <file>
      <filename>constants.rb</filename>
      <filetype>rb</filetype>
      <usage_type>resource</usage_type>
      <checksum>866A1677</checksum>
    </file>
    <file>
      <filename>geometry.rb</filename>
      <filetype>rb</filetype>
      <usage_type>resource</usage_type>
      <checksum>87110438</checksum>
    </file>
  </files>
</measure>
