{
  "classname": "ProcessConstructionsUnfinishedBasement",
  "name": "process_constructions_unfinished_basement",
  "display_name": "Process Constructions Unfinished Basement",
  "measure_type": "RubyMeasure",
  "arguments": [
    {
      "local_variable": "selected_living",
      "variable_type": "Choice",
      "name": "selectedliving",
      "display_name": "Of what space type is the living space",
      "units": null,
      "description": null,
      "choices": [

      ]
    },
    {
      "local_variable": "selected_ufbsmt",
      "variable_type": "Choice",
      "name": "selectedufbsmt",
      "display_name": "Of what space type is the unfinished basement",
      "units": null,
      "description": null,
      "choices": [

      ]
    },
    {
      "local_variable": "selected_ufbsmtins",
      "variable_type": "Choice",
      "name": "selectedufbsmtins",
      "display_name": "Unfinished basement insulation type",
      "units": null,
      "description": null,
      "choices": [
        "Uninsulated",
        "Half Wall",
        "Whole Wall",
        "Ceiling"
      ]
    },
    {
      "local_variable": "selected_studsize",
      "variable_type": "Choice",
      "name": "selectedstudsize",
      "display_name": "Wood stud size of wall cavity",
      "units": null,
      "description": null,
      "default_value": "None",
      "choices": [
        "None",
        "2x4, 16 in o.c.",
        "2x6, 24 in o.c."
      ]
    },
    {
      "local_variable": "# selected_ufbsmtwallceilcav",
      "variable_type": "Choice",
      "name": "selectedufbsmtwallceilcav",
      "display_name": "Unfinished basement whole wall or ceiling cavity insulationFor manually entering unfinished basement whole wall or ceiling cavity insulation properties, leave blank",
      "units": null,
      "description": null,
      "choices": [

      ]
    },
    {
      "local_variable": "userdefined_ufbsmtwallceilcavr",
      "variable_type": "Double",
      "name": "userdefinedufbsmtwallceilcavr",
      "display_name": "Unfinished basement whole wall cavity insulation or ceiling cavity insulation R-value",
      "units": null,
      "description": null,
      "default_value": 0.0
    },
    {
      "local_variable": "selected_installgrade",
      "variable_type": "Choice",
      "name": "selectedinstallgrade",
      "display_name": "Insulation installation grade of wood stud wall cavity",
      "units": null,
      "description": null,
      "default_value": "I",
      "choices": [
        "I",
        "II",
        "III"
      ]
    },
    {
      "local_variable": "selected_insfills",
      "variable_type": "Bool",
      "name": "selectedinsfills",
      "display_name": "Cavity insulation fills the cavity",
      "units": null,
      "description": null,
      "default_value": true
    },
    {
      "local_variable": "# selected_ufbsmtwallcont",
      "variable_type": "Choice",
      "name": "selectedufbsmtwallcont",
      "display_name": "Unfinished basement wall continuous insulationFor manually entering unfinished basement wall continuous insulation properties, leave blank",
      "units": null,
      "description": null,
      "choices": [

      ]
    },
    {
      "local_variable": "userdefined_ufbsmtwallcontth",
      "variable_type": "Double",
      "name": "userdefinedufbsmtwallcontth",
      "display_name": "Unfinished basement wall continuous insulation thickness",
      "units": null,
      "description": null,
      "default_value": 0.0
    },
    {
      "local_variable": "userdefined_ufbsmtwallcontr",
      "variable_type": "Double",
      "name": "userdefinedufbsmtwallcontr",
      "display_name": "Unfinished basement wall continuous insulation R-value",
      "units": null,
      "description": null,
      "default_value": 0.0
    },
    {
      "local_variable": "selected_ufbsmtceiljoistheight",
      "variable_type": "Choice",
      "name": "selectedufbsmtceiljoistheight",
      "display_name": "Unfinished basement ceiling joist height",
      "units": null,
      "description": null,
      "choices": [
        "9.25"
      ]
    },
    {
      "local_variable": "userdefined_ufbsmtceilff",
      "variable_type": "Double",
      "name": "userdefinedufbsmtceilff",
      "display_name": "Unfinished basement ceiling framing factor",
      "units": null,
      "description": null,
      "default_value": 0.13
    },
    {
      "local_variable": "# selected_ufbsmtrimjoist",
      "variable_type": "Choice",
      "name": "selectedufbsmtrimjoist",
      "display_name": "Unfinished basement rim joist insulationFor manually entering unfinished basement rim joist insulation properties, leave blank",
      "units": null,
      "description": null,
      "choices": [

      ]
    },
    {
      "local_variable": "userdefined_ufbsmtrimjoistr",
      "variable_type": "Double",
      "name": "userdefinedufbsmtrimjoistr",
      "display_name": "Unfinished basement rim joist insulation R-value",
      "units": null,
      "description": null,
      "default_value": 0.0
    },
    {
      "local_variable": "# selected_floormass",
      "variable_type": "Choice",
      "name": "selectedfloormass",
      "display_name": "Floor massFor manually entering floor mass properties, leave blank",
      "units": null,
      "description": null,
      "choices": [

      ]
    },
    {
      "local_variable": "userdefined_floormassth",
      "variable_type": "Double",
      "name": "userdefinedfloormassth",
      "display_name": "Floor mass thickness",
      "units": null,
      "description": null,
      "default_value": 0.625
    },
    {
      "local_variable": "userdefined_floormasscond",
      "variable_type": "Double",
      "name": "userdefinedfloormasscond",
      "display_name": "Floor mass conductivity",
      "units": null,
      "description": null,
      "default_value": 0.8004
    },
    {
      "local_variable": "userdefined_floormassdens",
      "variable_type": "Double",
      "name": "userdefinedfloormassdens",
      "display_name": "Floor mass density",
      "units": null,
      "description": null,
      "default_value": 34.0
    },
    {
      "local_variable": "userdefined_floormasssh",
      "variable_type": "Double",
      "name": "userdefinedfloormasssh",
      "display_name": "Floor mass specific heat",
      "units": null,
      "description": null,
      "default_value": 0.29
    },
    {
      "local_variable": "# selected_carpet",
      "variable_type": "Choice",
      "name": "selectedcarpet",
      "display_name": "CarpetFor manually entering carpet properties, leave blank",
      "units": null,
      "description": null,
      "choices": [

      ]
    },
    {
      "local_variable": "userdefined_carpetr",
      "variable_type": "Double",
      "name": "userdefinedcarpetr",
      "display_name": "Carpet pad R-value",
      "units": null,
      "description": null,
      "default_value": 2.08
    },
    {
      "local_variable": "userdefined_carpetfrac",
      "variable_type": "Double",
      "name": "userdefinedcarpetfrac",
      "display_name": "Carpet floor fraction",
      "units": null,
      "description": null,
      "default_value": 0.8
    }
  ],
  "name_xml": "process_constructions_unfinished_basement",
  "uid": "ebc21070-2d4b-4a2a-bd15-f18bf3e77b49",
  "version_id": "ff072fff-e182-400c-91eb-cbe50a6209e4",
  "modeler_description": "Calculates material layer properties of constructions for the unfinished basement ceiling, walls, floor, and rim joists. Finds surfaces adjacent to the unfinished basement and sets applicable constructions.",
  "description": "This measure creates constructions for the unfinished basement ceiling, walls, floor, and rim joists.",
  "tags": [
    "Envelope.Opaque"
  ]
}