<measure>
  <schema_version>3.0</schema_version>
  <name>process_constructions_foundations_floors_covering</name>
  <uid>c0a10f27-c095-4b45-91f8-faee094a1d42</uid>
  <version_id>a8ed15f9-88d2-44de-85b7-4c4e67514a92</version_id>
  <version_modified>20161220T160525Z</version_modified>
  <xml_checksum>5091078B</xml_checksum>
  <class_name>ProcessConstructionsFoundationsFloorsCovering</class_name>
  <display_name>Set Residential Foundations/Floors - Floor Covering</display_name>
  <description>This measure assigns a covering to floors of above-grade finished spaces.</description>
  <modeler_description>Assigns material layer properties for floors of above-grade finished spaces.</modeler_description>
  <arguments>
    <argument>
      <name>covering_frac</name>
      <display_name>Floor Covering Fraction</display_name>
      <description>Fraction of floors that are covered.</description>
      <type>Double</type>
      <required>true</required>
      <model_dependent>false</model_dependent>
      <default_value>0.8</default_value>
    </argument>
    <argument>
      <name>covering_r</name>
      <display_name>Covering R-value</display_name>
      <description>The total R-value of the covering.</description>
      <type>Double</type>
      <units>h-ft^2-R/Btu</units>
      <required>true</required>
      <model_dependent>false</model_dependent>
      <default_value>2.08</default_value>
    </argument>
  </arguments>
  <provenances/>
  <tags>
    <tag>Envelope.Opaque</tag>
  </tags>
  <attributes>
    <attribute>
      <name>Uses SketchUp API</name>
      <value>false</value>
      <datatype>boolean</datatype>
    </attribute>
    <attribute>
      <name>Measure Type</name>
      <value>ModelMeasure</value>
      <datatype>string</datatype>
    </attribute>
  </attributes>
  <files>
    <file>
      <version>
        <software_program>OpenStudio</software_program>
        <identifier>1.4.0</identifier>
        <min_compatible>1.13.1</min_compatible>
      </version>
      <filename>measure.rb</filename>
      <filetype>rb</filetype>
      <usage_type>script</usage_type>
      <checksum>78D2AE76</checksum>
    </file>
    <file>
      <filename>geometry.rb</filename>
      <filetype>rb</filetype>
      <usage_type>resource</usage_type>
      <checksum>047FBEB1</checksum>
    </file>
    <file>
      <filename>constants.rb</filename>
      <filetype>rb</filetype>
      <usage_type>resource</usage_type>
      <checksum>22B51F35</checksum>
    </file>
    <file>
      <filename>util.rb</filename>
      <filetype>rb</filetype>
      <usage_type>resource</usage_type>
      <checksum>108E0E50</checksum>
    </file>
  </files>
</measure>
