<measure>
  <schema_version>3.0</schema_version>
  <name>process_constructions_doors</name>
  <uid>b78f10fa-b38d-4de2-86e9-344a78e68847</uid>
  <version_id>cc28e11a-bee1-4502-8ad9-cc332f9791cc</version_id>
  <xml_checksum>6FAFA9DE</xml_checksum>
  <class_name>ProcessConstructionsDoors</class_name>
  <display_name>Assign Residential Door Construction</display_name>
  <description>This measure assigns a construction to exterior doors adjacent to the living space as well as garage doors.</description>
  <modeler_description>Calculates material layer properties of constructions for exterior doors adjacent to the living space as well as garage doors. Finds sub surfaces adjacent to the living space and garage and sets applicable constructions.</modeler_description>
  <arguments>
    <argument>
      <name>selecteddoor</name>
      <display_name>Door Type</display_name>
      <description>The front door type.</description>
      <type>Choice</type>
      <required>true</required>
      <model_dependent>false</model_dependent>
      <default_value>Fiberglass</default_value>
      <choices>
        <choice>
          <value>Wood</value>
          <display_name>Wood</display_name>
        </choice>
        <choice>
          <value>Steel</value>
          <display_name>Steel</display_name>
        </choice>
        <choice>
          <value>Fiberglass</value>
          <display_name>Fiberglass</display_name>
        </choice>
      </choices>
    </argument>
    <argument>
      <name>living_space_type</name>
      <display_name>Living space type</display_name>
      <description>Select the living space type</description>
      <type>Choice</type>
      <required>true</required>
      <model_dependent>false</model_dependent>
      <default_value>living</default_value>
      <choices>
        <choice>
          <value>living</value>
          <display_name>living</display_name>
        </choice>
      </choices>
    </argument>
    <argument>
      <name>garage_space_type</name>
      <display_name>Garage space type</display_name>
      <description>Select the garage space type</description>
      <type>Choice</type>
      <required>true</required>
      <model_dependent>false</model_dependent>
      <default_value>garage</default_value>
      <choices>
        <choice>
          <value>garage</value>
          <display_name>garage</display_name>
        </choice>
      </choices>
    </argument>
  </arguments>
  <provenances/>
  <tags>
    <tag>Envelope.Fenestration</tag>
  </tags>
  <attributes>
    <attribute>
      <name>Measure Type</name>
      <value>ModelMeasure</value>
      <datatype>string</datatype>
    </attribute>
    <attribute>
      <name>Uses SketchUp API</name>
      <value>false</value>
      <datatype>boolean</datatype>
    </attribute>
  </attributes>
  <files>
    <file>
      <filename>ProcessConstructionsDoors_Test.rb</filename>
      <filetype>rb</filetype>
      <usage_type>test</usage_type>
      <checksum>BA787397</checksum>
    </file>
    <file>
      <filename>psychrometrics.rb</filename>
      <filetype>rb</filetype>
      <usage_type>resource</usage_type>
      <checksum>8D4B8CEF</checksum>
    </file>
    <file>
      <filename>unit_conversions.rb</filename>
      <filetype>rb</filetype>
      <usage_type>resource</usage_type>
      <checksum>058A19F9</checksum>
    </file>
    <file>
      <filename>weather.rb</filename>
      <filetype>rb</filetype>
      <usage_type>resource</usage_type>
      <checksum>030F203D</checksum>
    </file>
    <file>
      <filename>sim.rb</filename>
      <filetype>rb</filetype>
      <usage_type>resource</usage_type>
      <checksum>27253A02</checksum>
    </file>
    <file>
      <version>
        <software_program>OpenStudio</software_program>
        <identifier>1.4.0</identifier>
        <min_compatible>1.4.0</min_compatible>
      </version>
      <filename>measure.rb</filename>
      <filetype>rb</filetype>
      <usage_type>script</usage_type>
      <checksum>55FB2417</checksum>
    </file>
    <file>
      <filename>util.rb</filename>
      <filetype>rb</filetype>
      <usage_type>resource</usage_type>
      <checksum>913669E3</checksum>
    </file>
    <file>
      <filename>constants.rb</filename>
      <filetype>rb</filetype>
      <usage_type>resource</usage_type>
      <checksum>3E621BBD</checksum>
    </file>
  </files>
</measure>
