<measure>
  <schema_version>3.0</schema_version>
  <name>process_constructions_doors</name>
  <uid>b78f10fa-b38d-4de2-86e9-344a78e68847</uid>
  <version_id>fb5382a1-c99c-4841-b9c8-f2aa548f5ccd</version_id>
  <version_modified>20160429T163712Z</version_modified>
  <xml_checksum>6FAFA9DE</xml_checksum>
  <class_name>ProcessConstructionsDoors</class_name>
  <display_name>Set Residential Door Construction</display_name>
  <description>This measure assigns a construction to exterior doors adjacent to finished or unfinished space.</description>
  <modeler_description>Calculates material layer properties of constructions for door sub-surfaces between 1) finished space and outside or 2) unfinished space and outside.</modeler_description>
  <arguments>
    <argument>
      <name>selecteddoor</name>
      <display_name>Door Type</display_name>
      <description>The front door type.</description>
      <type>Choice</type>
      <required>true</required>
      <model_dependent>false</model_dependent>
      <default_value>Fiberglass</default_value>
      <choices>
        <choice>
          <value>Wood</value>
          <display_name>Wood</display_name>
        </choice>
        <choice>
          <value>Steel</value>
          <display_name>Steel</display_name>
        </choice>
        <choice>
          <value>Fiberglass</value>
          <display_name>Fiberglass</display_name>
        </choice>
      </choices>
    </argument>
  </arguments>
  <provenances/>
  <tags>
    <tag>Envelope.Fenestration</tag>
  </tags>
  <attributes>
    <attribute>
      <name>Measure Type</name>
      <value>ModelMeasure</value>
      <datatype>string</datatype>
    </attribute>
    <attribute>
      <name>Uses SketchUp API</name>
      <value>false</value>
      <datatype>boolean</datatype>
    </attribute>
  </attributes>
  <files>
    <file>
      <filename>ProcessConstructionsDoors_Test.rb</filename>
      <filetype>rb</filetype>
      <usage_type>test</usage_type>
      <checksum>BA787397</checksum>
    </file>
    <file>
      <version>
        <software_program>OpenStudio</software_program>
        <identifier>1.4.0</identifier>
        <min_compatible>1.4.0</min_compatible>
      </version>
      <filename>measure.rb</filename>
      <filetype>rb</filetype>
      <usage_type>script</usage_type>
      <checksum>487CD270</checksum>
    </file>
    <file>
      <filename>constants.rb</filename>
      <filetype>rb</filetype>
      <usage_type>resource</usage_type>
      <checksum>DFE4EFD1</checksum>
    </file>
    <file>
      <filename>geometry.rb</filename>
      <filetype>rb</filetype>
      <usage_type>resource</usage_type>
      <checksum>1B4BF46B</checksum>
    </file>
    <file>
      <filename>util.rb</filename>
      <filetype>rb</filetype>
      <usage_type>resource</usage_type>
      <checksum>FFB87057</checksum>
    </file>
  </files>
</measure>
