{
  "classname": "AddResidentialDehumidifier",
  "name": "add_residential_dehumidifier",
  "display_name": "Add Residential Dehumidifier",
  "measure_type": "RubyMeasure",
  "arguments": [

  ],
  "name_xml": "add_residential_dehumidifier",
  "uid": "3b675fc9-9e54-444b-a89b-faa97c24c38d",
  "version_id": "0740f9f8-0c53-4ead-aec2-d7dc6fa70ff4",
  "modeler_description": "This measure will add and configure a OS:ZoneHVAC:Dehumidifier:DX object to the model. Users will select a thermal zone for attaching the OS:ZoneHVAC:Dehumidifier:DX object to. The measure will check to see if an existing ZoneControl:Humidistat object is already assigned to the thermal zone.  If so, the measure will remove the existing ZoneControl:Humidistat object, then create and assign a new object having a setpoint of 60%RH (year round). Attributes of the Humidifier which are not user arguments will be set to EnergyPlus defaults.",
  "description": "This measure allows the user to add an OS:ZoneHVAC:Dehumidifier:DX object to their model. Users will select the thermal zone where the dehumidifier will be added. By default, the dehumidifier will be configured to be available to operate year round. If, at the time of measure execution, the selected zone contains additional conditioning equipment (Other OS:ZoneEquipment objects or is served by an existing OS:AirLoop object) the new dehumidifier will be placed at the position of lowest cooling priority for equipment staging. In accordance with the published 2014 Building America House Simulation Protocols document, the measure will remove any existing dehumidifying setpoint schedule associated with the zone and add a new one configured to the Relative Humidity level set by the user.  Users will provide the following input describing humidifier performance: 1) Location (Thermal Zone) 2) Rated Water Removal Rate (pints/day) 3) Rated Energy Factor  4) Rated Airflow Rate 5) Relative Humidity Setpoint. Default curves for water removal, energy factor and part load fraction correlations will be used.",
  "tags": [
    "HVAC.Cooling"
  ]
}