<measure>
  <schema_version>3.0</schema_version>
  <name>residential_pool_pump</name>
  <uid>b5648903-279f-4e58-9139-c44134c0cf76</uid>
  <version_id>06f34123-fad8-49e4-bbf6-9705f21e8469</version_id>
  <xml_checksum>126F1C43</xml_checksum>
  <class_name>ResidentialPoolPump</class_name>
  <display_name>Add/Replace Residential Pool Pump</display_name>
  <description>Adds (or replaces) a residential pool pump with the specified efficiency and schedule. The pool is assumed to be outdoors.</description>
  <modeler_description>Since there is no Pool Pump object in OpenStudio/EnergyPlus, we look for an ElectricEquipment object with the name that denotes it is a residential pool pump. If one is found, it is replaced with the specified properties. Otherwise, a new such object is added to the model.</modeler_description>
  <arguments>
    <argument>
      <name>base_energy</name>
      <display_name>Base Energy Use</display_name>
      <description>The national average (Building America Benchmark) energy use.</description>
      <type>Double</type>
      <units>kWh/yr</units>
      <required>true</required>
      <model_dependent>false</model_dependent>
      <default_value>2250</default_value>
    </argument>
    <argument>
      <name>mult</name>
      <display_name>Energy Multiplier</display_name>
      <description>Sets the annual energy use equal to the base energy use times this multiplier.</description>
      <type>Double</type>
      <required>true</required>
      <model_dependent>false</model_dependent>
      <default_value>1</default_value>
    </argument>
    <argument>
      <name>scale_energy</name>
      <display_name>Scale Energy Use</display_name>
      <description>If true, scales the energy use relative to a 3-bedroom, 1920 sqft house using the following equation: Fscale = (0.5 + 0.25 x Nbr/3 + 0.25 x FFA/1920) where Nbr is the number of bedrooms and FFA is the finished floor area.</description>
      <type>Boolean</type>
      <required>true</required>
      <model_dependent>false</model_dependent>
      <default_value>true</default_value>
      <choices>
        <choice>
          <value>true</value>
          <display_name>true</display_name>
        </choice>
        <choice>
          <value>false</value>
          <display_name>false</display_name>
        </choice>
      </choices>
    </argument>
    <argument>
      <name>weekday_sch</name>
      <display_name>Weekday schedule</display_name>
      <description>Specify the 24-hour weekday schedule.</description>
      <type>String</type>
      <required>true</required>
      <model_dependent>false</model_dependent>
      <default_value>0.003, 0.003, 0.003, 0.004, 0.008, 0.015, 0.026, 0.044, 0.084, 0.121, 0.127, 0.121, 0.120, 0.090, 0.075, 0.061, 0.037, 0.023, 0.013, 0.008, 0.004, 0.003, 0.003, 0.003</default_value>
    </argument>
    <argument>
      <name>weekend_sch</name>
      <display_name>Weekend schedule</display_name>
      <description>Specify the 24-hour weekend schedule.</description>
      <type>String</type>
      <required>true</required>
      <model_dependent>false</model_dependent>
      <default_value>0.003, 0.003, 0.003, 0.004, 0.008, 0.015, 0.026, 0.044, 0.084, 0.121, 0.127, 0.121, 0.120, 0.090, 0.075, 0.061, 0.037, 0.023, 0.013, 0.008, 0.004, 0.003, 0.003, 0.003</default_value>
    </argument>
    <argument>
      <name>monthly_sch</name>
      <display_name>Month schedule</display_name>
      <description>Specify the 12-month schedule.</description>
      <type>String</type>
      <required>true</required>
      <model_dependent>false</model_dependent>
      <default_value>1.154, 1.161, 1.013, 1.010, 1.013, 0.888, 0.883, 0.883, 0.888, 0.978, 0.974, 1.154</default_value>
    </argument>
    <argument>
      <name>living_space_type</name>
      <display_name>Living space type</display_name>
      <description>Select the living space type. The pool will be located outdoors, but the living space floor area is needed to scale energy use.</description>
      <type>Choice</type>
      <required>true</required>
      <model_dependent>false</model_dependent>
      <default_value>living</default_value>
      <choices>
        <choice>
          <value>living</value>
          <display_name>living</display_name>
        </choice>
      </choices>
    </argument>
    <argument>
      <name>fbasement_space_type</name>
      <display_name>Finished Basement space type</display_name>
      <description>Select the finished basement space type. The pool will be located outdoors, but the finished basement space floor area is needed to scale energy use.</description>
      <type>Choice</type>
      <required>true</required>
      <model_dependent>false</model_dependent>
      <default_value>finished basement</default_value>
      <choices>
        <choice>
          <value>finished basement</value>
          <display_name>finished basement</display_name>
        </choice>
      </choices>
    </argument>
  </arguments>
  <provenances/>
  <tags>
    <tag>Equipment.Electric Equipment</tag>
  </tags>
  <attributes>
    <attribute>
      <name>Measure Type</name>
      <value>ModelMeasure</value>
      <datatype>string</datatype>
    </attribute>
    <attribute>
      <name>Uses SketchUp API</name>
      <value>false</value>
      <datatype>boolean</datatype>
    </attribute>
  </attributes>
  <files>
    <file>
      <filename>ResidentialRefrigerator_Test.rb</filename>
      <filetype>rb</filetype>
      <usage_type>test</usage_type>
      <checksum>4BBF53E0</checksum>
    </file>
    <file>
      <filename>schedules.rb</filename>
      <filetype>rb</filetype>
      <usage_type>resource</usage_type>
      <checksum>FC574302</checksum>
    </file>
    <file>
      <filename>util.rb</filename>
      <filetype>rb</filetype>
      <usage_type>resource</usage_type>
      <checksum>913669E3</checksum>
    </file>
    <file>
      <version>
        <software_program>OpenStudio</software_program>
        <identifier>1.9.0</identifier>
        <min_compatible>1.9.0</min_compatible>
      </version>
      <filename>measure.rb</filename>
      <filetype>rb</filetype>
      <usage_type>script</usage_type>
      <checksum>F60FCB89</checksum>
    </file>
    <file>
      <filename>constants.rb</filename>
      <filetype>rb</filetype>
      <usage_type>resource</usage_type>
      <checksum>3E621BBD</checksum>
    </file>
  </files>
</measure>
