<measure>
  <schema_version>3.0</schema_version>
  <name>process_minisplit</name>
  <uid>257a8095-0b3d-4ac7-acf5-c537ecbaa945</uid>
  <version_id>a347f6ad-1fab-4f3e-8f55-f1956fe21a81</version_id>
  <version_modified>20160806T150905Z</version_modified>
  <xml_checksum>470FC630</xml_checksum>
  <class_name>ProcessMinisplit</class_name>
  <display_name>Set Residential Mini-Split Heat Pump</display_name>
  <description>This measure removes any existing HVAC cooling components (except electric baseboard) from the building and adds a mini-split heat pump.</description>
  <modeler_description>Any supply components or baseboard convective electrics/waters are removed from any existing air/plant loops or zones. Any existing air/plant loops are also removed. A heating DX coil, cooling DX coil, electric supplemental heating coil, and an on/off supply fan are added to a unitary air loop. The unitary air loop is added to the supply inlet node of the air loop. This air loop is added to a branch for the living zone. A diffuser is added to the branch for the living zone as well as for the finished basement if it exists.</modeler_description>
  <arguments>
    <argument>
      <name>miniSplitHPCoolingRatedSEER</name>
      <display_name>Rated SEER</display_name>
      <description>Seasonal Energy Efficiency Ratio (SEER) is a measure of equipment energy efficiency over the cooling season.</description>
      <type>Double</type>
      <units>Btu/W-h</units>
      <required>true</required>
      <model_dependent>false</model_dependent>
      <default_value>14.5</default_value>
    </argument>
    <argument>
      <name>miniSplitHPCoolingOversizeFactor</name>
      <display_name>Oversize Factor</display_name>
      <description>Used to scale the auto-sized cooling capacity.</description>
      <type>Double</type>
      <units>frac</units>
      <required>true</required>
      <model_dependent>false</model_dependent>
      <default_value>1</default_value>
    </argument>
    <argument>
      <name>miniSplitHPCoolingMinCapacity</name>
      <display_name>Minimum Cooling Capacity</display_name>
      <description>Minimum cooling capacity as a fraction of the nominal cooling capacity at rated conditions.</description>
      <type>Double</type>
      <units>frac</units>
      <required>true</required>
      <model_dependent>false</model_dependent>
      <default_value>0.4</default_value>
    </argument>
    <argument>
      <name>miniSplitHPCoolingMaxCapacity</name>
      <display_name>Maximum Cooling Capacity</display_name>
      <description>Maximum cooling capacity as a fraction of the nominal cooling capacity at rated conditions.</description>
      <type>Double</type>
      <units>frac</units>
      <required>true</required>
      <model_dependent>false</model_dependent>
      <default_value>1.2</default_value>
    </argument>
    <argument>
      <name>miniSplitHPRatedSHR</name>
      <display_name>Rated SHR</display_name>
      <description>The sensible heat ratio (ratio of the sensible portion of the load to the total load) at the nominal rated capacity.</description>
      <type>Double</type>
      <required>true</required>
      <model_dependent>false</model_dependent>
      <default_value>0.73</default_value>
    </argument>
    <argument>
      <name>miniSplitHPCoolingMinAirflow</name>
      <display_name>Minimum Cooling Airflow</display_name>
      <description>Minimum cooling cfm divided by the nominal rated cooling capacity.</description>
      <type>Double</type>
      <units>cfm/ton</units>
      <required>true</required>
      <model_dependent>false</model_dependent>
      <default_value>200</default_value>
    </argument>
    <argument>
      <name>miniSplitHPCoolingMaxAirflow</name>
      <display_name>Maximum Cooling Airflow</display_name>
      <description>Maximum cooling cfm divided by the nominal rated cooling capacity.</description>
      <type>Double</type>
      <units>cfm/ton</units>
      <required>true</required>
      <model_dependent>false</model_dependent>
      <default_value>425</default_value>
    </argument>
    <argument>
      <name>miniSplitHPHeatingRatedHSPF</name>
      <display_name>Rated HSPF</display_name>
      <description>The Heating Seasonal Performance Factor (HSPF) is a measure of a heat pump's energy efficiency over one heating season.</description>
      <type>Double</type>
      <units>Btu/W-h</units>
      <required>true</required>
      <model_dependent>false</model_dependent>
      <default_value>8.2</default_value>
    </argument>
    <argument>
      <name>miniSplitHPHeatingCapacityOffset</name>
      <display_name>Heating Capacity Offset</display_name>
      <description>The difference between the nominal rated heating capacity and the nominal rated cooling capacity.</description>
      <type>Double</type>
      <units>Btu/h</units>
      <required>true</required>
      <model_dependent>false</model_dependent>
      <default_value>2300</default_value>
    </argument>
    <argument>
      <name>miniSplitHPHeatingMinCapacity</name>
      <display_name>Minimum Heating Capacity</display_name>
      <description>Minimum heating capacity as a fraction of nominal heating capacity at rated conditions.</description>
      <type>Double</type>
      <units>frac</units>
      <required>true</required>
      <model_dependent>false</model_dependent>
      <default_value>0.3</default_value>
    </argument>
    <argument>
      <name>miniSplitHPHeatingMaxCapacity</name>
      <display_name>Maximum Heating Capacity</display_name>
      <description>Maximum heating capacity as a fraction of nominal heating capacity at rated conditions.</description>
      <type>Double</type>
      <units>frac</units>
      <required>true</required>
      <model_dependent>false</model_dependent>
      <default_value>1.2</default_value>
    </argument>
    <argument>
      <name>miniSplitHPHeatingMinAirflow</name>
      <display_name>Minimum Heating Airflow</display_name>
      <description>Minimum heating cfm divided by the nominal rated heating capacity.</description>
      <type>Double</type>
      <units>cfm/ton</units>
      <required>true</required>
      <model_dependent>false</model_dependent>
      <default_value>200</default_value>
    </argument>
    <argument>
      <name>miniSplitHPHeatingMaxAirflow</name>
      <display_name>Maximum Heating Airflow</display_name>
      <description>Maximum heating cfm divided by the nominal rated heating capacity.</description>
      <type>Double</type>
      <units>cfm/ton</units>
      <required>true</required>
      <model_dependent>false</model_dependent>
      <default_value>400</default_value>
    </argument>
    <argument>
      <name>miniSplitHPSupplyFanPower</name>
      <display_name>Supply Fan Power</display_name>
      <description>Fan power (in W) per delivered airflow rate (in cfm) of the fan.</description>
      <type>Double</type>
      <units>W/cfm</units>
      <required>true</required>
      <model_dependent>false</model_dependent>
      <default_value>0.07</default_value>
    </argument>
    <argument>
      <name>miniSplitHPMinT</name>
      <display_name>Min Temp</display_name>
      <description>Outdoor dry-bulb temperature below which compressor turns off.</description>
      <type>Double</type>
      <units>degrees F</units>
      <required>true</required>
      <model_dependent>false</model_dependent>
      <default_value>5</default_value>
    </argument>
    <argument>
      <name>miniSplitHPIsColdClimate</name>
      <display_name>Is Cold Climate</display_name>
      <description>Specifies whether the heat pump is a so called 'cold climate heat pump'.</description>
      <type>Boolean</type>
      <required>true</required>
      <model_dependent>false</model_dependent>
      <default_value>false</default_value>
      <choices>
        <choice>
          <value>true</value>
          <display_name>true</display_name>
        </choice>
        <choice>
          <value>false</value>
          <display_name>false</display_name>
        </choice>
      </choices>
    </argument>
    <argument>
      <name>miniSplitCoolingOutputCapacity</name>
      <display_name>Cooling Output Capacity</display_name>
      <type>Choice</type>
      <required>true</required>
      <model_dependent>false</model_dependent>
      <default_value>autosize</default_value>
      <choices>
        <choice>
          <value>autosize</value>
          <display_name>autosize</display_name>
        </choice>
        <choice>
          <value>0.5 tons</value>
          <display_name>0.5 tons</display_name>
        </choice>
        <choice>
          <value>1.0 tons</value>
          <display_name>1.0 tons</display_name>
        </choice>
        <choice>
          <value>1.5 tons</value>
          <display_name>1.5 tons</display_name>
        </choice>
        <choice>
          <value>2.0 tons</value>
          <display_name>2.0 tons</display_name>
        </choice>
        <choice>
          <value>2.5 tons</value>
          <display_name>2.5 tons</display_name>
        </choice>
        <choice>
          <value>3.0 tons</value>
          <display_name>3.0 tons</display_name>
        </choice>
        <choice>
          <value>3.5 tons</value>
          <display_name>3.5 tons</display_name>
        </choice>
        <choice>
          <value>4.0 tons</value>
          <display_name>4.0 tons</display_name>
        </choice>
        <choice>
          <value>4.5 tons</value>
          <display_name>4.5 tons</display_name>
        </choice>
        <choice>
          <value>5.0 tons</value>
          <display_name>5.0 tons</display_name>
        </choice>
        <choice>
          <value>5.5 tons</value>
          <display_name>5.5 tons</display_name>
        </choice>
        <choice>
          <value>6.0 tons</value>
          <display_name>6.0 tons</display_name>
        </choice>
        <choice>
          <value>6.5 tons</value>
          <display_name>6.5 tons</display_name>
        </choice>
        <choice>
          <value>7.0 tons</value>
          <display_name>7.0 tons</display_name>
        </choice>
        <choice>
          <value>7.5 tons</value>
          <display_name>7.5 tons</display_name>
        </choice>
        <choice>
          <value>8.0 tons</value>
          <display_name>8.0 tons</display_name>
        </choice>
        <choice>
          <value>8.5 tons</value>
          <display_name>8.5 tons</display_name>
        </choice>
        <choice>
          <value>9.0 tons</value>
          <display_name>9.0 tons</display_name>
        </choice>
        <choice>
          <value>9.5 tons</value>
          <display_name>9.5 tons</display_name>
        </choice>
        <choice>
          <value>10.0 tons</value>
          <display_name>10.0 tons</display_name>
        </choice>
      </choices>
    </argument>
    <argument>
      <name>miniSplitSupplementalHeatingOutputCapacity</name>
      <display_name>Supplemental Heating Output Capacity</display_name>
      <type>Choice</type>
      <required>true</required>
      <model_dependent>false</model_dependent>
      <default_value>autosize</default_value>
      <choices>
        <choice>
          <value>NO SUPP HEAT</value>
          <display_name>NO SUPP HEAT</display_name>
        </choice>
        <choice>
          <value>autosize</value>
          <display_name>autosize</display_name>
        </choice>
        <choice>
          <value>5 kBtu/hr</value>
          <display_name>5 kBtu/hr</display_name>
        </choice>
        <choice>
          <value>10 kBtu/hr</value>
          <display_name>10 kBtu/hr</display_name>
        </choice>
        <choice>
          <value>15 kBtu/hr</value>
          <display_name>15 kBtu/hr</display_name>
        </choice>
        <choice>
          <value>20 kBtu/hr</value>
          <display_name>20 kBtu/hr</display_name>
        </choice>
        <choice>
          <value>25 kBtu/hr</value>
          <display_name>25 kBtu/hr</display_name>
        </choice>
        <choice>
          <value>30 kBtu/hr</value>
          <display_name>30 kBtu/hr</display_name>
        </choice>
        <choice>
          <value>35 kBtu/hr</value>
          <display_name>35 kBtu/hr</display_name>
        </choice>
        <choice>
          <value>40 kBtu/hr</value>
          <display_name>40 kBtu/hr</display_name>
        </choice>
        <choice>
          <value>45 kBtu/hr</value>
          <display_name>45 kBtu/hr</display_name>
        </choice>
        <choice>
          <value>50 kBtu/hr</value>
          <display_name>50 kBtu/hr</display_name>
        </choice>
        <choice>
          <value>55 kBtu/hr</value>
          <display_name>55 kBtu/hr</display_name>
        </choice>
        <choice>
          <value>60 kBtu/hr</value>
          <display_name>60 kBtu/hr</display_name>
        </choice>
        <choice>
          <value>65 kBtu/hr</value>
          <display_name>65 kBtu/hr</display_name>
        </choice>
        <choice>
          <value>70 kBtu/hr</value>
          <display_name>70 kBtu/hr</display_name>
        </choice>
        <choice>
          <value>75 kBtu/hr</value>
          <display_name>75 kBtu/hr</display_name>
        </choice>
        <choice>
          <value>80 kBtu/hr</value>
          <display_name>80 kBtu/hr</display_name>
        </choice>
        <choice>
          <value>85 kBtu/hr</value>
          <display_name>85 kBtu/hr</display_name>
        </choice>
        <choice>
          <value>90 kBtu/hr</value>
          <display_name>90 kBtu/hr</display_name>
        </choice>
        <choice>
          <value>95 kBtu/hr</value>
          <display_name>95 kBtu/hr</display_name>
        </choice>
        <choice>
          <value>100 kBtu/hr</value>
          <display_name>100 kBtu/hr</display_name>
        </choice>
        <choice>
          <value>105 kBtu/hr</value>
          <display_name>105 kBtu/hr</display_name>
        </choice>
        <choice>
          <value>110 kBtu/hr</value>
          <display_name>110 kBtu/hr</display_name>
        </choice>
        <choice>
          <value>115 kBtu/hr</value>
          <display_name>115 kBtu/hr</display_name>
        </choice>
        <choice>
          <value>120 kBtu/hr</value>
          <display_name>120 kBtu/hr</display_name>
        </choice>
        <choice>
          <value>125 kBtu/hr</value>
          <display_name>125 kBtu/hr</display_name>
        </choice>
        <choice>
          <value>130 kBtu/hr</value>
          <display_name>130 kBtu/hr</display_name>
        </choice>
        <choice>
          <value>135 kBtu/hr</value>
          <display_name>135 kBtu/hr</display_name>
        </choice>
        <choice>
          <value>140 kBtu/hr</value>
          <display_name>140 kBtu/hr</display_name>
        </choice>
        <choice>
          <value>145 kBtu/hr</value>
          <display_name>145 kBtu/hr</display_name>
        </choice>
        <choice>
          <value>150 kBtu/hr</value>
          <display_name>150 kBtu/hr</display_name>
        </choice>
      </choices>
    </argument>
  </arguments>
  <provenances/>
  <tags>
    <tag>HVAC.Heating</tag>
  </tags>
  <attributes>
    <attribute>
      <name>Measure Type</name>
      <value>ModelMeasure</value>
      <datatype>string</datatype>
    </attribute>
    <attribute>
      <name>Intended Software Tool</name>
      <value>Apply Measure Now</value>
      <datatype>string</datatype>
    </attribute>
    <attribute>
      <name>Intended Software Tool</name>
      <value>OpenStudio Application</value>
      <datatype>string</datatype>
    </attribute>
    <attribute>
      <name>Intended Software Tool</name>
      <value>Parametric Analysis Tool</value>
      <datatype>string</datatype>
    </attribute>
  </attributes>
  <files>
    <file>
      <filename>unit_conversions.rb</filename>
      <filetype>rb</filetype>
      <usage_type>resource</usage_type>
      <checksum>DCBEF242</checksum>
    </file>
    <file>
      <filename>psychrometrics.rb</filename>
      <filetype>rb</filetype>
      <usage_type>resource</usage_type>
      <checksum>640596F1</checksum>
    </file>
    <file>
      <filename>geometry.rb</filename>
      <filetype>rb</filetype>
      <usage_type>resource</usage_type>
      <checksum>2285CA0B</checksum>
    </file>
    <file>
      <filename>default_geometry_location.osm</filename>
      <filetype>osm</filetype>
      <usage_type>test</usage_type>
      <checksum>F80B0C46</checksum>
    </file>
    <file>
      <filename>finished_basement_geometry_location.osm</filename>
      <filetype>osm</filetype>
      <usage_type>test</usage_type>
      <checksum>6718C36A</checksum>
    </file>
    <file>
      <filename>USA_CO_Denver_Intl_AP_725650_TMY3.ddy</filename>
      <filetype>ddy</filetype>
      <usage_type>test</usage_type>
      <checksum>FB253570</checksum>
    </file>
    <file>
      <filename>USA_CO_Denver_Intl_AP_725650_TMY3.epw</filename>
      <filetype>epw</filetype>
      <usage_type>test</usage_type>
      <checksum>E23378AA</checksum>
    </file>
    <file>
      <filename>process_minisplit_heat_pump_test.rb</filename>
      <filetype>rb</filetype>
      <usage_type>test</usage_type>
      <checksum>B5244A72</checksum>
    </file>
    <file>
      <filename>default_geometry_location_ashp.osm</filename>
      <filetype>osm</filetype>
      <usage_type>test</usage_type>
      <checksum>D0C604FF</checksum>
    </file>
    <file>
      <filename>default_geometry_location_boiler.osm</filename>
      <filetype>osm</filetype>
      <usage_type>test</usage_type>
      <checksum>02654FDB</checksum>
    </file>
    <file>
      <filename>default_geometry_location_boiler_central_air_conditioner.osm</filename>
      <filetype>osm</filetype>
      <usage_type>test</usage_type>
      <checksum>E4A9CF35</checksum>
    </file>
    <file>
      <filename>default_geometry_location_boiler_room_air_conditioner.osm</filename>
      <filetype>osm</filetype>
      <usage_type>test</usage_type>
      <checksum>81BEFC08</checksum>
    </file>
    <file>
      <filename>default_geometry_location_central_air_conditioner.osm</filename>
      <filetype>osm</filetype>
      <usage_type>test</usage_type>
      <checksum>C0A4D94B</checksum>
    </file>
    <file>
      <filename>default_geometry_location_electric_baseboard.osm</filename>
      <filetype>osm</filetype>
      <usage_type>test</usage_type>
      <checksum>545514EB</checksum>
    </file>
    <file>
      <filename>default_geometry_location_electric_baseboard_central_air_conditioner.osm</filename>
      <filetype>osm</filetype>
      <usage_type>test</usage_type>
      <checksum>D65526A2</checksum>
    </file>
    <file>
      <filename>default_geometry_location_electric_baseboard_room_air_conditioner.osm</filename>
      <filetype>osm</filetype>
      <usage_type>test</usage_type>
      <checksum>E9A8077E</checksum>
    </file>
    <file>
      <filename>default_geometry_location_furnace.osm</filename>
      <filetype>osm</filetype>
      <usage_type>test</usage_type>
      <checksum>E934FD35</checksum>
    </file>
    <file>
      <filename>default_geometry_location_furnace_central_air_conditioner.osm</filename>
      <filetype>osm</filetype>
      <usage_type>test</usage_type>
      <checksum>F20181E3</checksum>
    </file>
    <file>
      <filename>default_geometry_location_furnace_room_air_conditioner.osm</filename>
      <filetype>osm</filetype>
      <usage_type>test</usage_type>
      <checksum>6DBE40A3</checksum>
    </file>
    <file>
      <filename>default_geometry_location_mshp.osm</filename>
      <filetype>osm</filetype>
      <usage_type>test</usage_type>
      <checksum>E6DC2842</checksum>
    </file>
    <file>
      <filename>default_geometry_location_room_air_conditioner.osm</filename>
      <filetype>osm</filetype>
      <usage_type>test</usage_type>
      <checksum>8929A3ED</checksum>
    </file>
    <file>
      <version>
        <software_program>OpenStudio</software_program>
        <identifier>1.10.0</identifier>
        <min_compatible>1.10.0</min_compatible>
      </version>
      <filename>measure.rb</filename>
      <filetype>rb</filetype>
      <usage_type>script</usage_type>
      <checksum>3A967C08</checksum>
    </file>
    <file>
      <filename>util.rb</filename>
      <filetype>rb</filetype>
      <usage_type>resource</usage_type>
      <checksum>2792E40D</checksum>
    </file>
    <file>
      <filename>constants.rb</filename>
      <filetype>rb</filetype>
      <usage_type>resource</usage_type>
      <checksum>1AB9292D</checksum>
    </file>
  </files>
</measure>
