<measure>
  <schema_version>3.0</schema_version>
  <name>process_heating_setpoints</name>
  <uid>2b167665-f760-462d-8c9d-1d909da7b628</uid>
  <version_id>efae9e3d-f091-4a41-95da-8408aeccb1f5</version_id>
  <version_modified>20160803T174112Z</version_modified>
  <xml_checksum>2C877DEB</xml_checksum>
  <class_name>ProcessHeatingSetpoints</class_name>
  <display_name>Set Residential Heating Setpoints and Schedules</display_name>
  <description>This measure creates the heating season schedules based on weather data, and the heating setpoint schedules.</description>
  <modeler_description>This measure creates residential heating season ruleset objects. Schedule values are populated based on information contained in the EPW file. This measure also creates residential heating setpoint ruleset objects. Schedule values are populated based on information input by the user as well as contained in the residential heating season. The heating setpoint schedules are added to the living zone's thermostat.</modeler_description>
  <arguments>
    <argument>
      <name>htg_wkdy</name>
      <display_name>Weekday Setpoint</display_name>
      <description>Specify a single heating setpoint or a 24-hour heating schedule for the weekdays.</description>
      <type>String</type>
      <units>degrees F</units>
      <required>false</required>
      <model_dependent>false</model_dependent>
      <default_value>71</default_value>
    </argument>
    <argument>
      <name>htg_wked</name>
      <display_name>Weekend Setpoint</display_name>
      <description>Specify a single heating setpoint or a 24-hour heating schedule for the weekend.</description>
      <type>String</type>
      <units>degrees F</units>
      <required>false</required>
      <model_dependent>false</model_dependent>
      <default_value>71</default_value>
    </argument>
  </arguments>
  <provenances/>
  <tags>
    <tag>HVAC.HVAC Controls</tag>
  </tags>
  <attributes>
    <attribute>
      <name>Measure Type</name>
      <value>ModelMeasure</value>
      <datatype>string</datatype>
    </attribute>
    <attribute>
      <name>Uses SketchUp API</name>
      <value>false</value>
      <datatype>boolean</datatype>
    </attribute>
  </attributes>
  <files>
    <file>
      <filename>unit_conversions.rb</filename>
      <filetype>rb</filetype>
      <usage_type>resource</usage_type>
      <checksum>DCBEF242</checksum>
    </file>
    <file>
      <filename>psychrometrics.rb</filename>
      <filetype>rb</filetype>
      <usage_type>resource</usage_type>
      <checksum>640596F1</checksum>
    </file>
    <file>
      <filename>geometry.rb</filename>
      <filetype>rb</filetype>
      <usage_type>resource</usage_type>
      <checksum>2285CA0B</checksum>
    </file>
    <file>
      <filename>schedules.rb</filename>
      <filetype>rb</filetype>
      <usage_type>resource</usage_type>
      <checksum>796FFBD4</checksum>
    </file>
    <file>
      <filename>default_geometry.osm</filename>
      <filetype>osm</filetype>
      <usage_type>test</usage_type>
      <checksum>1C7BECC6</checksum>
    </file>
    <file>
      <filename>USA_CO_Denver_Intl_AP_725650_TMY3.ddy</filename>
      <filetype>ddy</filetype>
      <usage_type>test</usage_type>
      <checksum>FB253570</checksum>
    </file>
    <file>
      <filename>USA_CO_Denver_Intl_AP_725650_TMY3.epw</filename>
      <filetype>epw</filetype>
      <usage_type>test</usage_type>
      <checksum>E23378AA</checksum>
    </file>
    <file>
      <filename>default_geometry_location.osm</filename>
      <filetype>osm</filetype>
      <usage_type>test</usage_type>
      <checksum>F80B0C46</checksum>
    </file>
    <file>
      <filename>default_geometry_location_ashp.osm</filename>
      <filetype>osm</filetype>
      <usage_type>test</usage_type>
      <checksum>00151330</checksum>
    </file>
    <file>
      <filename>default_geometry_location_central_air_conditioner_and_furnace_with_cooling_setpoints.osm</filename>
      <filetype>osm</filetype>
      <usage_type>test</usage_type>
      <checksum>752E60CE</checksum>
    </file>
    <file>
      <filename>default_geometry_location_furnace.osm</filename>
      <filetype>osm</filetype>
      <usage_type>test</usage_type>
      <checksum>3D2EACDF</checksum>
    </file>
    <file>
      <filename>weather.rb</filename>
      <filetype>rb</filetype>
      <usage_type>resource</usage_type>
      <checksum>129640D9</checksum>
    </file>
    <file>
      <filename>process_heating_setpoints_test.rb</filename>
      <filetype>rb</filetype>
      <usage_type>test</usage_type>
      <checksum>95878560</checksum>
    </file>
    <file>
      <filename>constants.rb</filename>
      <filetype>rb</filetype>
      <usage_type>resource</usage_type>
      <checksum>5DD91978</checksum>
    </file>
    <file>
      <version>
        <software_program>OpenStudio</software_program>
        <identifier>1.4.0</identifier>
        <min_compatible>1.4.0</min_compatible>
      </version>
      <filename>measure.rb</filename>
      <filetype>rb</filetype>
      <usage_type>script</usage_type>
      <checksum>71290B47</checksum>
    </file>
    <file>
      <filename>util.rb</filename>
      <filetype>rb</filetype>
      <usage_type>resource</usage_type>
      <checksum>2792E40D</checksum>
    </file>
    <file>
      <filename>default_geometry_location_mshp.osm</filename>
      <filetype>osm</filetype>
      <usage_type>test</usage_type>
      <checksum>1F6845CC</checksum>
    </file>
  </files>
</measure>
