<measure>
  <schema_version>3.0</schema_version>
  <name>add_residential_bedrooms_and_bathrooms</name>
  <uid>fbcd41af-eace-4695-a5a4-b017acfe1f99</uid>
  <version_id>a71d43c6-027c-4dc8-b1d2-b2b2da7a1fd3</version_id>
  <version_modified>20160520T154854Z</version_modified>
  <xml_checksum>57232789</xml_checksum>
  <class_name>AddResidentialBedroomsAndBathrooms</class_name>
  <display_name>Set Residential Number of Beds, Baths, and Occupants</display_name>
  <description>Sets the number of bedrooms and bathrooms in the building as well as the number/schedule of occupants.</description>
  <modeler_description>Sets (or replaces) dummy ElectricEquipment objects that store the number of bedrooms and bathrooms associated with the model. Also sets the People object for each finished space in the model.</modeler_description>
  <arguments>
    <argument>
      <name>Num_Br</name>
      <display_name>Number of Bedrooms</display_name>
      <description>Used to determine the energy usage of appliances and plug loads, hot water usage, mechanical ventilation rate, etc.</description>
      <type>Choice</type>
      <required>true</required>
      <model_dependent>false</model_dependent>
      <default_value>3</default_value>
      <choices>
        <choice>
          <value>1</value>
          <display_name>1</display_name>
        </choice>
        <choice>
          <value>2</value>
          <display_name>2</display_name>
        </choice>
        <choice>
          <value>3</value>
          <display_name>3</display_name>
        </choice>
        <choice>
          <value>4</value>
          <display_name>4</display_name>
        </choice>
        <choice>
          <value>5+</value>
          <display_name>5+</display_name>
        </choice>
      </choices>
    </argument>
    <argument>
      <name>Num_Ba</name>
      <display_name>Number of Bathrooms</display_name>
      <description>Used to determine the hot water usage, etc.</description>
      <type>Choice</type>
      <required>true</required>
      <model_dependent>false</model_dependent>
      <default_value>2</default_value>
      <choices>
        <choice>
          <value>1</value>
          <display_name>1</display_name>
        </choice>
        <choice>
          <value>1.5</value>
          <display_name>1.5</display_name>
        </choice>
        <choice>
          <value>2</value>
          <display_name>2</display_name>
        </choice>
        <choice>
          <value>2.5</value>
          <display_name>2.5</display_name>
        </choice>
        <choice>
          <value>3+</value>
          <display_name>3+</display_name>
        </choice>
      </choices>
    </argument>
    <argument>
      <name>occupants</name>
      <display_name>Number of Occupants</display_name>
      <description>Use 'auto' to calculate the average number of occupants from the number of bedrooms. Only used to specify the internal gains from people.</description>
      <type>String</type>
      <required>false</required>
      <model_dependent>false</model_dependent>
      <default_value>auto</default_value>
    </argument>
    <argument>
      <name>weekday_sch</name>
      <display_name>Weekday schedule</display_name>
      <description>Specify the 24-hour weekday schedule.</description>
      <type>String</type>
      <required>true</required>
      <model_dependent>false</model_dependent>
      <default_value>1.00000, 1.00000, 1.00000, 1.00000, 1.00000, 1.00000, 1.00000, 0.88310, 0.40861, 0.24189, 0.24189, 0.24189, 0.24189, 0.24189, 0.24189, 0.24189, 0.29498, 0.55310, 0.89693, 0.89693, 0.89693, 1.00000, 1.00000, 1.00000</default_value>
    </argument>
    <argument>
      <name>weekend_sch</name>
      <display_name>Weekend schedule</display_name>
      <description>Specify the 24-hour weekend schedule.</description>
      <type>String</type>
      <required>true</required>
      <model_dependent>false</model_dependent>
      <default_value>1.00000, 1.00000, 1.00000, 1.00000, 1.00000, 1.00000, 1.00000, 0.88310, 0.40861, 0.24189, 0.24189, 0.24189, 0.24189, 0.24189, 0.24189, 0.24189, 0.29498, 0.55310, 0.89693, 0.89693, 0.89693, 1.00000, 1.00000, 1.00000</default_value>
    </argument>
    <argument>
      <name>monthly_sch</name>
      <display_name>Month schedule</display_name>
      <description>Specify the 12-month schedule.</description>
      <type>String</type>
      <required>true</required>
      <model_dependent>false</model_dependent>
      <default_value>1.0, 1.0, 1.0, 1.0, 1.0, 1.0, 1.0, 1.0, 1.0, 1.0, 1.0, 1.0</default_value>
    </argument>
  </arguments>
  <provenances/>
  <tags>
    <tag>People.Characteristics</tag>
  </tags>
  <attributes>
    <attribute>
      <name>Measure Type</name>
      <value>ModelMeasure</value>
      <datatype>string</datatype>
    </attribute>
    <attribute>
      <name>Intended Software Tool</name>
      <value>Apply Measure Now</value>
      <datatype>string</datatype>
    </attribute>
    <attribute>
      <name>Intended Software Tool</name>
      <value>OpenStudio Application</value>
      <datatype>string</datatype>
    </attribute>
    <attribute>
      <name>Intended Software Tool</name>
      <value>Parametric Analysis Tool</value>
      <datatype>string</datatype>
    </attribute>
  </attributes>
  <files>
    <file>
      <filename>add_residential_bedrooms_and_bathrooms_test.rb</filename>
      <filetype>rb</filetype>
      <usage_type>test</usage_type>
      <checksum>83A1F0F8</checksum>
    </file>
    <file>
      <filename>example_model.osm</filename>
      <filetype>osm</filetype>
      <usage_type>test</usage_type>
      <checksum>C4F35230</checksum>
    </file>
    <file>
      <filename>util.rb</filename>
      <filetype>rb</filetype>
      <usage_type>resource</usage_type>
      <checksum>D4E9327D</checksum>
    </file>
    <file>
      <filename>geometry.rb</filename>
      <filetype>rb</filetype>
      <usage_type>resource</usage_type>
      <checksum>0A49920B</checksum>
    </file>
    <file>
      <version>
        <software_program>OpenStudio</software_program>
        <identifier>1.9.0</identifier>
        <min_compatible>1.9.0</min_compatible>
      </version>
      <filename>measure.rb</filename>
      <filetype>rb</filetype>
      <usage_type>script</usage_type>
      <checksum>980EC899</checksum>
    </file>
    <file>
      <filename>schedules.rb</filename>
      <filetype>rb</filetype>
      <usage_type>resource</usage_type>
      <checksum>056321B5</checksum>
    </file>
    <file>
      <filename>constants.rb</filename>
      <filetype>rb</filetype>
      <usage_type>resource</usage_type>
      <checksum>2D59FB8C</checksum>
    </file>
  </files>
</measure>
